=== cube: frames=36 step=10.0 dim=512 tiling=optimal band=0.50 NEGATIVE CONTROL: pipeline depth test off ===
WARNING: panvk is not a conformant Vulkan implementation, testing use only.
MESA: error: kbase: MEM_ALLOC req: va_pages=32768 commit_pages=0 extension=512 flags=0x2a0f kmod_flags=0x2
MESA: error: kbase: MEM_ALLOC req: va_pages=35157 commit_pages=0 extension=512 flags=0x2a0f kmod_flags=0x6
MESA: error: kbase: MEM_ALLOC req: va_pages=1 commit_pages=1 extension=0 flags=0x380f kmod_flags=0x40
MESA: error: kbase: MEM_ALLOC req: va_pages=4 commit_pages=4 extension=0 flags=0x280f kmod_flags=0x0
MESA: error: kbase: MEM_ALLOC req: va_pages=260 commit_pages=260 extension=0 flags=0x280f kmod_flags=0x0
[PANVK_DEBUG_BIND] image plane bind (non-sparse) base=0x782acfc000 (mem->addr.dev=0x782acfc000 offset=0)
MESA: error: kbase: MEM_ALLOC req: va_pages=4 commit_pages=4 extension=0 flags=0x380f kmod_flags=0x40
MESA: error: kbase: MEM_ALLOC req: va_pages=260 commit_pages=260 extension=0 flags=0x280f kmod_flags=0x0
[PANVK_DEBUG_BIND] image plane bind (non-sparse) base=0x782abf8000 (mem->addr.dev=0x782abf8000 offset=0)
MESA: error: kbase: MEM_ALLOC req: va_pages=1 commit_pages=1 extension=0 flags=0x280f kmod_flags=0x0
MESA: error: kbase: MEM_ALLOC req: va_pages=256 commit_pages=256 extension=0 flags=0x280f kmod_flags=0x0
MESA: error: kbase: MEM_ALLOC req: va_pages=4 commit_pages=4 extension=0 flags=0x1817 kmod_flags=0x41
[PANVK_DEBUG_SHADERBIN] stage=VERTEX bin_size=512 bytes:
  7c 7d 00 22 06 80 66 00 95 00 00 00 00 c3 91 08
  91 02 43 00 00 c3 b2 00 94 00 00 00 00 c4 91 00
  90 02 44 00 00 c4 b2 00 93 00 00 00 00 c5 91 00
  8f 02 45 00 00 c5 b2 00 92 00 00 00 00 c6 91 00
  8e 42 46 00 00 c2 b2 00 7b 0d 00 40 04 86 5e 00
  8d 01 43 00 00 c3 b2 00 8c 01 44 00 00 c4 b2 00
  8b 01 45 00 00 c5 b2 00 8a 41 42 00 00 c1 b2 00
  89 00 43 00 00 c2 b2 00 88 00 44 00 00 c3 b2 00
  87 00 45 00 00 c4 b2 00 86 40 41 00 00 c0 b2 00
  42 00 00 00 00 c1 9c 00 41 96 03 00 00 c1 a4 00
  41 97 02 00 00 c1 a4 00 43 01 c0 00 04 c2 b2 00
  85 00 00 00 00 c3 91 00 42 82 43 00 00 c2 b2 00
  44 01 c0 00 04 c3 b2 00 84 00 00 00 00 c4 91 00
  43 81 44 00 00 c3 b2 00 40 01 c0 00 04 c0 b2 00
  83 00 00 00 00 c4 91 00 40 80 44 00 00 c0 b2 00
  40 00 00 00 00 c8 91 00 43 00 00 00 00 c9 91 00
  42 00 00 00 00 ca 91 00 41 00 00 00 00 cb 91 10
  46 00 00 00 00 c0 91 00 47 00 00 00 00 c1 91 00
  40 00 00 b9 08 48 61 78 00 00 00 00 00 00 00 00
  00 00 00 00 00 00 00 00 00 00 00 00 00 00 00 00
  00 00 00 00 00 00 00 00 00 00 00 00 00 00 00 00
  00 00 00 00 00 00 00 00 00 00 00 00 00 00 00 00
  00 00 00 00 00 00 00 00 00 00 00 00 00 00 00 00
  00 00 00 00 00 00 00 00 00 00 00 00 00 00 00 00
  7b 0d 00 00 04 80 5e 00 7c 7d 10 62 06 82 66 18
  40 00 00 b2 06 42 61 78 00 00 00 00 00 00 00 00
  00 00 00 00 00 00 00 00 00 00 00 00 00 00 00 00
  00 00 00 00 00 00 00 00 00 00 00 00 00 00 00 00
  00 00 00 00 00 00 00 00 00 00 00 00 00 00 00 00
  00 00 00 00 00 00 00 00 00 00 00 00 00 00 00 00
  00 00 00 00 00 00 00 00 00 00 00 00 00 00 00 00
  00 00 00 00 00 00 00 00 00 00 00 00 00 00 00 00
[PANVK_DEBUG_SHADERBIN] stage=FRAGMENT bin_size=128 bytes:
  00 00 00 00 00 c0 00 40 7c d0 ea 00 02 bc 7d 08
  7d 00 00 22 06 80 5c 68 d0 00 00 00 00 c3 91 48
  84 00 3c 72 08 40 7f 78 c0 00 00 00 00 f0 10 01
  c0 85 00 00 10 c1 2f 00 00 00 00 00 00 00 00 00
  00 00 00 00 00 00 00 00 00 00 00 00 00 00 00 00
  00 00 00 00 00 00 00 00 00 00 00 00 00 00 00 00
  00 00 00 00 00 00 00 00 00 00 00 00 00 00 00 00
  00 00 00 00 00 00 00 00 00 00 00 00 00 00 00 00
MESA: error: kbase: MEM_ALLOC req: va_pages=16 commit_pages=16 extension=0 flags=0x380f kmod_flags=0x40
MESA: error: kbase: MEM_ALLOC req: va_pages=16 commit_pages=16 extension=0 flags=0x380f kmod_flags=0x40
[PANVK_DEBUG_BLEND] rt=0 color_write_enables=0xff fmt=37 write_mask=0xf
[PANVK_DEBUG_BLENDFIX] blend_ptr.gpu=0x7acedfd440 bd_count=1 state.blend_descs[0]=0xed00000000019
[PANVK_DEBUG_VP] VkViewport: w=512.000000 h=512.000000 x=0.000000 y=0.000000
[PANVK_DEBUG_VP] computed scale: x=256.000000 y=256.000000
[PANVK_DEBUG_VP] computed offset: x=256.000000 y=256.000000
[PANVK_DEBUG_VSFAU] gpu=0x7acedfd450 count=12 bytes=96: 00 00 80 43 00 00 80 43 00 00 80 3f 00 00 80 43 00 00 80 43 00 00 00 00 d7 b3 dd 3f 00 00 00 00 00 00 00 00 00 00 00 00 00 00 00 00 d7 b3 dd 3f 00 00 00 00 00 00 00 00 00 00 00 00 00 00 00 00 e4 38 8e 3f 00 00 80 3f 00 00 00 00 00 00 00 00 e4 38 8e 40 00 00 a0 40 00 00 00 c7 00 00 00 47
[PANVK_DEBUG_FSFAU] gpu=0x7acedfd4b0 count=3 bytes=24: 00 00 00 00 00 00 00 00 00 00 00 00 00 00 00 00 19 00 00 00 00 d0 0e 00
[PANVK_DEBUG_TILERCTX] 192 byte Tiler Context desc: 00 00 00 00 00 00 00 00 ff 00 04 00 ff 01 ff 01 00 00 00 00 00 00 00 00 e0 d4 df ce 7a 00 00 00 00 00 00 00 00 00 00 00 00 00 00 00 00 00 00 00 00 00 00 00 00 00 00 00 00 00 00 00 00 00 00 00 00 00 00 00 00 00 00 00 00 00 00 00 00 00 00 00 00 00 00 00 00 00 00 00 00 00 00 00 00 00 00 00 00 00 00 00 00 00 00 00 00 00 00 00 00 00 00 00 00 00 00 00 00 00 00 00 00 00 00 00 00 00 00 00 00 00 00 00 00 00 00 00 00 00 00 00 00 00 00 00 00 00 00 00 00 00 00 00 00 00 00 00 00 00 00 00 00 00 00 00 00 00 00 00 00 00 00 00 00 00 00 00 00 00 00 00 00 00 00 00 00 00 00 00 00 00 00 00
[PANVK_DEBUG_TILERHEAP] 32 byte Tiler Heap desc: 29 03 00 00 00 00 00 08 00 00 80 33 78 00 00 00 00 00 80 33 78 00 00 00 00 00 80 3b 78 00 00 00
[PANVK_DEBUG_FLAGS1] sample_mask=0xffff render_target_mask=0x1 bound_attachments=0x101
[PANVK_DEBUG_DS] 32 byte Depth/stencil desc: 07 00 00 00 00 00 00 00 00 00 00 00 00 00 00 00 00 00 c0 e4 00 00 00 00 00 00 00 00 00 00 00 00
[PANVK_DEBUG_BLENDRAW] 16 byte Blend desc(s): 00 0a 00 00 22 21 12 f0 19 00 00 00 00 d0 0e 00
[PANVK_DEBUG_MVJ] sesudah pan_jc_add_job gpu=0x7acedfd600 header: type=11 (MALLOC_VERTEX == BENAR) index=1 dep1=0 dep2=0
[PANVK_DEBUG_MVJ] dump 384 byte job descriptor:
[PANVK_DEBUG_MVJ] +000: 00 00 00 00 00 00 00 00 00 00 00 00 00 00 00 00
[PANVK_DEBUG_MVJ] +016: 16 00 01 00 00 00 00 00 00 00 00 00 00 00 00 00
[PANVK_DEBUG_MVJ] +032: 08 80 07 00 00 00 00 00 00 00 00 00 24 00 00 00
[PANVK_DEBUG_MVJ] +048: 01 00 00 00 1c 00 0c 00 00 d5 df ce 7a 00 00 00
[PANVK_DEBUG_MVJ] +064: 00 00 00 00 00 00 00 00 00 00 00 00 00 00 00 00
[PANVK_DEBUG_MVJ] +080: 00 00 00 00 00 00 00 00 00 00 00 00 00 00 00 00
[PANVK_DEBUG_MVJ] +096: 00 00 00 00 00 00 00 00 00 00 00 00 ff 01 ff 01
[PANVK_DEBUG_MVJ] +112: 00 00 80 3f 00 00 00 00 00 00 00 00 00 00 00 00
[PANVK_DEBUG_MVJ] +128: 00 00 81 00 ff ff 01 00 01 00 00 00 00 00 00 00
[PANVK_DEBUG_MVJ] +144: 00 00 00 00 00 00 00 00 00 00 00 00 00 00 80 3f
[PANVK_DEBUG_MVJ] +160: 00 00 00 00 00 00 00 00 80 d7 df ce 7a 00 00 00
[PANVK_DEBUG_MVJ] +176: 41 d4 df ce 7a 00 00 00 00 00 00 00 00 00 00 00
[PANVK_DEBUG_MVJ] +192: 00 00 00 00 03 00 00 00 00 00 00 00 00 00 00 00
[PANVK_DEBUG_MVJ] +208: 00 00 00 00 00 00 00 00 00 00 00 00 00 00 00 00
[PANVK_DEBUG_MVJ] +224: 04 d4 df ce 7a 00 00 00 40 c1 ed ce 7a 00 00 00
[PANVK_DEBUG_MVJ] +240: 00 d1 df ce 7a 00 00 00 b0 d4 df ce 7a 00 00 00
[PANVK_DEBUG_MVJ] +256: 00 00 00 00 0c 00 00 00 00 00 00 00 00 00 00 00
[PANVK_DEBUG_MVJ] +272: 00 00 00 00 00 00 00 00 00 00 00 00 00 00 00 00
[PANVK_DEBUG_MVJ] +288: 84 d3 df ce 7a 00 00 00 c0 c0 ed ce 7a 00 00 00
[PANVK_DEBUG_MVJ] +304: 00 d1 df ce 7a 00 00 00 50 d4 df ce 7a 00 00 00
[PANVK_DEBUG_MVJ] +320: 00 00 00 00 0c 00 00 00 00 00 00 00 00 00 00 00
[PANVK_DEBUG_MVJ] +336: 00 00 00 00 00 00 00 00 00 00 00 00 00 00 00 00
[PANVK_DEBUG_MVJ] +352: 84 d3 df ce 7a 00 00 00 00 c1 ed ce 7a 00 00 00
[PANVK_DEBUG_MVJ] +368: 00 d1 df ce 7a 00 00 00 50 d4 df ce 7a 00 00 00
[PANVK_DEBUG_MVJ] jc state: first_job=0x7acedfd600 job_index=1 tiler_dep=1
[PANVK_DEBUG_RTFMT] rt=0 fmt=84 rt_count=1
[PANVK_DEBUG_FBD] gpu=0x7acedfd000 size=256\n[PANVK_DEBUG_FBD] +000: 00 00 00 00 00 00 00 00 00 00 00 00 00 00 00 00\n[PANVK_DEBUG_FBD] +016: 00 f0 41 d0 7a 00 00 00 00 00 00 00 00 00 00 00\n[PANVK_DEBUG_FBD] +032: ff 01 ff 01 00 00 00 00 ff 01 ff 01 80 50 00 01\n[PANVK_DEBUG_FBD] +048: 00 00 22 00 00 00 80 3f 00 d5 df ce 7a 00 00 00\n[PANVK_DEBUG_FBD] +064: 00 00 00 00 00 00 00 00 00 00 00 00 00 00 00 00\n[PANVK_DEBUG_FBD] +080: 00 00 00 00 00 00 00 00 00 00 00 00 00 00 00 00\n[PANVK_DEBUG_FBD] +096: 00 00 00 00 00 00 00 00 00 00 00 00 00 00 00 00\n[PANVK_DEBUG_FBD] +112: 00 00 00 00 00 00 00 00 00 00 00 00 00 00 00 00\n[PANVK_DEBUG_FBD] +128: 00 00 00 00 00 00 00 00 00 00 00 00 00 00 00 00\n[PANVK_DEBUG_FBD] +144: 00 00 00 00 00 00 00 00 00 00 00 00 00 00 00 00\n[PANVK_DEBUG_FBD] +160: 00 00 00 00 00 00 00 00 00 00 00 00 00 00 00 00\n[PANVK_DEBUG_FBD] +176: 00 00 00 00 00 00 00 00 00 00 00 00 00 00 00 00\n[PANVK_DEBUG_FBD] +192: 00 00 00 04 99 8d 88 86 01 28 00 00 00 00 00 00\n[PANVK_DEBUG_FBD] +208: 00 00 00 00 00 00 00 00 00 00 00 00 00 00 00 00\n[PANVK_DEBUG_FBD] +224: 00 c0 cf 2a 78 00 00 00 00 10 00 00 00 40 00 00\n[PANVK_DEBUG_FBD] +240: 20 20 28 ff 20 20 28 ff 20 20 28 ff 20 20 28 ff\n[PANVK_DEBUG_FBD] tagged_ptr=0x7acedfd003 stride=256
[PANVK_DEBUG_FRAGJOB] gpu=0x7acedfd800 size=64\n[PANVK_DEBUG_FRAGJOB] +000: 00 00 00 00 00 00 00 00 00 00 00 00 00 00 00 00\n[PANVK_DEBUG_FRAGJOB] +016: 12 00 01 00 00 00 00 00 00 00 00 00 00 00 00 00\n[PANVK_DEBUG_FRAGJOB] +032: 00 00 00 00 1f 00 1f 00 03 d0 df ce 7a 00 00 00\n[PANVK_DEBUG_FRAGJOB] +048: 00 00 00 00 00 00 00 00 00 00 00 00 00 00 00 00\n[PANVK_DEBUG_SHADERBIN] stage=OTHER bin_size=512 bytes:
  c9 00 00 00 00 c0 91 00 80 00 c0 11 01 c1 b4 00
  81 40 c0 11 01 c0 b4 00 7c 41 00 00 00 c1 a8 00
  7d 40 00 00 00 c0 a8 00 7e 82 00 00 00 c2 a8 00
  00 8c c0 80 02 c3 f0 00 02 8d 43 81 02 c3 f0 00
  01 8b c0 80 02 c4 f0 00 43 c0 44 10 01 c3 b4 00
  00 8f c0 80 04 c4 f0 00 02 90 44 81 04 c4 f0 00
  01 8e c0 80 04 c5 f0 00 44 c0 45 10 01 c4 b4 00
  43 c0 44 10 01 c3 b4 00 43 20 00 00 30 c0 1f 50
  41 8b 01 00 00 c1 a8 00 40 8c 01 00 00 c0 a8 00
  42 8d 01 00 00 c2 a8 00 01 88 00 00 00 c3 a8 00
  00 89 00 00 00 c4 a8 00 02 8a 00 00 00 c5 a8 00
  43 00 00 00 00 c6 91 00 44 00 00 00 00 c7 91 00
  45 00 00 00 00 c8 91 00 92 00 00 00 00 c4 91 00
  c0 00 00 00 00 c5 91 00 44 04 c4 13 36 46 25 09
  44 93 44 93 04 c3 50 01 45 93 45 93 04 c4 50 01
  46 93 46 93 04 c5 50 01 47 93 47 93 04 c6 50 01
  44 ca c0 11 01 c4 b4 00 43 c0 44 11 01 c3 b4 00
  c0 45 05 00 00 c4 a1 00 43 c0 44 11 01 c3 b4 00
  46 ce c0 11 01 c4 b4 00 43 c0 44 11 01 c3 b4 00
  42 87 0a 00 00 c2 a0 00 40 86 0a 00 00 c0 a0 00
  42 40 00 00 00 c0 a8 00 41 c8 c0 19 01 c1 b4 00
  40 41 00 00 00 c0 a8 00 84 00 00 00 00 c4 91 00
  85 00 00 00 00 c5 91 00 c0 00 00 00 00 c1 91 00
  44 40 07 00 00 c0 ab 01 40 00 00 58 02 43 61 50
  00 00 00 00 00 c0 00 78 00 00 00 00 00 00 00 00
  00 00 00 00 00 00 00 00 00 00 00 00 00 00 00 00
  00 00 00 00 00 00 00 00 00 00 00 00 00 00 00 00
  00 00 00 00 00 00 00 00 00 00 00 00 00 00 00 00
  00 00 00 00 00 00 00 00 00 00 00 00 00 00 00 00
  00 00 00 00 00 00 00 00 00 00 00 00 00 00 00 00
  00 00 00 00 00 00 00 00 00 00 00 00 00 00 00 00
  00 00 00 00 00 00 00 00 00 00 00 00 00 00 00 00
[PANVK_DEBUG_SUBMIT] vtc_jc ret=0
[PANVK_DEBUG_JOBSTATUS] vtc_jc job[0] type=11 index=1 dep1=0 dep2=0 next=0x0 exception_status=0x01 (DONE) first_incomplete_task=0 fault_pointer=0x0
[PANVK_DEBUG_JOBSTATUS] vtc_jc job[1] type=9 index=1 dep1=0 dep2=0 next=0x0 exception_status=0x00 (NOT_STARTED) first_incomplete_task=0 fault_pointer=0x0
[PANVK_DEBUG_HEAP] SESUDAH vtc_jc (vertex+tiler) bo->flags=0x2 dev=0x7833800000 size=134217728 host=0x7833800000 mincore=absent -- UNREADABLE (I/O error) => halaman belum ter-commit, tiler tidak menulis apa pun
[PANVK_DEBUG_SUBMIT] frag_jc ret=0
[PANVK_DEBUG_JOBSTATUS] frag_jc job[0] type=11 index=1 dep1=0 dep2=0 next=0x0 exception_status=0x01 (DONE) first_incomplete_task=0 fault_pointer=0x0
[PANVK_DEBUG_JOBSTATUS] frag_jc job[1] type=9 index=1 dep1=0 dep2=0 next=0x0 exception_status=0x01 (DONE) first_incomplete_task=0 fault_pointer=0x0
[PANVK_DEBUG_HEAP] SESUDAH frag_jc (fragment) bo->flags=0x2 dev=0x7833800000 size=134217728 host=0x7833800000 mincore=absent -- UNREADABLE (I/O error) => halaman belum ter-commit, tiler tidak menulis apa pun
[PANVK_DEBUG_SUBMIT] vtc_jc ret=0
[PANVK_DEBUG_JOBSTATUS] vtc_jc job[0] type=4 index=1 dep1=0 dep2=0 next=0x0 exception_status=0x01 (DONE) first_incomplete_task=0 fault_pointer=0x0
[PANVK_DEBUG_JOBSTATUS] vtc_jc job[1] type=4 index=1 dep1=0 dep2=0 next=0x0 exception_status=0x01 (DONE) first_incomplete_task=0 fault_pointer=0x0
[PANVK_DEBUG_HEAP] SESUDAH vtc_jc (vertex+tiler) bo->flags=0x2 dev=0x7833800000 size=134217728 host=0x7833800000 mincore=absent -- UNREADABLE (I/O error) => halaman belum ter-commit, tiler tidak menulis apa pun
CUBEFP frame=000 deg=   0.0 bad=0 exact_diff=60 edge=1108 edge_diff=1104 faces[R C G M B Y]=0 0 0 0 0 48180
[PANVK_DEBUG_BLEND] rt=0 color_write_enables=0xff fmt=37 write_mask=0xf
[PANVK_DEBUG_BLENDFIX] blend_ptr.gpu=0x7aceec8440 bd_count=1 state.blend_descs[0]=0xed00000000019
[PANVK_DEBUG_VP] VkViewport: w=512.000000 h=512.000000 x=0.000000 y=0.000000
[PANVK_DEBUG_VP] computed scale: x=256.000000 y=256.000000
[PANVK_DEBUG_VP] computed offset: x=256.000000 y=256.000000
[PANVK_DEBUG_VSFAU] gpu=0x7aceec8450 count=12 bytes=96: 00 00 80 43 00 00 80 43 00 00 80 3f 00 00 80 43 00 00 80 43 00 00 00 00 98 55 da 3f db 22 16 3d b1 19 44 be 86 7d 30 be 00 00 00 00 cb 0c dc 3f 05 a9 0a 3e a2 96 f9 3d 31 fe 99 3e b9 dd 54 be 7e 04 8b 3f 49 3b 7a 3f 00 00 00 00 00 00 00 00 e4 38 8e 40 00 00 a0 40 00 00 00 c7 00 00 00 47
[PANVK_DEBUG_FSFAU] gpu=0x7aceec84b0 count=3 bytes=24: 00 00 00 00 00 00 00 00 00 00 00 00 00 00 00 00 19 00 00 00 00 d0 0e 00
[PANVK_DEBUG_TILERCTX] 192 byte Tiler Context desc: 00 00 00 00 00 00 00 00 ff 00 04 00 ff 01 ff 01 00 00 00 00 00 00 00 00 e0 84 ec ce 7a 00 00 00 00 00 00 00 00 00 00 00 00 00 00 00 00 00 00 00 00 00 00 00 00 00 00 00 00 00 00 00 00 00 00 00 00 00 00 00 00 00 00 00 00 00 00 00 00 00 00 00 00 00 00 00 00 00 00 00 00 00 00 00 00 00 00 00 00 00 00 00 00 00 00 00 00 00 00 00 00 00 00 00 00 00 00 00 00 00 00 00 00 00 00 00 00 00 00 00 00 00 00 00 00 00 00 00 00 00 00 00 00 00 00 00 00 00 00 00 00 00 00 00 00 00 00 00 00 00 00 00 00 00 00 00 00 00 00 00 00 00 00 00 00 00 00 00 00 00 00 00 00 00 00 00 00 00 00 00 00 00 00 00
[PANVK_DEBUG_TILERHEAP] 32 byte Tiler Heap desc: 29 03 00 00 00 00 00 08 00 00 80 33 78 00 00 00 00 00 80 33 78 00 00 00 00 00 80 3b 78 00 00 00
[PANVK_DEBUG_FLAGS1] sample_mask=0xffff render_target_mask=0x1 bound_attachments=0x101
[PANVK_DEBUG_DS] 32 byte Depth/stencil desc: 07 00 00 00 00 00 00 00 00 00 00 00 00 00 00 00 00 00 c0 e4 00 00 00 00 00 00 00 00 00 00 00 00
[PANVK_DEBUG_BLENDRAW] 16 byte Blend desc(s): 00 0a 00 00 22 21 12 f0 19 00 00 00 00 d0 0e 00
[PANVK_DEBUG_MVJ] sesudah pan_jc_add_job gpu=0x7aceec8600 header: type=11 (MALLOC_VERTEX == BENAR) index=1 dep1=0 dep2=0
[PANVK_DEBUG_MVJ] dump 384 byte job descriptor:
[PANVK_DEBUG_MVJ] +000: 00 00 00 00 00 00 00 00 00 00 00 00 00 00 00 00
[PANVK_DEBUG_MVJ] +016: 16 00 01 00 00 00 00 00 00 00 00 00 00 00 00 00
[PANVK_DEBUG_MVJ] +032: 08 80 07 00 00 00 00 00 00 00 00 00 24 00 00 00
[PANVK_DEBUG_MVJ] +048: 01 00 00 00 1c 00 0c 00 00 85 ec ce 7a 00 00 00
[PANVK_DEBUG_MVJ] +064: 00 00 00 00 00 00 00 00 00 00 00 00 00 00 00 00
[PANVK_DEBUG_MVJ] +080: 00 00 00 00 00 00 00 00 00 00 00 00 00 00 00 00
[PANVK_DEBUG_MVJ] +096: 00 00 00 00 00 00 00 00 00 00 00 00 ff 01 ff 01
[PANVK_DEBUG_MVJ] +112: 00 00 80 3f 00 00 00 00 00 00 00 00 00 00 00 00
[PANVK_DEBUG_MVJ] +128: 00 00 81 00 ff ff 01 00 01 00 00 00 00 00 00 00
[PANVK_DEBUG_MVJ] +144: 00 00 00 00 00 00 00 00 00 00 00 00 00 00 80 3f
[PANVK_DEBUG_MVJ] +160: 00 00 00 00 00 00 00 00 80 87 ec ce 7a 00 00 00
[PANVK_DEBUG_MVJ] +176: 41 84 ec ce 7a 00 00 00 00 00 00 00 00 00 00 00
[PANVK_DEBUG_MVJ] +192: 00 00 00 00 03 00 00 00 00 00 00 00 00 00 00 00
[PANVK_DEBUG_MVJ] +208: 00 00 00 00 00 00 00 00 00 00 00 00 00 00 00 00
[PANVK_DEBUG_MVJ] +224: 04 84 ec ce 7a 00 00 00 40 c1 ed ce 7a 00 00 00
[PANVK_DEBUG_MVJ] +240: 00 81 ec ce 7a 00 00 00 b0 84 ec ce 7a 00 00 00
[PANVK_DEBUG_MVJ] +256: 00 00 00 00 0c 00 00 00 00 00 00 00 00 00 00 00
[PANVK_DEBUG_MVJ] +272: 00 00 00 00 00 00 00 00 00 00 00 00 00 00 00 00
[PANVK_DEBUG_MVJ] +288: 84 83 ec ce 7a 00 00 00 c0 c0 ed ce 7a 00 00 00
[PANVK_DEBUG_MVJ] +304: 00 81 ec ce 7a 00 00 00 50 84 ec ce 7a 00 00 00
[PANVK_DEBUG_MVJ] +320: 00 00 00 00 0c 00 00 00 00 00 00 00 00 00 00 00
[PANVK_DEBUG_MVJ] +336: 00 00 00 00 00 00 00 00 00 00 00 00 00 00 00 00
[PANVK_DEBUG_MVJ] +352: 84 83 ec ce 7a 00 00 00 00 c1 ed ce 7a 00 00 00
[PANVK_DEBUG_MVJ] +368: 00 81 ec ce 7a 00 00 00 50 84 ec ce 7a 00 00 00
[PANVK_DEBUG_MVJ] jc state: first_job=0x7aceec8600 job_index=1 tiler_dep=1
[PANVK_DEBUG_RTFMT] rt=0 fmt=84 rt_count=1
[PANVK_DEBUG_FBD] gpu=0x7aceec8000 size=256\n[PANVK_DEBUG_FBD] +000: 00 00 00 00 00 00 00 00 00 00 00 00 00 00 00 00\n[PANVK_DEBUG_FBD] +016: 00 f0 41 d0 7a 00 00 00 00 00 00 00 00 00 00 00\n[PANVK_DEBUG_FBD] +032: ff 01 ff 01 00 00 00 00 ff 01 ff 01 80 50 00 01\n[PANVK_DEBUG_FBD] +048: 00 00 22 00 00 00 80 3f 00 85 ec ce 7a 00 00 00\n[PANVK_DEBUG_FBD] +064: 00 00 00 00 00 00 00 00 00 00 00 00 00 00 00 00\n[PANVK_DEBUG_FBD] +080: 00 00 00 00 00 00 00 00 00 00 00 00 00 00 00 00\n[PANVK_DEBUG_FBD] +096: 00 00 00 00 00 00 00 00 00 00 00 00 00 00 00 00\n[PANVK_DEBUG_FBD] +112: 00 00 00 00 00 00 00 00 00 00 00 00 00 00 00 00\n[PANVK_DEBUG_FBD] +128: 00 00 00 00 00 00 00 00 00 00 00 00 00 00 00 00\n[PANVK_DEBUG_FBD] +144: 00 00 00 00 00 00 00 00 00 00 00 00 00 00 00 00\n[PANVK_DEBUG_FBD] +160: 00 00 00 00 00 00 00 00 00 00 00 00 00 00 00 00\n[PANVK_DEBUG_FBD] +176: 00 00 00 00 00 00 00 00 00 00 00 00 00 00 00 00\n[PANVK_DEBUG_FBD] +192: 00 00 00 04 99 8d 88 86 01 28 00 00 00 00 00 00\n[PANVK_DEBUG_FBD] +208: 00 00 00 00 00 00 00 00 00 00 00 00 00 00 00 00\n[PANVK_DEBUG_FBD] +224: 00 c0 cf 2a 78 00 00 00 00 10 00 00 00 40 00 00\n[PANVK_DEBUG_FBD] +240: 20 20 28 ff 20 20 28 ff 20 20 28 ff 20 20 28 ff\n[PANVK_DEBUG_FBD] tagged_ptr=0x7aceec8003 stride=256
[PANVK_DEBUG_FRAGJOB] gpu=0x7aceec8800 size=64\n[PANVK_DEBUG_FRAGJOB] +000: 00 00 00 00 00 00 00 00 00 00 00 00 00 00 00 00\n[PANVK_DEBUG_FRAGJOB] +016: 12 00 01 00 00 00 00 00 00 00 00 00 00 00 00 00\n[PANVK_DEBUG_FRAGJOB] +032: 00 00 00 00 1f 00 1f 00 03 80 ec ce 7a 00 00 00\n[PANVK_DEBUG_FRAGJOB] +048: 00 00 00 00 00 00 00 00 00 00 00 00 00 00 00 00\n[PANVK_DEBUG_SUBMIT] vtc_jc ret=0
[PANVK_DEBUG_JOBSTATUS] vtc_jc job[0] type=11 index=1 dep1=0 dep2=0 next=0x0 exception_status=0x01 (DONE) first_incomplete_task=0 fault_pointer=0x0
[PANVK_DEBUG_JOBSTATUS] vtc_jc job[1] type=9 index=1 dep1=0 dep2=0 next=0x0 exception_status=0x00 (NOT_STARTED) first_incomplete_task=0 fault_pointer=0x0
[PANVK_DEBUG_HEAP] SESUDAH vtc_jc (vertex+tiler) bo->flags=0x2 dev=0x7833800000 size=134217728 host=0x7833800000 mincore=absent -- UNREADABLE (I/O error) => halaman belum ter-commit, tiler tidak menulis apa pun
[PANVK_DEBUG_SUBMIT] frag_jc ret=0
[PANVK_DEBUG_JOBSTATUS] frag_jc job[0] type=11 index=1 dep1=0 dep2=0 next=0x0 exception_status=0x01 (DONE) first_incomplete_task=0 fault_pointer=0x0
[PANVK_DEBUG_JOBSTATUS] frag_jc job[1] type=9 index=1 dep1=0 dep2=0 next=0x0 exception_status=0x01 (DONE) first_incomplete_task=0 fault_pointer=0x0
[PANVK_DEBUG_HEAP] SESUDAH frag_jc (fragment) bo->flags=0x2 dev=0x7833800000 size=134217728 host=0x7833800000 mincore=absent -- UNREADABLE (I/O error) => halaman belum ter-commit, tiler tidak menulis apa pun
[PANVK_DEBUG_SUBMIT] vtc_jc ret=0
[PANVK_DEBUG_JOBSTATUS] vtc_jc job[0] type=4 index=1 dep1=0 dep2=0 next=0x0 exception_status=0x01 (DONE) first_incomplete_task=0 fault_pointer=0x0
[PANVK_DEBUG_JOBSTATUS] vtc_jc job[1] type=4 index=1 dep1=0 dep2=0 next=0x0 exception_status=0x01 (DONE) first_incomplete_task=0 fault_pointer=0x0
[PANVK_DEBUG_HEAP] SESUDAH vtc_jc (vertex+tiler) bo->flags=0x2 dev=0x7833800000 size=134217728 host=0x7833800000 mincore=absent -- UNREADABLE (I/O error) => halaman belum ter-commit, tiler tidak menulis apa pun
CUBEFP frame=001 deg=  10.0 bad=0 exact_diff=1 edge=1175 edge_diff=728 faces[R C G M B Y]=0 0 0 0 0 46500
[PANVK_DEBUG_BLEND] rt=0 color_write_enables=0xff fmt=37 write_mask=0xf
[PANVK_DEBUG_BLENDFIX] blend_ptr.gpu=0x7acedfd440 bd_count=1 state.blend_descs[0]=0xed00000000019
[PANVK_DEBUG_VP] VkViewport: w=512.000000 h=512.000000 x=0.000000 y=0.000000
[PANVK_DEBUG_VP] computed scale: x=256.000000 y=256.000000
[PANVK_DEBUG_VP] computed offset: x=256.000000 y=256.000000
[PANVK_DEBUG_VSFAU] gpu=0x7acedfd450 count=12 bytes=96: 00 00 80 43 00 00 80 43 00 00 80 3f 00 00 80 43 00 00 80 43 00 00 00 00 0b 55 d0 3f cf c0 12 3e b7 ca bc be a5 e9 a9 be 00 00 00 00 f3 1d d7 3f 6e a0 89 3e 60 ba 77 3e 48 a7 17 3f ba 99 c9 be e3 ac 81 3f 66 6a 69 3f 00 00 00 00 00 00 00 00 e4 38 8e 40 00 00 a0 40 00 00 00 c7 00 00 00 47
[PANVK_DEBUG_FSFAU] gpu=0x7acedfd4b0 count=3 bytes=24: 00 00 00 00 00 00 00 00 00 00 00 00 00 00 00 00 19 00 00 00 00 d0 0e 00
[PANVK_DEBUG_TILERCTX] 192 byte Tiler Context desc: 00 00 00 00 00 00 00 00 ff 00 04 00 ff 01 ff 01 00 00 00 00 00 00 00 00 e0 d4 df ce 7a 00 00 00 00 00 00 00 00 00 00 00 00 00 00 00 00 00 00 00 00 00 00 00 00 00 00 00 00 00 00 00 00 00 00 00 00 00 00 00 00 00 00 00 00 00 00 00 00 00 00 00 00 00 00 00 00 00 00 00 00 00 00 00 00 00 00 00 00 00 00 00 00 00 00 00 00 00 00 00 00 00 00 00 00 00 00 00 00 00 00 00 00 00 00 00 00 00 00 00 00 00 00 00 00 00 00 00 00 00 00 00 00 00 00 00 00 00 00 00 00 00 00 00 00 00 00 00 00 00 00 00 00 00 00 00 00 00 00 00 00 00 00 00 00 00 00 00 00 00 00 00 00 00 00 00 00 00 00 00 00 00 00 00
[PANVK_DEBUG_TILERHEAP] 32 byte Tiler Heap desc: 29 03 00 00 00 00 00 08 00 00 80 33 78 00 00 00 00 00 80 33 78 00 00 00 00 00 80 3b 78 00 00 00
[PANVK_DEBUG_FLAGS1] sample_mask=0xffff render_target_mask=0x1 bound_attachments=0x101
[PANVK_DEBUG_DS] 32 byte Depth/stencil desc: 07 00 00 00 00 00 00 00 00 00 00 00 00 00 00 00 00 00 c0 e4 00 00 00 00 00 00 00 00 00 00 00 00
[PANVK_DEBUG_BLENDRAW] 16 byte Blend desc(s): 00 0a 00 00 22 21 12 f0 19 00 00 00 00 d0 0e 00
[PANVK_DEBUG_MVJ] sesudah pan_jc_add_job gpu=0x7acedfd600 header: type=11 (MALLOC_VERTEX == BENAR) index=1 dep1=0 dep2=0
[PANVK_DEBUG_MVJ] dump 384 byte job descriptor:
[PANVK_DEBUG_MVJ] +000: 00 00 00 00 00 00 00 00 00 00 00 00 00 00 00 00
[PANVK_DEBUG_MVJ] +016: 16 00 01 00 00 00 00 00 00 00 00 00 00 00 00 00
[PANVK_DEBUG_MVJ] +032: 08 80 07 00 00 00 00 00 00 00 00 00 24 00 00 00
[PANVK_DEBUG_MVJ] +048: 01 00 00 00 1c 00 0c 00 00 d5 df ce 7a 00 00 00
[PANVK_DEBUG_MVJ] +064: 00 00 00 00 00 00 00 00 00 00 00 00 00 00 00 00
[PANVK_DEBUG_MVJ] +080: 00 00 00 00 00 00 00 00 00 00 00 00 00 00 00 00
[PANVK_DEBUG_MVJ] +096: 00 00 00 00 00 00 00 00 00 00 00 00 ff 01 ff 01
[PANVK_DEBUG_MVJ] +112: 00 00 80 3f 00 00 00 00 00 00 00 00 00 00 00 00
[PANVK_DEBUG_MVJ] +128: 00 00 81 00 ff ff 01 00 01 00 00 00 00 00 00 00
[PANVK_DEBUG_MVJ] +144: 00 00 00 00 00 00 00 00 00 00 00 00 00 00 80 3f
[PANVK_DEBUG_MVJ] +160: 00 00 00 00 00 00 00 00 80 d7 df ce 7a 00 00 00
[PANVK_DEBUG_MVJ] +176: 41 d4 df ce 7a 00 00 00 00 00 00 00 00 00 00 00
[PANVK_DEBUG_MVJ] +192: 00 00 00 00 03 00 00 00 00 00 00 00 00 00 00 00
[PANVK_DEBUG_MVJ] +208: 00 00 00 00 00 00 00 00 00 00 00 00 00 00 00 00
[PANVK_DEBUG_MVJ] +224: 04 d4 df ce 7a 00 00 00 40 c1 ed ce 7a 00 00 00
[PANVK_DEBUG_MVJ] +240: 00 d1 df ce 7a 00 00 00 b0 d4 df ce 7a 00 00 00
[PANVK_DEBUG_MVJ] +256: 00 00 00 00 0c 00 00 00 00 00 00 00 00 00 00 00
[PANVK_DEBUG_MVJ] +272: 00 00 00 00 00 00 00 00 00 00 00 00 00 00 00 00
[PANVK_DEBUG_MVJ] +288: 84 d3 df ce 7a 00 00 00 c0 c0 ed ce 7a 00 00 00
[PANVK_DEBUG_MVJ] +304: 00 d1 df ce 7a 00 00 00 50 d4 df ce 7a 00 00 00
[PANVK_DEBUG_MVJ] +320: 00 00 00 00 0c 00 00 00 00 00 00 00 00 00 00 00
[PANVK_DEBUG_MVJ] +336: 00 00 00 00 00 00 00 00 00 00 00 00 00 00 00 00
[PANVK_DEBUG_MVJ] +352: 84 d3 df ce 7a 00 00 00 00 c1 ed ce 7a 00 00 00
[PANVK_DEBUG_MVJ] +368: 00 d1 df ce 7a 00 00 00 50 d4 df ce 7a 00 00 00
[PANVK_DEBUG_MVJ] jc state: first_job=0x7acedfd600 job_index=1 tiler_dep=1
[PANVK_DEBUG_RTFMT] rt=0 fmt=84 rt_count=1
[PANVK_DEBUG_FBD] gpu=0x7acedfd000 size=256\n[PANVK_DEBUG_FBD] +000: 00 00 00 00 00 00 00 00 00 00 00 00 00 00 00 00\n[PANVK_DEBUG_FBD] +016: 00 f0 41 d0 7a 00 00 00 00 00 00 00 00 00 00 00\n[PANVK_DEBUG_FBD] +032: ff 01 ff 01 00 00 00 00 ff 01 ff 01 80 50 00 01\n[PANVK_DEBUG_FBD] +048: 00 00 22 00 00 00 80 3f 00 d5 df ce 7a 00 00 00\n[PANVK_DEBUG_FBD] +064: 00 00 00 00 00 00 00 00 00 00 00 00 00 00 00 00\n[PANVK_DEBUG_FBD] +080: 00 00 00 00 00 00 00 00 00 00 00 00 00 00 00 00\n[PANVK_DEBUG_FBD] +096: 00 00 00 00 00 00 00 00 00 00 00 00 00 00 00 00\n[PANVK_DEBUG_FBD] +112: 00 00 00 00 00 00 00 00 00 00 00 00 00 00 00 00\n[PANVK_DEBUG_FBD] +128: 00 00 00 00 00 00 00 00 00 00 00 00 00 00 00 00\n[PANVK_DEBUG_FBD] +144: 00 00 00 00 00 00 00 00 00 00 00 00 00 00 00 00\n[PANVK_DEBUG_FBD] +160: 00 00 00 00 00 00 00 00 00 00 00 00 00 00 00 00\n[PANVK_DEBUG_FBD] +176: 00 00 00 00 00 00 00 00 00 00 00 00 00 00 00 00\n[PANVK_DEBUG_FBD] +192: 00 00 00 04 99 8d 88 86 01 28 00 00 00 00 00 00\n[PANVK_DEBUG_FBD] +208: 00 00 00 00 00 00 00 00 00 00 00 00 00 00 00 00\n[PANVK_DEBUG_FBD] +224: 00 c0 cf 2a 78 00 00 00 00 10 00 00 00 40 00 00\n[PANVK_DEBUG_FBD] +240: 20 20 28 ff 20 20 28 ff 20 20 28 ff 20 20 28 ff\n[PANVK_DEBUG_FBD] tagged_ptr=0x7acedfd003 stride=256
[PANVK_DEBUG_FRAGJOB] gpu=0x7acedfd800 size=64\n[PANVK_DEBUG_FRAGJOB] +000: 00 00 00 00 00 00 00 00 00 00 00 00 00 00 00 00\n[PANVK_DEBUG_FRAGJOB] +016: 12 00 01 00 00 00 00 00 00 00 00 00 00 00 00 00\n[PANVK_DEBUG_FRAGJOB] +032: 00 00 00 00 1f 00 1f 00 03 d0 df ce 7a 00 00 00\n[PANVK_DEBUG_FRAGJOB] +048: 00 00 00 00 00 00 00 00 00 00 00 00 00 00 00 00\n[PANVK_DEBUG_SUBMIT] vtc_jc ret=0
[PANVK_DEBUG_JOBSTATUS] vtc_jc job[0] type=11 index=1 dep1=0 dep2=0 next=0x0 exception_status=0x01 (DONE) first_incomplete_task=0 fault_pointer=0x0
[PANVK_DEBUG_JOBSTATUS] vtc_jc job[1] type=9 index=1 dep1=0 dep2=0 next=0x0 exception_status=0x00 (NOT_STARTED) first_incomplete_task=0 fault_pointer=0x0
[PANVK_DEBUG_HEAP] SESUDAH vtc_jc (vertex+tiler) bo->flags=0x2 dev=0x7833800000 size=134217728 host=0x7833800000 mincore=absent -- UNREADABLE (I/O error) => halaman belum ter-commit, tiler tidak menulis apa pun
[PANVK_DEBUG_SUBMIT] frag_jc ret=0
[PANVK_DEBUG_JOBSTATUS] frag_jc job[0] type=11 index=1 dep1=0 dep2=0 next=0x0 exception_status=0x01 (DONE) first_incomplete_task=0 fault_pointer=0x0
[PANVK_DEBUG_JOBSTATUS] frag_jc job[1] type=9 index=1 dep1=0 dep2=0 next=0x0 exception_status=0x01 (DONE) first_incomplete_task=0 fault_pointer=0x0
[PANVK_DEBUG_HEAP] SESUDAH frag_jc (fragment) bo->flags=0x2 dev=0x7833800000 size=134217728 host=0x7833800000 mincore=absent -- UNREADABLE (I/O error) => halaman belum ter-commit, tiler tidak menulis apa pun
[PANVK_DEBUG_SUBMIT] vtc_jc ret=0
[PANVK_DEBUG_JOBSTATUS] vtc_jc job[0] type=4 index=1 dep1=0 dep2=0 next=0x0 exception_status=0x01 (DONE) first_incomplete_task=0 fault_pointer=0x0
[PANVK_DEBUG_JOBSTATUS] vtc_jc job[1] type=4 index=1 dep1=0 dep2=0 next=0x0 exception_status=0x01 (DONE) first_incomplete_task=0 fault_pointer=0x0
[PANVK_DEBUG_HEAP] SESUDAH vtc_jc (vertex+tiler) bo->flags=0x2 dev=0x7833800000 size=134217728 host=0x7833800000 mincore=absent -- UNREADABLE (I/O error) => halaman belum ter-commit, tiler tidak menulis apa pun
CUBEFP frame=002 deg=  20.0 bad=6159 exact_diff=6804 edge=1858 edge_diff=964 faces[R C G M B Y]=0 0 1080 320 5079 41122 first=(212,162) got=0,0,255 model=255,0,255
[PANVK_DEBUG_BLEND] rt=0 color_write_enables=0xff fmt=37 write_mask=0xf
[PANVK_DEBUG_BLENDFIX] blend_ptr.gpu=0x7aceec8440 bd_count=1 state.blend_descs[0]=0xed00000000019
[PANVK_DEBUG_VP] VkViewport: w=512.000000 h=512.000000 x=0.000000 y=0.000000
[PANVK_DEBUG_VP] computed scale: x=256.000000 y=256.000000
[PANVK_DEBUG_VP] computed offset: x=256.000000 y=256.000000
[PANVK_DEBUG_VSFAU] gpu=0x7aceec8450 count=12 bytes=96: 00 00 80 43 00 00 80 43 00 00 80 3f 00 00 80 43 00 00 80 43 00 00 00 00 00 00 c0 3f f3 e6 9e 3e a0 c6 04 bf 20 ff ee be 00 00 00 00 24 fa ce 3f 1e df cb 3e 01 7c b7 3e d7 b3 5d 3f 01 9d 09 bf 7e f9 65 3f 24 fa 4e 3f 00 00 00 00 00 00 00 00 e4 38 8e 40 00 00 a0 40 00 00 00 c7 00 00 00 47
[PANVK_DEBUG_FSFAU] gpu=0x7aceec84b0 count=3 bytes=24: 00 00 00 00 00 00 00 00 00 00 00 00 00 00 00 00 19 00 00 00 00 d0 0e 00
[PANVK_DEBUG_TILERCTX] 192 byte Tiler Context desc: 00 00 00 00 00 00 00 00 ff 00 04 00 ff 01 ff 01 00 00 00 00 00 00 00 00 e0 84 ec ce 7a 00 00 00 00 00 00 00 00 00 00 00 00 00 00 00 00 00 00 00 00 00 00 00 00 00 00 00 00 00 00 00 00 00 00 00 00 00 00 00 00 00 00 00 00 00 00 00 00 00 00 00 00 00 00 00 00 00 00 00 00 00 00 00 00 00 00 00 00 00 00 00 00 00 00 00 00 00 00 00 00 00 00 00 00 00 00 00 00 00 00 00 00 00 00 00 00 00 00 00 00 00 00 00 00 00 00 00 00 00 00 00 00 00 00 00 00 00 00 00 00 00 00 00 00 00 00 00 00 00 00 00 00 00 00 00 00 00 00 00 00 00 00 00 00 00 00 00 00 00 00 00 00 00 00 00 00 00 00 00 00 00 00 00
[PANVK_DEBUG_TILERHEAP] 32 byte Tiler Heap desc: 29 03 00 00 00 00 00 08 00 00 80 33 78 00 00 00 00 00 80 33 78 00 00 00 00 00 80 3b 78 00 00 00
[PANVK_DEBUG_FLAGS1] sample_mask=0xffff render_target_mask=0x1 bound_attachments=0x101
[PANVK_DEBUG_DS] 32 byte Depth/stencil desc: 07 00 00 00 00 00 00 00 00 00 00 00 00 00 00 00 00 00 c0 e4 00 00 00 00 00 00 00 00 00 00 00 00
[PANVK_DEBUG_BLENDRAW] 16 byte Blend desc(s): 00 0a 00 00 22 21 12 f0 19 00 00 00 00 d0 0e 00
[PANVK_DEBUG_MVJ] sesudah pan_jc_add_job gpu=0x7aceec8600 header: type=11 (MALLOC_VERTEX == BENAR) index=1 dep1=0 dep2=0
[PANVK_DEBUG_MVJ] dump 384 byte job descriptor:
[PANVK_DEBUG_MVJ] +000: 00 00 00 00 00 00 00 00 00 00 00 00 00 00 00 00
[PANVK_DEBUG_MVJ] +016: 16 00 01 00 00 00 00 00 00 00 00 00 00 00 00 00
[PANVK_DEBUG_MVJ] +032: 08 80 07 00 00 00 00 00 00 00 00 00 24 00 00 00
[PANVK_DEBUG_MVJ] +048: 01 00 00 00 1c 00 0c 00 00 85 ec ce 7a 00 00 00
[PANVK_DEBUG_MVJ] +064: 00 00 00 00 00 00 00 00 00 00 00 00 00 00 00 00
[PANVK_DEBUG_MVJ] +080: 00 00 00 00 00 00 00 00 00 00 00 00 00 00 00 00
[PANVK_DEBUG_MVJ] +096: 00 00 00 00 00 00 00 00 00 00 00 00 ff 01 ff 01
[PANVK_DEBUG_MVJ] +112: 00 00 80 3f 00 00 00 00 00 00 00 00 00 00 00 00
[PANVK_DEBUG_MVJ] +128: 00 00 81 00 ff ff 01 00 01 00 00 00 00 00 00 00
[PANVK_DEBUG_MVJ] +144: 00 00 00 00 00 00 00 00 00 00 00 00 00 00 80 3f
[PANVK_DEBUG_MVJ] +160: 00 00 00 00 00 00 00 00 80 87 ec ce 7a 00 00 00
[PANVK_DEBUG_MVJ] +176: 41 84 ec ce 7a 00 00 00 00 00 00 00 00 00 00 00
[PANVK_DEBUG_MVJ] +192: 00 00 00 00 03 00 00 00 00 00 00 00 00 00 00 00
[PANVK_DEBUG_MVJ] +208: 00 00 00 00 00 00 00 00 00 00 00 00 00 00 00 00
[PANVK_DEBUG_MVJ] +224: 04 84 ec ce 7a 00 00 00 40 c1 ed ce 7a 00 00 00
[PANVK_DEBUG_MVJ] +240: 00 81 ec ce 7a 00 00 00 b0 84 ec ce 7a 00 00 00
[PANVK_DEBUG_MVJ] +256: 00 00 00 00 0c 00 00 00 00 00 00 00 00 00 00 00
[PANVK_DEBUG_MVJ] +272: 00 00 00 00 00 00 00 00 00 00 00 00 00 00 00 00
[PANVK_DEBUG_MVJ] +288: 84 83 ec ce 7a 00 00 00 c0 c0 ed ce 7a 00 00 00
[PANVK_DEBUG_MVJ] +304: 00 81 ec ce 7a 00 00 00 50 84 ec ce 7a 00 00 00
[PANVK_DEBUG_MVJ] +320: 00 00 00 00 0c 00 00 00 00 00 00 00 00 00 00 00
[PANVK_DEBUG_MVJ] +336: 00 00 00 00 00 00 00 00 00 00 00 00 00 00 00 00
[PANVK_DEBUG_MVJ] +352: 84 83 ec ce 7a 00 00 00 00 c1 ed ce 7a 00 00 00
[PANVK_DEBUG_MVJ] +368: 00 81 ec ce 7a 00 00 00 50 84 ec ce 7a 00 00 00
[PANVK_DEBUG_MVJ] jc state: first_job=0x7aceec8600 job_index=1 tiler_dep=1
[PANVK_DEBUG_RTFMT] rt=0 fmt=84 rt_count=1
[PANVK_DEBUG_FBD] gpu=0x7aceec8000 size=256\n[PANVK_DEBUG_FBD] +000: 00 00 00 00 00 00 00 00 00 00 00 00 00 00 00 00\n[PANVK_DEBUG_FBD] +016: 00 f0 41 d0 7a 00 00 00 00 00 00 00 00 00 00 00\n[PANVK_DEBUG_FBD] +032: ff 01 ff 01 00 00 00 00 ff 01 ff 01 80 50 00 01\n[PANVK_DEBUG_FBD] +048: 00 00 22 00 00 00 80 3f 00 85 ec ce 7a 00 00 00\n[PANVK_DEBUG_FBD] +064: 00 00 00 00 00 00 00 00 00 00 00 00 00 00 00 00\n[PANVK_DEBUG_FBD] +080: 00 00 00 00 00 00 00 00 00 00 00 00 00 00 00 00\n[PANVK_DEBUG_FBD] +096: 00 00 00 00 00 00 00 00 00 00 00 00 00 00 00 00\n[PANVK_DEBUG_FBD] +112: 00 00 00 00 00 00 00 00 00 00 00 00 00 00 00 00\n[PANVK_DEBUG_FBD] +128: 00 00 00 00 00 00 00 00 00 00 00 00 00 00 00 00\n[PANVK_DEBUG_FBD] +144: 00 00 00 00 00 00 00 00 00 00 00 00 00 00 00 00\n[PANVK_DEBUG_FBD] +160: 00 00 00 00 00 00 00 00 00 00 00 00 00 00 00 00\n[PANVK_DEBUG_FBD] +176: 00 00 00 00 00 00 00 00 00 00 00 00 00 00 00 00\n[PANVK_DEBUG_FBD] +192: 00 00 00 04 99 8d 88 86 01 28 00 00 00 00 00 00\n[PANVK_DEBUG_FBD] +208: 00 00 00 00 00 00 00 00 00 00 00 00 00 00 00 00\n[PANVK_DEBUG_FBD] +224: 00 c0 cf 2a 78 00 00 00 00 10 00 00 00 40 00 00\n[PANVK_DEBUG_FBD] +240: 20 20 28 ff 20 20 28 ff 20 20 28 ff 20 20 28 ff\n[PANVK_DEBUG_FBD] tagged_ptr=0x7aceec8003 stride=256
[PANVK_DEBUG_FRAGJOB] gpu=0x7aceec8800 size=64\n[PANVK_DEBUG_FRAGJOB] +000: 00 00 00 00 00 00 00 00 00 00 00 00 00 00 00 00\n[PANVK_DEBUG_FRAGJOB] +016: 12 00 01 00 00 00 00 00 00 00 00 00 00 00 00 00\n[PANVK_DEBUG_FRAGJOB] +032: 00 00 00 00 1f 00 1f 00 03 80 ec ce 7a 00 00 00\n[PANVK_DEBUG_FRAGJOB] +048: 00 00 00 00 00 00 00 00 00 00 00 00 00 00 00 00\n[PANVK_DEBUG_SUBMIT] vtc_jc ret=0
[PANVK_DEBUG_JOBSTATUS] vtc_jc job[0] type=11 index=1 dep1=0 dep2=0 next=0x0 exception_status=0x01 (DONE) first_incomplete_task=0 fault_pointer=0x0
[PANVK_DEBUG_JOBSTATUS] vtc_jc job[1] type=9 index=1 dep1=0 dep2=0 next=0x0 exception_status=0x00 (NOT_STARTED) first_incomplete_task=0 fault_pointer=0x0
[PANVK_DEBUG_HEAP] SESUDAH vtc_jc (vertex+tiler) bo->flags=0x2 dev=0x7833800000 size=134217728 host=0x7833800000 mincore=absent -- UNREADABLE (I/O error) => halaman belum ter-commit, tiler tidak menulis apa pun
[PANVK_DEBUG_SUBMIT] frag_jc ret=0
[PANVK_DEBUG_JOBSTATUS] frag_jc job[0] type=11 index=1 dep1=0 dep2=0 next=0x0 exception_status=0x01 (DONE) first_incomplete_task=0 fault_pointer=0x0
[PANVK_DEBUG_JOBSTATUS] frag_jc job[1] type=9 index=1 dep1=0 dep2=0 next=0x0 exception_status=0x01 (DONE) first_incomplete_task=0 fault_pointer=0x0
[PANVK_DEBUG_HEAP] SESUDAH frag_jc (fragment) bo->flags=0x2 dev=0x7833800000 size=134217728 host=0x7833800000 mincore=absent -- UNREADABLE (I/O error) => halaman belum ter-commit, tiler tidak menulis apa pun
[PANVK_DEBUG_SUBMIT] vtc_jc ret=0
[PANVK_DEBUG_JOBSTATUS] vtc_jc job[0] type=4 index=1 dep1=0 dep2=0 next=0x0 exception_status=0x01 (DONE) first_incomplete_task=0 fault_pointer=0x0
[PANVK_DEBUG_JOBSTATUS] vtc_jc job[1] type=4 index=1 dep1=0 dep2=0 next=0x0 exception_status=0x01 (DONE) first_incomplete_task=0 fault_pointer=0x0
[PANVK_DEBUG_HEAP] SESUDAH vtc_jc (vertex+tiler) bo->flags=0x2 dev=0x7833800000 size=134217728 host=0x7833800000 mincore=absent -- UNREADABLE (I/O error) => halaman belum ter-commit, tiler tidak menulis apa pun
CUBEFP frame=003 deg=  30.0 bad=16102 exact_diff=16753 edge=1823 edge_diff=937 faces[R C G M B Y]=0 0 3281 2081 12821 33221 first=(231,150) got=0,0,255 model=255,0,255
[PANVK_DEBUG_BLEND] rt=0 color_write_enables=0xff fmt=37 write_mask=0xf
[PANVK_DEBUG_BLENDFIX] blend_ptr.gpu=0x7acedfd440 bd_count=1 state.blend_descs[0]=0xed00000000019
[PANVK_DEBUG_VP] VkViewport: w=512.000000 h=512.000000 x=0.000000 y=0.000000
[PANVK_DEBUG_VP] computed scale: x=256.000000 y=256.000000
[PANVK_DEBUG_VP] computed offset: x=256.000000 y=256.000000
[PANVK_DEBUG_VSFAU] gpu=0x7acedfd450 count=12 bytes=96: 00 00 80 43 00 00 80 43 00 00 80 3f 00 00 80 43 00 00 80 43 00 00 00 00 7f d5 a9 3f 7a ce 05 3f 91 6f 21 bf d0 4a 11 bf 00 00 00 00 6f c0 c3 3f e0 89 05 3f 94 5e f0 3e f4 81 8e 3f e5 76 1f bf 47 64 40 3f 0d 27 2d 3f 00 00 00 00 00 00 00 00 e4 38 8e 40 00 00 a0 40 00 00 00 c7 00 00 00 47
[PANVK_DEBUG_FSFAU] gpu=0x7acedfd4b0 count=3 bytes=24: 00 00 00 00 00 00 00 00 00 00 00 00 00 00 00 00 19 00 00 00 00 d0 0e 00
[PANVK_DEBUG_TILERCTX] 192 byte Tiler Context desc: 00 00 00 00 00 00 00 00 ff 00 04 00 ff 01 ff 01 00 00 00 00 00 00 00 00 e0 d4 df ce 7a 00 00 00 00 00 00 00 00 00 00 00 00 00 00 00 00 00 00 00 00 00 00 00 00 00 00 00 00 00 00 00 00 00 00 00 00 00 00 00 00 00 00 00 00 00 00 00 00 00 00 00 00 00 00 00 00 00 00 00 00 00 00 00 00 00 00 00 00 00 00 00 00 00 00 00 00 00 00 00 00 00 00 00 00 00 00 00 00 00 00 00 00 00 00 00 00 00 00 00 00 00 00 00 00 00 00 00 00 00 00 00 00 00 00 00 00 00 00 00 00 00 00 00 00 00 00 00 00 00 00 00 00 00 00 00 00 00 00 00 00 00 00 00 00 00 00 00 00 00 00 00 00 00 00 00 00 00 00 00 00 00 00 00
[PANVK_DEBUG_TILERHEAP] 32 byte Tiler Heap desc: 29 03 00 00 00 00 00 08 00 00 80 33 78 00 00 00 00 00 80 33 78 00 00 00 00 00 80 3b 78 00 00 00
[PANVK_DEBUG_FLAGS1] sample_mask=0xffff render_target_mask=0x1 bound_attachments=0x101
[PANVK_DEBUG_DS] 32 byte Depth/stencil desc: 07 00 00 00 00 00 00 00 00 00 00 00 00 00 00 00 00 00 c0 e4 00 00 00 00 00 00 00 00 00 00 00 00
[PANVK_DEBUG_BLENDRAW] 16 byte Blend desc(s): 00 0a 00 00 22 21 12 f0 19 00 00 00 00 d0 0e 00
[PANVK_DEBUG_MVJ] sesudah pan_jc_add_job gpu=0x7acedfd600 header: type=11 (MALLOC_VERTEX == BENAR) index=1 dep1=0 dep2=0
[PANVK_DEBUG_MVJ] dump 384 byte job descriptor:
[PANVK_DEBUG_MVJ] +000: 00 00 00 00 00 00 00 00 00 00 00 00 00 00 00 00
[PANVK_DEBUG_MVJ] +016: 16 00 01 00 00 00 00 00 00 00 00 00 00 00 00 00
[PANVK_DEBUG_MVJ] +032: 08 80 07 00 00 00 00 00 00 00 00 00 24 00 00 00
[PANVK_DEBUG_MVJ] +048: 01 00 00 00 1c 00 0c 00 00 d5 df ce 7a 00 00 00
[PANVK_DEBUG_MVJ] +064: 00 00 00 00 00 00 00 00 00 00 00 00 00 00 00 00
[PANVK_DEBUG_MVJ] +080: 00 00 00 00 00 00 00 00 00 00 00 00 00 00 00 00
[PANVK_DEBUG_MVJ] +096: 00 00 00 00 00 00 00 00 00 00 00 00 ff 01 ff 01
[PANVK_DEBUG_MVJ] +112: 00 00 80 3f 00 00 00 00 00 00 00 00 00 00 00 00
[PANVK_DEBUG_MVJ] +128: 00 00 81 00 ff ff 01 00 01 00 00 00 00 00 00 00
[PANVK_DEBUG_MVJ] +144: 00 00 00 00 00 00 00 00 00 00 00 00 00 00 80 3f
[PANVK_DEBUG_MVJ] +160: 00 00 00 00 00 00 00 00 80 d7 df ce 7a 00 00 00
[PANVK_DEBUG_MVJ] +176: 41 d4 df ce 7a 00 00 00 00 00 00 00 00 00 00 00
[PANVK_DEBUG_MVJ] +192: 00 00 00 00 03 00 00 00 00 00 00 00 00 00 00 00
[PANVK_DEBUG_MVJ] +208: 00 00 00 00 00 00 00 00 00 00 00 00 00 00 00 00
[PANVK_DEBUG_MVJ] +224: 04 d4 df ce 7a 00 00 00 40 c1 ed ce 7a 00 00 00
[PANVK_DEBUG_MVJ] +240: 00 d1 df ce 7a 00 00 00 b0 d4 df ce 7a 00 00 00
[PANVK_DEBUG_MVJ] +256: 00 00 00 00 0c 00 00 00 00 00 00 00 00 00 00 00
[PANVK_DEBUG_MVJ] +272: 00 00 00 00 00 00 00 00 00 00 00 00 00 00 00 00
[PANVK_DEBUG_MVJ] +288: 84 d3 df ce 7a 00 00 00 c0 c0 ed ce 7a 00 00 00
[PANVK_DEBUG_MVJ] +304: 00 d1 df ce 7a 00 00 00 50 d4 df ce 7a 00 00 00
[PANVK_DEBUG_MVJ] +320: 00 00 00 00 0c 00 00 00 00 00 00 00 00 00 00 00
[PANVK_DEBUG_MVJ] +336: 00 00 00 00 00 00 00 00 00 00 00 00 00 00 00 00
[PANVK_DEBUG_MVJ] +352: 84 d3 df ce 7a 00 00 00 00 c1 ed ce 7a 00 00 00
[PANVK_DEBUG_MVJ] +368: 00 d1 df ce 7a 00 00 00 50 d4 df ce 7a 00 00 00
[PANVK_DEBUG_MVJ] jc state: first_job=0x7acedfd600 job_index=1 tiler_dep=1
[PANVK_DEBUG_RTFMT] rt=0 fmt=84 rt_count=1
[PANVK_DEBUG_FBD] gpu=0x7acedfd000 size=256\n[PANVK_DEBUG_FBD] +000: 00 00 00 00 00 00 00 00 00 00 00 00 00 00 00 00\n[PANVK_DEBUG_FBD] +016: 00 f0 41 d0 7a 00 00 00 00 00 00 00 00 00 00 00\n[PANVK_DEBUG_FBD] +032: ff 01 ff 01 00 00 00 00 ff 01 ff 01 80 50 00 01\n[PANVK_DEBUG_FBD] +048: 00 00 22 00 00 00 80 3f 00 d5 df ce 7a 00 00 00\n[PANVK_DEBUG_FBD] +064: 00 00 00 00 00 00 00 00 00 00 00 00 00 00 00 00\n[PANVK_DEBUG_FBD] +080: 00 00 00 00 00 00 00 00 00 00 00 00 00 00 00 00\n[PANVK_DEBUG_FBD] +096: 00 00 00 00 00 00 00 00 00 00 00 00 00 00 00 00\n[PANVK_DEBUG_FBD] +112: 00 00 00 00 00 00 00 00 00 00 00 00 00 00 00 00\n[PANVK_DEBUG_FBD] +128: 00 00 00 00 00 00 00 00 00 00 00 00 00 00 00 00\n[PANVK_DEBUG_FBD] +144: 00 00 00 00 00 00 00 00 00 00 00 00 00 00 00 00\n[PANVK_DEBUG_FBD] +160: 00 00 00 00 00 00 00 00 00 00 00 00 00 00 00 00\n[PANVK_DEBUG_FBD] +176: 00 00 00 00 00 00 00 00 00 00 00 00 00 00 00 00\n[PANVK_DEBUG_FBD] +192: 00 00 00 04 99 8d 88 86 01 28 00 00 00 00 00 00\n[PANVK_DEBUG_FBD] +208: 00 00 00 00 00 00 00 00 00 00 00 00 00 00 00 00\n[PANVK_DEBUG_FBD] +224: 00 c0 cf 2a 78 00 00 00 00 10 00 00 00 40 00 00\n[PANVK_DEBUG_FBD] +240: 20 20 28 ff 20 20 28 ff 20 20 28 ff 20 20 28 ff\n[PANVK_DEBUG_FBD] tagged_ptr=0x7acedfd003 stride=256
[PANVK_DEBUG_FRAGJOB] gpu=0x7acedfd800 size=64\n[PANVK_DEBUG_FRAGJOB] +000: 00 00 00 00 00 00 00 00 00 00 00 00 00 00 00 00\n[PANVK_DEBUG_FRAGJOB] +016: 12 00 01 00 00 00 00 00 00 00 00 00 00 00 00 00\n[PANVK_DEBUG_FRAGJOB] +032: 00 00 00 00 1f 00 1f 00 03 d0 df ce 7a 00 00 00\n[PANVK_DEBUG_FRAGJOB] +048: 00 00 00 00 00 00 00 00 00 00 00 00 00 00 00 00\n[PANVK_DEBUG_SUBMIT] vtc_jc ret=0
[PANVK_DEBUG_JOBSTATUS] vtc_jc job[0] type=11 index=1 dep1=0 dep2=0 next=0x0 exception_status=0x01 (DONE) first_incomplete_task=0 fault_pointer=0x0
[PANVK_DEBUG_JOBSTATUS] vtc_jc job[1] type=9 index=1 dep1=0 dep2=0 next=0x0 exception_status=0x00 (NOT_STARTED) first_incomplete_task=0 fault_pointer=0x0
[PANVK_DEBUG_HEAP] SESUDAH vtc_jc (vertex+tiler) bo->flags=0x2 dev=0x7833800000 size=134217728 host=0x7833800000 mincore=absent -- UNREADABLE (I/O error) => halaman belum ter-commit, tiler tidak menulis apa pun
[PANVK_DEBUG_SUBMIT] frag_jc ret=0
[PANVK_DEBUG_JOBSTATUS] frag_jc job[0] type=11 index=1 dep1=0 dep2=0 next=0x0 exception_status=0x01 (DONE) first_incomplete_task=0 fault_pointer=0x0
[PANVK_DEBUG_JOBSTATUS] frag_jc job[1] type=9 index=1 dep1=0 dep2=0 next=0x0 exception_status=0x01 (DONE) first_incomplete_task=0 fault_pointer=0x0
[PANVK_DEBUG_HEAP] SESUDAH frag_jc (fragment) bo->flags=0x2 dev=0x7833800000 size=134217728 host=0x7833800000 mincore=absent -- UNREADABLE (I/O error) => halaman belum ter-commit, tiler tidak menulis apa pun
[PANVK_DEBUG_SUBMIT] vtc_jc ret=0
[PANVK_DEBUG_JOBSTATUS] vtc_jc job[0] type=4 index=1 dep1=0 dep2=0 next=0x0 exception_status=0x01 (DONE) first_incomplete_task=0 fault_pointer=0x0
[PANVK_DEBUG_JOBSTATUS] vtc_jc job[1] type=4 index=1 dep1=0 dep2=0 next=0x0 exception_status=0x01 (DONE) first_incomplete_task=0 fault_pointer=0x0
[PANVK_DEBUG_HEAP] SESUDAH vtc_jc (vertex+tiler) bo->flags=0x2 dev=0x7833800000 size=134217728 host=0x7833800000 mincore=absent -- UNREADABLE (I/O error) => halaman belum ter-commit, tiler tidak menulis apa pun
CUBEFP frame=004 deg=  40.0 bad=24110 exact_diff=24854 edge=1838 edge_diff=875 faces[R C G M B Y]=0 0 6529 5161 17581 24103 first=(247,138) got=0,0,255 model=255,0,255
[PANVK_DEBUG_BLEND] rt=0 color_write_enables=0xff fmt=37 write_mask=0xf
[PANVK_DEBUG_BLENDFIX] blend_ptr.gpu=0x7aceec8440 bd_count=1 state.blend_descs[0]=0xed00000000019
[PANVK_DEBUG_VP] VkViewport: w=512.000000 h=512.000000 x=0.000000 y=0.000000
[PANVK_DEBUG_VP] computed scale: x=256.000000 y=256.000000
[PANVK_DEBUG_VP] computed offset: x=256.000000 y=256.000000
[PANVK_DEBUG_VSFAU] gpu=0x7aceec8450 count=12 bytes=96: 00 00 80 43 00 00 80 43 00 00 80 3f 00 00 80 43 00 00 80 43 00 00 00 00 f4 81 8e 3f 56 d3 42 3f a8 7d 32 bf 4a a4 20 bf 00 00 00 00 aa 9b b5 3f 90 26 23 3f e8 d5 12 3f 7f d5 a9 3f 60 7a 23 bf 88 c5 15 3f 60 cb 06 3f 00 00 00 00 00 00 00 00 e4 38 8e 40 00 00 a0 40 00 00 00 c7 00 00 00 47
[PANVK_DEBUG_FSFAU] gpu=0x7aceec84b0 count=3 bytes=24: 00 00 00 00 00 00 00 00 00 00 00 00 00 00 00 00 19 00 00 00 00 d0 0e 00
[PANVK_DEBUG_TILERCTX] 192 byte Tiler Context desc: 00 00 00 00 00 00 00 00 ff 00 04 00 ff 01 ff 01 00 00 00 00 00 00 00 00 e0 84 ec ce 7a 00 00 00 00 00 00 00 00 00 00 00 00 00 00 00 00 00 00 00 00 00 00 00 00 00 00 00 00 00 00 00 00 00 00 00 00 00 00 00 00 00 00 00 00 00 00 00 00 00 00 00 00 00 00 00 00 00 00 00 00 00 00 00 00 00 00 00 00 00 00 00 00 00 00 00 00 00 00 00 00 00 00 00 00 00 00 00 00 00 00 00 00 00 00 00 00 00 00 00 00 00 00 00 00 00 00 00 00 00 00 00 00 00 00 00 00 00 00 00 00 00 00 00 00 00 00 00 00 00 00 00 00 00 00 00 00 00 00 00 00 00 00 00 00 00 00 00 00 00 00 00 00 00 00 00 00 00 00 00 00 00 00 00
[PANVK_DEBUG_TILERHEAP] 32 byte Tiler Heap desc: 29 03 00 00 00 00 00 08 00 00 80 33 78 00 00 00 00 00 80 33 78 00 00 00 00 00 80 3b 78 00 00 00
[PANVK_DEBUG_FLAGS1] sample_mask=0xffff render_target_mask=0x1 bound_attachments=0x101
[PANVK_DEBUG_DS] 32 byte Depth/stencil desc: 07 00 00 00 00 00 00 00 00 00 00 00 00 00 00 00 00 00 c0 e4 00 00 00 00 00 00 00 00 00 00 00 00
[PANVK_DEBUG_BLENDRAW] 16 byte Blend desc(s): 00 0a 00 00 22 21 12 f0 19 00 00 00 00 d0 0e 00
[PANVK_DEBUG_MVJ] sesudah pan_jc_add_job gpu=0x7aceec8600 header: type=11 (MALLOC_VERTEX == BENAR) index=1 dep1=0 dep2=0
[PANVK_DEBUG_MVJ] dump 384 byte job descriptor:
[PANVK_DEBUG_MVJ] +000: 00 00 00 00 00 00 00 00 00 00 00 00 00 00 00 00
[PANVK_DEBUG_MVJ] +016: 16 00 01 00 00 00 00 00 00 00 00 00 00 00 00 00
[PANVK_DEBUG_MVJ] +032: 08 80 07 00 00 00 00 00 00 00 00 00 24 00 00 00
[PANVK_DEBUG_MVJ] +048: 01 00 00 00 1c 00 0c 00 00 85 ec ce 7a 00 00 00
[PANVK_DEBUG_MVJ] +064: 00 00 00 00 00 00 00 00 00 00 00 00 00 00 00 00
[PANVK_DEBUG_MVJ] +080: 00 00 00 00 00 00 00 00 00 00 00 00 00 00 00 00
[PANVK_DEBUG_MVJ] +096: 00 00 00 00 00 00 00 00 00 00 00 00 ff 01 ff 01
[PANVK_DEBUG_MVJ] +112: 00 00 80 3f 00 00 00 00 00 00 00 00 00 00 00 00
[PANVK_DEBUG_MVJ] +128: 00 00 81 00 ff ff 01 00 01 00 00 00 00 00 00 00
[PANVK_DEBUG_MVJ] +144: 00 00 00 00 00 00 00 00 00 00 00 00 00 00 80 3f
[PANVK_DEBUG_MVJ] +160: 00 00 00 00 00 00 00 00 80 87 ec ce 7a 00 00 00
[PANVK_DEBUG_MVJ] +176: 41 84 ec ce 7a 00 00 00 00 00 00 00 00 00 00 00
[PANVK_DEBUG_MVJ] +192: 00 00 00 00 03 00 00 00 00 00 00 00 00 00 00 00
[PANVK_DEBUG_MVJ] +208: 00 00 00 00 00 00 00 00 00 00 00 00 00 00 00 00
[PANVK_DEBUG_MVJ] +224: 04 84 ec ce 7a 00 00 00 40 c1 ed ce 7a 00 00 00
[PANVK_DEBUG_MVJ] +240: 00 81 ec ce 7a 00 00 00 b0 84 ec ce 7a 00 00 00
[PANVK_DEBUG_MVJ] +256: 00 00 00 00 0c 00 00 00 00 00 00 00 00 00 00 00
[PANVK_DEBUG_MVJ] +272: 00 00 00 00 00 00 00 00 00 00 00 00 00 00 00 00
[PANVK_DEBUG_MVJ] +288: 84 83 ec ce 7a 00 00 00 c0 c0 ed ce 7a 00 00 00
[PANVK_DEBUG_MVJ] +304: 00 81 ec ce 7a 00 00 00 50 84 ec ce 7a 00 00 00
[PANVK_DEBUG_MVJ] +320: 00 00 00 00 0c 00 00 00 00 00 00 00 00 00 00 00
[PANVK_DEBUG_MVJ] +336: 00 00 00 00 00 00 00 00 00 00 00 00 00 00 00 00
[PANVK_DEBUG_MVJ] +352: 84 83 ec ce 7a 00 00 00 00 c1 ed ce 7a 00 00 00
[PANVK_DEBUG_MVJ] +368: 00 81 ec ce 7a 00 00 00 50 84 ec ce 7a 00 00 00
[PANVK_DEBUG_MVJ] jc state: first_job=0x7aceec8600 job_index=1 tiler_dep=1
[PANVK_DEBUG_RTFMT] rt=0 fmt=84 rt_count=1
[PANVK_DEBUG_FBD] gpu=0x7aceec8000 size=256\n[PANVK_DEBUG_FBD] +000: 00 00 00 00 00 00 00 00 00 00 00 00 00 00 00 00\n[PANVK_DEBUG_FBD] +016: 00 f0 41 d0 7a 00 00 00 00 00 00 00 00 00 00 00\n[PANVK_DEBUG_FBD] +032: ff 01 ff 01 00 00 00 00 ff 01 ff 01 80 50 00 01\n[PANVK_DEBUG_FBD] +048: 00 00 22 00 00 00 80 3f 00 85 ec ce 7a 00 00 00\n[PANVK_DEBUG_FBD] +064: 00 00 00 00 00 00 00 00 00 00 00 00 00 00 00 00\n[PANVK_DEBUG_FBD] +080: 00 00 00 00 00 00 00 00 00 00 00 00 00 00 00 00\n[PANVK_DEBUG_FBD] +096: 00 00 00 00 00 00 00 00 00 00 00 00 00 00 00 00\n[PANVK_DEBUG_FBD] +112: 00 00 00 00 00 00 00 00 00 00 00 00 00 00 00 00\n[PANVK_DEBUG_FBD] +128: 00 00 00 00 00 00 00 00 00 00 00 00 00 00 00 00\n[PANVK_DEBUG_FBD] +144: 00 00 00 00 00 00 00 00 00 00 00 00 00 00 00 00\n[PANVK_DEBUG_FBD] +160: 00 00 00 00 00 00 00 00 00 00 00 00 00 00 00 00\n[PANVK_DEBUG_FBD] +176: 00 00 00 00 00 00 00 00 00 00 00 00 00 00 00 00\n[PANVK_DEBUG_FBD] +192: 00 00 00 04 99 8d 88 86 01 28 00 00 00 00 00 00\n[PANVK_DEBUG_FBD] +208: 00 00 00 00 00 00 00 00 00 00 00 00 00 00 00 00\n[PANVK_DEBUG_FBD] +224: 00 c0 cf 2a 78 00 00 00 00 10 00 00 00 40 00 00\n[PANVK_DEBUG_FBD] +240: 20 20 28 ff 20 20 28 ff 20 20 28 ff 20 20 28 ff\n[PANVK_DEBUG_FBD] tagged_ptr=0x7aceec8003 stride=256
[PANVK_DEBUG_FRAGJOB] gpu=0x7aceec8800 size=64\n[PANVK_DEBUG_FRAGJOB] +000: 00 00 00 00 00 00 00 00 00 00 00 00 00 00 00 00\n[PANVK_DEBUG_FRAGJOB] +016: 12 00 01 00 00 00 00 00 00 00 00 00 00 00 00 00\n[PANVK_DEBUG_FRAGJOB] +032: 00 00 00 00 1f 00 1f 00 03 80 ec ce 7a 00 00 00\n[PANVK_DEBUG_FRAGJOB] +048: 00 00 00 00 00 00 00 00 00 00 00 00 00 00 00 00\n[PANVK_DEBUG_SUBMIT] vtc_jc ret=0
[PANVK_DEBUG_JOBSTATUS] vtc_jc job[0] type=11 index=1 dep1=0 dep2=0 next=0x0 exception_status=0x01 (DONE) first_incomplete_task=0 fault_pointer=0x0
[PANVK_DEBUG_JOBSTATUS] vtc_jc job[1] type=9 index=1 dep1=0 dep2=0 next=0x0 exception_status=0x00 (NOT_STARTED) first_incomplete_task=0 fault_pointer=0x0
[PANVK_DEBUG_HEAP] SESUDAH vtc_jc (vertex+tiler) bo->flags=0x2 dev=0x7833800000 size=134217728 host=0x7833800000 mincore=absent -- UNREADABLE (I/O error) => halaman belum ter-commit, tiler tidak menulis apa pun
[PANVK_DEBUG_SUBMIT] frag_jc ret=0
[PANVK_DEBUG_JOBSTATUS] frag_jc job[0] type=11 index=1 dep1=0 dep2=0 next=0x0 exception_status=0x01 (DONE) first_incomplete_task=0 fault_pointer=0x0
[PANVK_DEBUG_JOBSTATUS] frag_jc job[1] type=9 index=1 dep1=0 dep2=0 next=0x0 exception_status=0x01 (DONE) first_incomplete_task=0 fault_pointer=0x0
[PANVK_DEBUG_HEAP] SESUDAH frag_jc (fragment) bo->flags=0x2 dev=0x7833800000 size=134217728 host=0x7833800000 mincore=absent -- UNREADABLE (I/O error) => halaman belum ter-commit, tiler tidak menulis apa pun
[PANVK_DEBUG_SUBMIT] vtc_jc ret=0
[PANVK_DEBUG_JOBSTATUS] vtc_jc job[0] type=4 index=1 dep1=0 dep2=0 next=0x0 exception_status=0x01 (DONE) first_incomplete_task=0 fault_pointer=0x0
[PANVK_DEBUG_JOBSTATUS] vtc_jc job[1] type=4 index=1 dep1=0 dep2=0 next=0x0 exception_status=0x01 (DONE) first_incomplete_task=0 fault_pointer=0x0
[PANVK_DEBUG_HEAP] SESUDAH vtc_jc (vertex+tiler) bo->flags=0x2 dev=0x7833800000 size=134217728 host=0x7833800000 mincore=absent -- UNREADABLE (I/O error) => halaman belum ter-commit, tiler tidak menulis apa pun
CUBEFP frame=005 deg=  50.0 bad=28706 exact_diff=29329 edge=1776 edge_diff=948 faces[R C G M B Y]=0 309 10929 10031 17468 15050 first=(266,128) got=0,0,255 model=255,0,255
[PANVK_DEBUG_BLEND] rt=0 color_write_enables=0xff fmt=37 write_mask=0xf
[PANVK_DEBUG_BLENDFIX] blend_ptr.gpu=0x7acedfd440 bd_count=1 state.blend_descs[0]=0xed00000000019
[PANVK_DEBUG_VP] VkViewport: w=512.000000 h=512.000000 x=0.000000 y=0.000000
[PANVK_DEBUG_VP] computed scale: x=256.000000 y=256.000000
[PANVK_DEBUG_VP] computed offset: x=256.000000 y=256.000000
[PANVK_DEBUG_VSFAU] gpu=0x7acedfd450 count=12 bytes=96: 00 00 80 43 00 00 80 43 00 00 80 3f 00 00 80 43 00 00 80 43 00 00 00 00 d7 b3 5d 3f 1c 79 80 3f 3c 10 37 bf cf c1 24 bf 00 00 00 00 cf c1 a4 3f 9b 54 3e 3f 25 4c 2b 3f 00 00 c0 3f 12 59 14 bf 28 62 d3 3e bd 3e be 3e 00 00 00 00 00 00 00 00 e4 38 8e 40 00 00 a0 40 00 00 00 c7 00 00 00 47
[PANVK_DEBUG_FSFAU] gpu=0x7acedfd4b0 count=3 bytes=24: 00 00 00 00 00 00 00 00 00 00 00 00 00 00 00 00 19 00 00 00 00 d0 0e 00
[PANVK_DEBUG_TILERCTX] 192 byte Tiler Context desc: 00 00 00 00 00 00 00 00 ff 00 04 00 ff 01 ff 01 00 00 00 00 00 00 00 00 e0 d4 df ce 7a 00 00 00 00 00 00 00 00 00 00 00 00 00 00 00 00 00 00 00 00 00 00 00 00 00 00 00 00 00 00 00 00 00 00 00 00 00 00 00 00 00 00 00 00 00 00 00 00 00 00 00 00 00 00 00 00 00 00 00 00 00 00 00 00 00 00 00 00 00 00 00 00 00 00 00 00 00 00 00 00 00 00 00 00 00 00 00 00 00 00 00 00 00 00 00 00 00 00 00 00 00 00 00 00 00 00 00 00 00 00 00 00 00 00 00 00 00 00 00 00 00 00 00 00 00 00 00 00 00 00 00 00 00 00 00 00 00 00 00 00 00 00 00 00 00 00 00 00 00 00 00 00 00 00 00 00 00 00 00 00 00 00 00
[PANVK_DEBUG_TILERHEAP] 32 byte Tiler Heap desc: 29 03 00 00 00 00 00 08 00 00 80 33 78 00 00 00 00 00 80 33 78 00 00 00 00 00 80 3b 78 00 00 00
[PANVK_DEBUG_FLAGS1] sample_mask=0xffff render_target_mask=0x1 bound_attachments=0x101
[PANVK_DEBUG_DS] 32 byte Depth/stencil desc: 07 00 00 00 00 00 00 00 00 00 00 00 00 00 00 00 00 00 c0 e4 00 00 00 00 00 00 00 00 00 00 00 00
[PANVK_DEBUG_BLENDRAW] 16 byte Blend desc(s): 00 0a 00 00 22 21 12 f0 19 00 00 00 00 d0 0e 00
[PANVK_DEBUG_MVJ] sesudah pan_jc_add_job gpu=0x7acedfd600 header: type=11 (MALLOC_VERTEX == BENAR) index=1 dep1=0 dep2=0
[PANVK_DEBUG_MVJ] dump 384 byte job descriptor:
[PANVK_DEBUG_MVJ] +000: 00 00 00 00 00 00 00 00 00 00 00 00 00 00 00 00
[PANVK_DEBUG_MVJ] +016: 16 00 01 00 00 00 00 00 00 00 00 00 00 00 00 00
[PANVK_DEBUG_MVJ] +032: 08 80 07 00 00 00 00 00 00 00 00 00 24 00 00 00
[PANVK_DEBUG_MVJ] +048: 01 00 00 00 1c 00 0c 00 00 d5 df ce 7a 00 00 00
[PANVK_DEBUG_MVJ] +064: 00 00 00 00 00 00 00 00 00 00 00 00 00 00 00 00
[PANVK_DEBUG_MVJ] +080: 00 00 00 00 00 00 00 00 00 00 00 00 00 00 00 00
[PANVK_DEBUG_MVJ] +096: 00 00 00 00 00 00 00 00 00 00 00 00 ff 01 ff 01
[PANVK_DEBUG_MVJ] +112: 00 00 80 3f 00 00 00 00 00 00 00 00 00 00 00 00
[PANVK_DEBUG_MVJ] +128: 00 00 81 00 ff ff 01 00 01 00 00 00 00 00 00 00
[PANVK_DEBUG_MVJ] +144: 00 00 00 00 00 00 00 00 00 00 00 00 00 00 80 3f
[PANVK_DEBUG_MVJ] +160: 00 00 00 00 00 00 00 00 80 d7 df ce 7a 00 00 00
[PANVK_DEBUG_MVJ] +176: 41 d4 df ce 7a 00 00 00 00 00 00 00 00 00 00 00
[PANVK_DEBUG_MVJ] +192: 00 00 00 00 03 00 00 00 00 00 00 00 00 00 00 00
[PANVK_DEBUG_MVJ] +208: 00 00 00 00 00 00 00 00 00 00 00 00 00 00 00 00
[PANVK_DEBUG_MVJ] +224: 04 d4 df ce 7a 00 00 00 40 c1 ed ce 7a 00 00 00
[PANVK_DEBUG_MVJ] +240: 00 d1 df ce 7a 00 00 00 b0 d4 df ce 7a 00 00 00
[PANVK_DEBUG_MVJ] +256: 00 00 00 00 0c 00 00 00 00 00 00 00 00 00 00 00
[PANVK_DEBUG_MVJ] +272: 00 00 00 00 00 00 00 00 00 00 00 00 00 00 00 00
[PANVK_DEBUG_MVJ] +288: 84 d3 df ce 7a 00 00 00 c0 c0 ed ce 7a 00 00 00
[PANVK_DEBUG_MVJ] +304: 00 d1 df ce 7a 00 00 00 50 d4 df ce 7a 00 00 00
[PANVK_DEBUG_MVJ] +320: 00 00 00 00 0c 00 00 00 00 00 00 00 00 00 00 00
[PANVK_DEBUG_MVJ] +336: 00 00 00 00 00 00 00 00 00 00 00 00 00 00 00 00
[PANVK_DEBUG_MVJ] +352: 84 d3 df ce 7a 00 00 00 00 c1 ed ce 7a 00 00 00
[PANVK_DEBUG_MVJ] +368: 00 d1 df ce 7a 00 00 00 50 d4 df ce 7a 00 00 00
[PANVK_DEBUG_MVJ] jc state: first_job=0x7acedfd600 job_index=1 tiler_dep=1
[PANVK_DEBUG_RTFMT] rt=0 fmt=84 rt_count=1
[PANVK_DEBUG_FBD] gpu=0x7acedfd000 size=256\n[PANVK_DEBUG_FBD] +000: 00 00 00 00 00 00 00 00 00 00 00 00 00 00 00 00\n[PANVK_DEBUG_FBD] +016: 00 f0 41 d0 7a 00 00 00 00 00 00 00 00 00 00 00\n[PANVK_DEBUG_FBD] +032: ff 01 ff 01 00 00 00 00 ff 01 ff 01 80 50 00 01\n[PANVK_DEBUG_FBD] +048: 00 00 22 00 00 00 80 3f 00 d5 df ce 7a 00 00 00\n[PANVK_DEBUG_FBD] +064: 00 00 00 00 00 00 00 00 00 00 00 00 00 00 00 00\n[PANVK_DEBUG_FBD] +080: 00 00 00 00 00 00 00 00 00 00 00 00 00 00 00 00\n[PANVK_DEBUG_FBD] +096: 00 00 00 00 00 00 00 00 00 00 00 00 00 00 00 00\n[PANVK_DEBUG_FBD] +112: 00 00 00 00 00 00 00 00 00 00 00 00 00 00 00 00\n[PANVK_DEBUG_FBD] +128: 00 00 00 00 00 00 00 00 00 00 00 00 00 00 00 00\n[PANVK_DEBUG_FBD] +144: 00 00 00 00 00 00 00 00 00 00 00 00 00 00 00 00\n[PANVK_DEBUG_FBD] +160: 00 00 00 00 00 00 00 00 00 00 00 00 00 00 00 00\n[PANVK_DEBUG_FBD] +176: 00 00 00 00 00 00 00 00 00 00 00 00 00 00 00 00\n[PANVK_DEBUG_FBD] +192: 00 00 00 04 99 8d 88 86 01 28 00 00 00 00 00 00\n[PANVK_DEBUG_FBD] +208: 00 00 00 00 00 00 00 00 00 00 00 00 00 00 00 00\n[PANVK_DEBUG_FBD] +224: 00 c0 cf 2a 78 00 00 00 00 10 00 00 00 40 00 00\n[PANVK_DEBUG_FBD] +240: 20 20 28 ff 20 20 28 ff 20 20 28 ff 20 20 28 ff\n[PANVK_DEBUG_FBD] tagged_ptr=0x7acedfd003 stride=256
[PANVK_DEBUG_FRAGJOB] gpu=0x7acedfd800 size=64\n[PANVK_DEBUG_FRAGJOB] +000: 00 00 00 00 00 00 00 00 00 00 00 00 00 00 00 00\n[PANVK_DEBUG_FRAGJOB] +016: 12 00 01 00 00 00 00 00 00 00 00 00 00 00 00 00\n[PANVK_DEBUG_FRAGJOB] +032: 00 00 00 00 1f 00 1f 00 03 d0 df ce 7a 00 00 00\n[PANVK_DEBUG_FRAGJOB] +048: 00 00 00 00 00 00 00 00 00 00 00 00 00 00 00 00\n[PANVK_DEBUG_SUBMIT] vtc_jc ret=0
[PANVK_DEBUG_JOBSTATUS] vtc_jc job[0] type=11 index=1 dep1=0 dep2=0 next=0x0 exception_status=0x01 (DONE) first_incomplete_task=0 fault_pointer=0x0
[PANVK_DEBUG_JOBSTATUS] vtc_jc job[1] type=9 index=1 dep1=0 dep2=0 next=0x0 exception_status=0x00 (NOT_STARTED) first_incomplete_task=0 fault_pointer=0x0
[PANVK_DEBUG_HEAP] SESUDAH vtc_jc (vertex+tiler) bo->flags=0x2 dev=0x7833800000 size=134217728 host=0x7833800000 mincore=absent -- UNREADABLE (I/O error) => halaman belum ter-commit, tiler tidak menulis apa pun
[PANVK_DEBUG_SUBMIT] frag_jc ret=0
[PANVK_DEBUG_JOBSTATUS] frag_jc job[0] type=11 index=1 dep1=0 dep2=0 next=0x0 exception_status=0x01 (DONE) first_incomplete_task=0 fault_pointer=0x0
[PANVK_DEBUG_JOBSTATUS] frag_jc job[1] type=9 index=1 dep1=0 dep2=0 next=0x0 exception_status=0x01 (DONE) first_incomplete_task=0 fault_pointer=0x0
[PANVK_DEBUG_HEAP] SESUDAH frag_jc (fragment) bo->flags=0x2 dev=0x7833800000 size=134217728 host=0x7833800000 mincore=absent -- UNREADABLE (I/O error) => halaman belum ter-commit, tiler tidak menulis apa pun
[PANVK_DEBUG_SUBMIT] vtc_jc ret=0
[PANVK_DEBUG_JOBSTATUS] vtc_jc job[0] type=4 index=1 dep1=0 dep2=0 next=0x0 exception_status=0x01 (DONE) first_incomplete_task=0 fault_pointer=0x0
[PANVK_DEBUG_JOBSTATUS] vtc_jc job[1] type=4 index=1 dep1=0 dep2=0 next=0x0 exception_status=0x01 (DONE) first_incomplete_task=0 fault_pointer=0x0
[PANVK_DEBUG_HEAP] SESUDAH vtc_jc (vertex+tiler) bo->flags=0x2 dev=0x7833800000 size=134217728 host=0x7833800000 mincore=absent -- UNREADABLE (I/O error) => halaman belum ter-commit, tiler tidak menulis apa pun
CUBEFP frame=006 deg=  60.0 bad=29937 exact_diff=30574 edge=1790 edge_diff=946 faces[R C G M B Y]=0 0 14787 15654 15150 7071 first=(286,119) got=0,0,255 model=255,0,255
[PANVK_DEBUG_BLEND] rt=0 color_write_enables=0xff fmt=37 write_mask=0xf
[PANVK_DEBUG_BLENDFIX] blend_ptr.gpu=0x7aceec8440 bd_count=1 state.blend_descs[0]=0xed00000000019
[PANVK_DEBUG_VP] VkViewport: w=512.000000 h=512.000000 x=0.000000 y=0.000000
[PANVK_DEBUG_VP] computed scale: x=256.000000 y=256.000000
[PANVK_DEBUG_VP] computed offset: x=256.000000 y=256.000000
[PANVK_DEBUG_VSFAU] gpu=0x7aceec8450 count=12 bytes=96: 00 00 80 43 00 00 80 43 00 00 80 3f 00 00 80 43 00 00 80 43 00 00 00 00 48 a7 17 3f f6 3a 9d 3f b6 5b 2f bf 8a d2 1d bf 00 00 00 00 2f 73 91 3f 46 ac 56 3f a6 34 41 3f 0b 55 d0 3f 9b e8 e4 be fc 4c 7f 3e 4a c5 65 3e 00 00 00 00 00 00 00 00 e4 38 8e 40 00 00 a0 40 00 00 00 c7 00 00 00 47
[PANVK_DEBUG_FSFAU] gpu=0x7aceec84b0 count=3 bytes=24: 00 00 00 00 00 00 00 00 00 00 00 00 00 00 00 00 19 00 00 00 00 d0 0e 00
[PANVK_DEBUG_TILERCTX] 192 byte Tiler Context desc: 00 00 00 00 00 00 00 00 ff 00 04 00 ff 01 ff 01 00 00 00 00 00 00 00 00 e0 84 ec ce 7a 00 00 00 00 00 00 00 00 00 00 00 00 00 00 00 00 00 00 00 00 00 00 00 00 00 00 00 00 00 00 00 00 00 00 00 00 00 00 00 00 00 00 00 00 00 00 00 00 00 00 00 00 00 00 00 00 00 00 00 00 00 00 00 00 00 00 00 00 00 00 00 00 00 00 00 00 00 00 00 00 00 00 00 00 00 00 00 00 00 00 00 00 00 00 00 00 00 00 00 00 00 00 00 00 00 00 00 00 00 00 00 00 00 00 00 00 00 00 00 00 00 00 00 00 00 00 00 00 00 00 00 00 00 00 00 00 00 00 00 00 00 00 00 00 00 00 00 00 00 00 00 00 00 00 00 00 00 00 00 00 00 00 00
[PANVK_DEBUG_TILERHEAP] 32 byte Tiler Heap desc: 29 03 00 00 00 00 00 08 00 00 80 33 78 00 00 00 00 00 80 33 78 00 00 00 00 00 80 3b 78 00 00 00
[PANVK_DEBUG_FLAGS1] sample_mask=0xffff render_target_mask=0x1 bound_attachments=0x101
[PANVK_DEBUG_DS] 32 byte Depth/stencil desc: 07 00 00 00 00 00 00 00 00 00 00 00 00 00 00 00 00 00 c0 e4 00 00 00 00 00 00 00 00 00 00 00 00
[PANVK_DEBUG_BLENDRAW] 16 byte Blend desc(s): 00 0a 00 00 22 21 12 f0 19 00 00 00 00 d0 0e 00
[PANVK_DEBUG_MVJ] sesudah pan_jc_add_job gpu=0x7aceec8600 header: type=11 (MALLOC_VERTEX == BENAR) index=1 dep1=0 dep2=0
[PANVK_DEBUG_MVJ] dump 384 byte job descriptor:
[PANVK_DEBUG_MVJ] +000: 00 00 00 00 00 00 00 00 00 00 00 00 00 00 00 00
[PANVK_DEBUG_MVJ] +016: 16 00 01 00 00 00 00 00 00 00 00 00 00 00 00 00
[PANVK_DEBUG_MVJ] +032: 08 80 07 00 00 00 00 00 00 00 00 00 24 00 00 00
[PANVK_DEBUG_MVJ] +048: 01 00 00 00 1c 00 0c 00 00 85 ec ce 7a 00 00 00
[PANVK_DEBUG_MVJ] +064: 00 00 00 00 00 00 00 00 00 00 00 00 00 00 00 00
[PANVK_DEBUG_MVJ] +080: 00 00 00 00 00 00 00 00 00 00 00 00 00 00 00 00
[PANVK_DEBUG_MVJ] +096: 00 00 00 00 00 00 00 00 00 00 00 00 ff 01 ff 01
[PANVK_DEBUG_MVJ] +112: 00 00 80 3f 00 00 00 00 00 00 00 00 00 00 00 00
[PANVK_DEBUG_MVJ] +128: 00 00 81 00 ff ff 01 00 01 00 00 00 00 00 00 00
[PANVK_DEBUG_MVJ] +144: 00 00 00 00 00 00 00 00 00 00 00 00 00 00 80 3f
[PANVK_DEBUG_MVJ] +160: 00 00 00 00 00 00 00 00 80 87 ec ce 7a 00 00 00
[PANVK_DEBUG_MVJ] +176: 41 84 ec ce 7a 00 00 00 00 00 00 00 00 00 00 00
[PANVK_DEBUG_MVJ] +192: 00 00 00 00 03 00 00 00 00 00 00 00 00 00 00 00
[PANVK_DEBUG_MVJ] +208: 00 00 00 00 00 00 00 00 00 00 00 00 00 00 00 00
[PANVK_DEBUG_MVJ] +224: 04 84 ec ce 7a 00 00 00 40 c1 ed ce 7a 00 00 00
[PANVK_DEBUG_MVJ] +240: 00 81 ec ce 7a 00 00 00 b0 84 ec ce 7a 00 00 00
[PANVK_DEBUG_MVJ] +256: 00 00 00 00 0c 00 00 00 00 00 00 00 00 00 00 00
[PANVK_DEBUG_MVJ] +272: 00 00 00 00 00 00 00 00 00 00 00 00 00 00 00 00
[PANVK_DEBUG_MVJ] +288: 84 83 ec ce 7a 00 00 00 c0 c0 ed ce 7a 00 00 00
[PANVK_DEBUG_MVJ] +304: 00 81 ec ce 7a 00 00 00 50 84 ec ce 7a 00 00 00
[PANVK_DEBUG_MVJ] +320: 00 00 00 00 0c 00 00 00 00 00 00 00 00 00 00 00
[PANVK_DEBUG_MVJ] +336: 00 00 00 00 00 00 00 00 00 00 00 00 00 00 00 00
[PANVK_DEBUG_MVJ] +352: 84 83 ec ce 7a 00 00 00 00 c1 ed ce 7a 00 00 00
[PANVK_DEBUG_MVJ] +368: 00 81 ec ce 7a 00 00 00 50 84 ec ce 7a 00 00 00
[PANVK_DEBUG_MVJ] jc state: first_job=0x7aceec8600 job_index=1 tiler_dep=1
[PANVK_DEBUG_RTFMT] rt=0 fmt=84 rt_count=1
[PANVK_DEBUG_FBD] gpu=0x7aceec8000 size=256\n[PANVK_DEBUG_FBD] +000: 00 00 00 00 00 00 00 00 00 00 00 00 00 00 00 00\n[PANVK_DEBUG_FBD] +016: 00 f0 41 d0 7a 00 00 00 00 00 00 00 00 00 00 00\n[PANVK_DEBUG_FBD] +032: ff 01 ff 01 00 00 00 00 ff 01 ff 01 80 50 00 01\n[PANVK_DEBUG_FBD] +048: 00 00 22 00 00 00 80 3f 00 85 ec ce 7a 00 00 00\n[PANVK_DEBUG_FBD] +064: 00 00 00 00 00 00 00 00 00 00 00 00 00 00 00 00\n[PANVK_DEBUG_FBD] +080: 00 00 00 00 00 00 00 00 00 00 00 00 00 00 00 00\n[PANVK_DEBUG_FBD] +096: 00 00 00 00 00 00 00 00 00 00 00 00 00 00 00 00\n[PANVK_DEBUG_FBD] +112: 00 00 00 00 00 00 00 00 00 00 00 00 00 00 00 00\n[PANVK_DEBUG_FBD] +128: 00 00 00 00 00 00 00 00 00 00 00 00 00 00 00 00\n[PANVK_DEBUG_FBD] +144: 00 00 00 00 00 00 00 00 00 00 00 00 00 00 00 00\n[PANVK_DEBUG_FBD] +160: 00 00 00 00 00 00 00 00 00 00 00 00 00 00 00 00\n[PANVK_DEBUG_FBD] +176: 00 00 00 00 00 00 00 00 00 00 00 00 00 00 00 00\n[PANVK_DEBUG_FBD] +192: 00 00 00 04 99 8d 88 86 01 28 00 00 00 00 00 00\n[PANVK_DEBUG_FBD] +208: 00 00 00 00 00 00 00 00 00 00 00 00 00 00 00 00\n[PANVK_DEBUG_FBD] +224: 00 c0 cf 2a 78 00 00 00 00 10 00 00 00 40 00 00\n[PANVK_DEBUG_FBD] +240: 20 20 28 ff 20 20 28 ff 20 20 28 ff 20 20 28 ff\n[PANVK_DEBUG_FBD] tagged_ptr=0x7aceec8003 stride=256
[PANVK_DEBUG_FRAGJOB] gpu=0x7aceec8800 size=64\n[PANVK_DEBUG_FRAGJOB] +000: 00 00 00 00 00 00 00 00 00 00 00 00 00 00 00 00\n[PANVK_DEBUG_FRAGJOB] +016: 12 00 01 00 00 00 00 00 00 00 00 00 00 00 00 00\n[PANVK_DEBUG_FRAGJOB] +032: 00 00 00 00 1f 00 1f 00 03 80 ec ce 7a 00 00 00\n[PANVK_DEBUG_FRAGJOB] +048: 00 00 00 00 00 00 00 00 00 00 00 00 00 00 00 00\n[PANVK_DEBUG_SUBMIT] vtc_jc ret=0
[PANVK_DEBUG_JOBSTATUS] vtc_jc job[0] type=11 index=1 dep1=0 dep2=0 next=0x0 exception_status=0x01 (DONE) first_incomplete_task=0 fault_pointer=0x0
[PANVK_DEBUG_JOBSTATUS] vtc_jc job[1] type=9 index=1 dep1=0 dep2=0 next=0x0 exception_status=0x00 (NOT_STARTED) first_incomplete_task=0 fault_pointer=0x0
[PANVK_DEBUG_HEAP] SESUDAH vtc_jc (vertex+tiler) bo->flags=0x2 dev=0x7833800000 size=134217728 host=0x7833800000 mincore=absent -- UNREADABLE (I/O error) => halaman belum ter-commit, tiler tidak menulis apa pun
[PANVK_DEBUG_SUBMIT] frag_jc ret=0
[PANVK_DEBUG_JOBSTATUS] frag_jc job[0] type=11 index=1 dep1=0 dep2=0 next=0x0 exception_status=0x01 (DONE) first_incomplete_task=0 fault_pointer=0x0
[PANVK_DEBUG_JOBSTATUS] frag_jc job[1] type=9 index=1 dep1=0 dep2=0 next=0x0 exception_status=0x01 (DONE) first_incomplete_task=0 fault_pointer=0x0
[PANVK_DEBUG_HEAP] SESUDAH frag_jc (fragment) bo->flags=0x2 dev=0x7833800000 size=134217728 host=0x7833800000 mincore=absent -- UNREADABLE (I/O error) => halaman belum ter-commit, tiler tidak menulis apa pun
[PANVK_DEBUG_SUBMIT] vtc_jc ret=0
[PANVK_DEBUG_JOBSTATUS] vtc_jc job[0] type=4 index=1 dep1=0 dep2=0 next=0x0 exception_status=0x01 (DONE) first_incomplete_task=0 fault_pointer=0x0
[PANVK_DEBUG_JOBSTATUS] vtc_jc job[1] type=4 index=1 dep1=0 dep2=0 next=0x0 exception_status=0x01 (DONE) first_incomplete_task=0 fault_pointer=0x0
[PANVK_DEBUG_HEAP] SESUDAH vtc_jc (vertex+tiler) bo->flags=0x2 dev=0x7833800000 size=134217728 host=0x7833800000 mincore=absent -- UNREADABLE (I/O error) => halaman belum ter-commit, tiler tidak menulis apa pun
CUBEFP frame=007 deg=  70.0 bad=27901 exact_diff=28527 edge=1804 edge_diff=949 faces[R C G M B Y]=0 0 15553 21721 12348 684 first=(308,116) got=0,0,255 model=255,0,255
[PANVK_DEBUG_BLEND] rt=0 color_write_enables=0xff fmt=37 write_mask=0xf
[PANVK_DEBUG_BLENDFIX] blend_ptr.gpu=0x7acedfd440 bd_count=1 state.blend_descs[0]=0xed00000000019
[PANVK_DEBUG_VP] VkViewport: w=512.000000 h=512.000000 x=0.000000 y=0.000000
[PANVK_DEBUG_VP] computed scale: x=256.000000 y=256.000000
[PANVK_DEBUG_VP] computed offset: x=256.000000 y=256.000000
[PANVK_DEBUG_VSFAU] gpu=0x7acedfd450 count=12 bytes=96: 00 00 80 43 00 00 80 43 00 00 80 3f 00 00 80 43 00 00 80 43 00 00 00 00 31 fe 99 3e e3 01 b5 3f 92 a4 1c bf 83 fa 0c bf 00 00 00 00 ed f2 77 3f ac d0 6b 3f ce 3b 54 3f 98 55 da 3f f5 54 7f be 7f f6 dc 3d d9 dd c6 3d 00 00 00 00 00 00 00 00 e4 38 8e 40 00 00 a0 40 00 00 00 c7 00 00 00 47
[PANVK_DEBUG_FSFAU] gpu=0x7acedfd4b0 count=3 bytes=24: 00 00 00 00 00 00 00 00 00 00 00 00 00 00 00 00 19 00 00 00 00 d0 0e 00
[PANVK_DEBUG_TILERCTX] 192 byte Tiler Context desc: 00 00 00 00 00 00 00 00 ff 00 04 00 ff 01 ff 01 00 00 00 00 00 00 00 00 e0 d4 df ce 7a 00 00 00 00 00 00 00 00 00 00 00 00 00 00 00 00 00 00 00 00 00 00 00 00 00 00 00 00 00 00 00 00 00 00 00 00 00 00 00 00 00 00 00 00 00 00 00 00 00 00 00 00 00 00 00 00 00 00 00 00 00 00 00 00 00 00 00 00 00 00 00 00 00 00 00 00 00 00 00 00 00 00 00 00 00 00 00 00 00 00 00 00 00 00 00 00 00 00 00 00 00 00 00 00 00 00 00 00 00 00 00 00 00 00 00 00 00 00 00 00 00 00 00 00 00 00 00 00 00 00 00 00 00 00 00 00 00 00 00 00 00 00 00 00 00 00 00 00 00 00 00 00 00 00 00 00 00 00 00 00 00 00 00
[PANVK_DEBUG_TILERHEAP] 32 byte Tiler Heap desc: 29 03 00 00 00 00 00 08 00 00 80 33 78 00 00 00 00 00 80 33 78 00 00 00 00 00 80 3b 78 00 00 00
[PANVK_DEBUG_FLAGS1] sample_mask=0xffff render_target_mask=0x1 bound_attachments=0x101
[PANVK_DEBUG_DS] 32 byte Depth/stencil desc: 07 00 00 00 00 00 00 00 00 00 00 00 00 00 00 00 00 00 c0 e4 00 00 00 00 00 00 00 00 00 00 00 00
[PANVK_DEBUG_BLENDRAW] 16 byte Blend desc(s): 00 0a 00 00 22 21 12 f0 19 00 00 00 00 d0 0e 00
[PANVK_DEBUG_MVJ] sesudah pan_jc_add_job gpu=0x7acedfd600 header: type=11 (MALLOC_VERTEX == BENAR) index=1 dep1=0 dep2=0
[PANVK_DEBUG_MVJ] dump 384 byte job descriptor:
[PANVK_DEBUG_MVJ] +000: 00 00 00 00 00 00 00 00 00 00 00 00 00 00 00 00
[PANVK_DEBUG_MVJ] +016: 16 00 01 00 00 00 00 00 00 00 00 00 00 00 00 00
[PANVK_DEBUG_MVJ] +032: 08 80 07 00 00 00 00 00 00 00 00 00 24 00 00 00
[PANVK_DEBUG_MVJ] +048: 01 00 00 00 1c 00 0c 00 00 d5 df ce 7a 00 00 00
[PANVK_DEBUG_MVJ] +064: 00 00 00 00 00 00 00 00 00 00 00 00 00 00 00 00
[PANVK_DEBUG_MVJ] +080: 00 00 00 00 00 00 00 00 00 00 00 00 00 00 00 00
[PANVK_DEBUG_MVJ] +096: 00 00 00 00 00 00 00 00 00 00 00 00 ff 01 ff 01
[PANVK_DEBUG_MVJ] +112: 00 00 80 3f 00 00 00 00 00 00 00 00 00 00 00 00
[PANVK_DEBUG_MVJ] +128: 00 00 81 00 ff ff 01 00 01 00 00 00 00 00 00 00
[PANVK_DEBUG_MVJ] +144: 00 00 00 00 00 00 00 00 00 00 00 00 00 00 80 3f
[PANVK_DEBUG_MVJ] +160: 00 00 00 00 00 00 00 00 80 d7 df ce 7a 00 00 00
[PANVK_DEBUG_MVJ] +176: 41 d4 df ce 7a 00 00 00 00 00 00 00 00 00 00 00
[PANVK_DEBUG_MVJ] +192: 00 00 00 00 03 00 00 00 00 00 00 00 00 00 00 00
[PANVK_DEBUG_MVJ] +208: 00 00 00 00 00 00 00 00 00 00 00 00 00 00 00 00
[PANVK_DEBUG_MVJ] +224: 04 d4 df ce 7a 00 00 00 40 c1 ed ce 7a 00 00 00
[PANVK_DEBUG_MVJ] +240: 00 d1 df ce 7a 00 00 00 b0 d4 df ce 7a 00 00 00
[PANVK_DEBUG_MVJ] +256: 00 00 00 00 0c 00 00 00 00 00 00 00 00 00 00 00
[PANVK_DEBUG_MVJ] +272: 00 00 00 00 00 00 00 00 00 00 00 00 00 00 00 00
[PANVK_DEBUG_MVJ] +288: 84 d3 df ce 7a 00 00 00 c0 c0 ed ce 7a 00 00 00
[PANVK_DEBUG_MVJ] +304: 00 d1 df ce 7a 00 00 00 50 d4 df ce 7a 00 00 00
[PANVK_DEBUG_MVJ] +320: 00 00 00 00 0c 00 00 00 00 00 00 00 00 00 00 00
[PANVK_DEBUG_MVJ] +336: 00 00 00 00 00 00 00 00 00 00 00 00 00 00 00 00
[PANVK_DEBUG_MVJ] +352: 84 d3 df ce 7a 00 00 00 00 c1 ed ce 7a 00 00 00
[PANVK_DEBUG_MVJ] +368: 00 d1 df ce 7a 00 00 00 50 d4 df ce 7a 00 00 00
[PANVK_DEBUG_MVJ] jc state: first_job=0x7acedfd600 job_index=1 tiler_dep=1
[PANVK_DEBUG_RTFMT] rt=0 fmt=84 rt_count=1
[PANVK_DEBUG_FBD] gpu=0x7acedfd000 size=256\n[PANVK_DEBUG_FBD] +000: 00 00 00 00 00 00 00 00 00 00 00 00 00 00 00 00\n[PANVK_DEBUG_FBD] +016: 00 f0 41 d0 7a 00 00 00 00 00 00 00 00 00 00 00\n[PANVK_DEBUG_FBD] +032: ff 01 ff 01 00 00 00 00 ff 01 ff 01 80 50 00 01\n[PANVK_DEBUG_FBD] +048: 00 00 22 00 00 00 80 3f 00 d5 df ce 7a 00 00 00\n[PANVK_DEBUG_FBD] +064: 00 00 00 00 00 00 00 00 00 00 00 00 00 00 00 00\n[PANVK_DEBUG_FBD] +080: 00 00 00 00 00 00 00 00 00 00 00 00 00 00 00 00\n[PANVK_DEBUG_FBD] +096: 00 00 00 00 00 00 00 00 00 00 00 00 00 00 00 00\n[PANVK_DEBUG_FBD] +112: 00 00 00 00 00 00 00 00 00 00 00 00 00 00 00 00\n[PANVK_DEBUG_FBD] +128: 00 00 00 00 00 00 00 00 00 00 00 00 00 00 00 00\n[PANVK_DEBUG_FBD] +144: 00 00 00 00 00 00 00 00 00 00 00 00 00 00 00 00\n[PANVK_DEBUG_FBD] +160: 00 00 00 00 00 00 00 00 00 00 00 00 00 00 00 00\n[PANVK_DEBUG_FBD] +176: 00 00 00 00 00 00 00 00 00 00 00 00 00 00 00 00\n[PANVK_DEBUG_FBD] +192: 00 00 00 04 99 8d 88 86 01 28 00 00 00 00 00 00\n[PANVK_DEBUG_FBD] +208: 00 00 00 00 00 00 00 00 00 00 00 00 00 00 00 00\n[PANVK_DEBUG_FBD] +224: 00 c0 cf 2a 78 00 00 00 00 10 00 00 00 40 00 00\n[PANVK_DEBUG_FBD] +240: 20 20 28 ff 20 20 28 ff 20 20 28 ff 20 20 28 ff\n[PANVK_DEBUG_FBD] tagged_ptr=0x7acedfd003 stride=256
[PANVK_DEBUG_FRAGJOB] gpu=0x7acedfd800 size=64\n[PANVK_DEBUG_FRAGJOB] +000: 00 00 00 00 00 00 00 00 00 00 00 00 00 00 00 00\n[PANVK_DEBUG_FRAGJOB] +016: 12 00 01 00 00 00 00 00 00 00 00 00 00 00 00 00\n[PANVK_DEBUG_FRAGJOB] +032: 00 00 00 00 1f 00 1f 00 03 d0 df ce 7a 00 00 00\n[PANVK_DEBUG_FRAGJOB] +048: 00 00 00 00 00 00 00 00 00 00 00 00 00 00 00 00\n[PANVK_DEBUG_SUBMIT] vtc_jc ret=0
[PANVK_DEBUG_JOBSTATUS] vtc_jc job[0] type=11 index=1 dep1=0 dep2=0 next=0x0 exception_status=0x01 (DONE) first_incomplete_task=0 fault_pointer=0x0
[PANVK_DEBUG_JOBSTATUS] vtc_jc job[1] type=9 index=1 dep1=0 dep2=0 next=0x0 exception_status=0x00 (NOT_STARTED) first_incomplete_task=0 fault_pointer=0x0
[PANVK_DEBUG_HEAP] SESUDAH vtc_jc (vertex+tiler) bo->flags=0x2 dev=0x7833800000 size=134217728 host=0x7833800000 mincore=absent -- UNREADABLE (I/O error) => halaman belum ter-commit, tiler tidak menulis apa pun
[PANVK_DEBUG_SUBMIT] frag_jc ret=0
[PANVK_DEBUG_JOBSTATUS] frag_jc job[0] type=11 index=1 dep1=0 dep2=0 next=0x0 exception_status=0x01 (DONE) first_incomplete_task=0 fault_pointer=0x0
[PANVK_DEBUG_JOBSTATUS] frag_jc job[1] type=9 index=1 dep1=0 dep2=0 next=0x0 exception_status=0x01 (DONE) first_incomplete_task=0 fault_pointer=0x0
[PANVK_DEBUG_HEAP] SESUDAH frag_jc (fragment) bo->flags=0x2 dev=0x7833800000 size=134217728 host=0x7833800000 mincore=absent -- UNREADABLE (I/O error) => halaman belum ter-commit, tiler tidak menulis apa pun
[PANVK_DEBUG_SUBMIT] vtc_jc ret=0
[PANVK_DEBUG_JOBSTATUS] vtc_jc job[0] type=4 index=1 dep1=0 dep2=0 next=0x0 exception_status=0x01 (DONE) first_incomplete_task=0 fault_pointer=0x0
[PANVK_DEBUG_JOBSTATUS] vtc_jc job[1] type=4 index=1 dep1=0 dep2=0 next=0x0 exception_status=0x01 (DONE) first_incomplete_task=0 fault_pointer=0x0
[PANVK_DEBUG_HEAP] SESUDAH vtc_jc (vertex+tiler) bo->flags=0x2 dev=0x7833800000 size=134217728 host=0x7833800000 mincore=absent -- UNREADABLE (I/O error) => halaman belum ter-commit, tiler tidak menulis apa pun
CUBEFP frame=008 deg=  80.0 bad=25577 exact_diff=26330 edge=1577 edge_diff=738 faces[R C G M B Y]=0 0 12698 25457 9346 3533 first=(330,117) got=0,0,255 model=255,0,255
[PANVK_DEBUG_BLEND] rt=0 color_write_enables=0xff fmt=37 write_mask=0xf
[PANVK_DEBUG_BLENDFIX] blend_ptr.gpu=0x7aceec8440 bd_count=1 state.blend_descs[0]=0xed00000000019
[PANVK_DEBUG_VP] VkViewport: w=512.000000 h=512.000000 x=0.000000 y=0.000000
[PANVK_DEBUG_VP] computed scale: x=256.000000 y=256.000000
[PANVK_DEBUG_VP] computed offset: x=256.000000 y=256.000000
[PANVK_DEBUG_VSFAU] gpu=0x7aceec8450 count=12 bytes=96: 00 00 80 43 00 00 80 43 00 00 80 3f 00 00 80 43 00 00 80 43 00 00 00 00 50 8d f4 24 d3 89 c5 3f 94 22 01 bf 71 71 e8 be 00 00 00 00 3a 4d 49 3f 1d 71 7d 3f 01 19 64 3f d7 b3 dd 3f be e5 d9 a4 b9 71 0e 24 26 33 00 24 00 00 00 00 00 00 00 00 e4 38 8e 40 00 00 a0 40 00 00 00 c7 00 00 00 47
[PANVK_DEBUG_FSFAU] gpu=0x7aceec84b0 count=3 bytes=24: 00 00 00 00 00 00 00 00 00 00 00 00 00 00 00 00 19 00 00 00 00 d0 0e 00
[PANVK_DEBUG_TILERCTX] 192 byte Tiler Context desc: 00 00 00 00 00 00 00 00 ff 00 04 00 ff 01 ff 01 00 00 00 00 00 00 00 00 e0 84 ec ce 7a 00 00 00 00 00 00 00 00 00 00 00 00 00 00 00 00 00 00 00 00 00 00 00 00 00 00 00 00 00 00 00 00 00 00 00 00 00 00 00 00 00 00 00 00 00 00 00 00 00 00 00 00 00 00 00 00 00 00 00 00 00 00 00 00 00 00 00 00 00 00 00 00 00 00 00 00 00 00 00 00 00 00 00 00 00 00 00 00 00 00 00 00 00 00 00 00 00 00 00 00 00 00 00 00 00 00 00 00 00 00 00 00 00 00 00 00 00 00 00 00 00 00 00 00 00 00 00 00 00 00 00 00 00 00 00 00 00 00 00 00 00 00 00 00 00 00 00 00 00 00 00 00 00 00 00 00 00 00 00 00 00 00 00
[PANVK_DEBUG_TILERHEAP] 32 byte Tiler Heap desc: 29 03 00 00 00 00 00 08 00 00 80 33 78 00 00 00 00 00 80 33 78 00 00 00 00 00 80 3b 78 00 00 00
[PANVK_DEBUG_FLAGS1] sample_mask=0xffff render_target_mask=0x1 bound_attachments=0x101
[PANVK_DEBUG_DS] 32 byte Depth/stencil desc: 07 00 00 00 00 00 00 00 00 00 00 00 00 00 00 00 00 00 c0 e4 00 00 00 00 00 00 00 00 00 00 00 00
[PANVK_DEBUG_BLENDRAW] 16 byte Blend desc(s): 00 0a 00 00 22 21 12 f0 19 00 00 00 00 d0 0e 00
[PANVK_DEBUG_MVJ] sesudah pan_jc_add_job gpu=0x7aceec8600 header: type=11 (MALLOC_VERTEX == BENAR) index=1 dep1=0 dep2=0
[PANVK_DEBUG_MVJ] dump 384 byte job descriptor:
[PANVK_DEBUG_MVJ] +000: 00 00 00 00 00 00 00 00 00 00 00 00 00 00 00 00
[PANVK_DEBUG_MVJ] +016: 16 00 01 00 00 00 00 00 00 00 00 00 00 00 00 00
[PANVK_DEBUG_MVJ] +032: 08 80 07 00 00 00 00 00 00 00 00 00 24 00 00 00
[PANVK_DEBUG_MVJ] +048: 01 00 00 00 1c 00 0c 00 00 85 ec ce 7a 00 00 00
[PANVK_DEBUG_MVJ] +064: 00 00 00 00 00 00 00 00 00 00 00 00 00 00 00 00
[PANVK_DEBUG_MVJ] +080: 00 00 00 00 00 00 00 00 00 00 00 00 00 00 00 00
[PANVK_DEBUG_MVJ] +096: 00 00 00 00 00 00 00 00 00 00 00 00 ff 01 ff 01
[PANVK_DEBUG_MVJ] +112: 00 00 80 3f 00 00 00 00 00 00 00 00 00 00 00 00
[PANVK_DEBUG_MVJ] +128: 00 00 81 00 ff ff 01 00 01 00 00 00 00 00 00 00
[PANVK_DEBUG_MVJ] +144: 00 00 00 00 00 00 00 00 00 00 00 00 00 00 80 3f
[PANVK_DEBUG_MVJ] +160: 00 00 00 00 00 00 00 00 80 87 ec ce 7a 00 00 00
[PANVK_DEBUG_MVJ] +176: 41 84 ec ce 7a 00 00 00 00 00 00 00 00 00 00 00
[PANVK_DEBUG_MVJ] +192: 00 00 00 00 03 00 00 00 00 00 00 00 00 00 00 00
[PANVK_DEBUG_MVJ] +208: 00 00 00 00 00 00 00 00 00 00 00 00 00 00 00 00
[PANVK_DEBUG_MVJ] +224: 04 84 ec ce 7a 00 00 00 40 c1 ed ce 7a 00 00 00
[PANVK_DEBUG_MVJ] +240: 00 81 ec ce 7a 00 00 00 b0 84 ec ce 7a 00 00 00
[PANVK_DEBUG_MVJ] +256: 00 00 00 00 0c 00 00 00 00 00 00 00 00 00 00 00
[PANVK_DEBUG_MVJ] +272: 00 00 00 00 00 00 00 00 00 00 00 00 00 00 00 00
[PANVK_DEBUG_MVJ] +288: 84 83 ec ce 7a 00 00 00 c0 c0 ed ce 7a 00 00 00
[PANVK_DEBUG_MVJ] +304: 00 81 ec ce 7a 00 00 00 50 84 ec ce 7a 00 00 00
[PANVK_DEBUG_MVJ] +320: 00 00 00 00 0c 00 00 00 00 00 00 00 00 00 00 00
[PANVK_DEBUG_MVJ] +336: 00 00 00 00 00 00 00 00 00 00 00 00 00 00 00 00
[PANVK_DEBUG_MVJ] +352: 84 83 ec ce 7a 00 00 00 00 c1 ed ce 7a 00 00 00
[PANVK_DEBUG_MVJ] +368: 00 81 ec ce 7a 00 00 00 50 84 ec ce 7a 00 00 00
[PANVK_DEBUG_MVJ] jc state: first_job=0x7aceec8600 job_index=1 tiler_dep=1
[PANVK_DEBUG_RTFMT] rt=0 fmt=84 rt_count=1
[PANVK_DEBUG_FBD] gpu=0x7aceec8000 size=256\n[PANVK_DEBUG_FBD] +000: 00 00 00 00 00 00 00 00 00 00 00 00 00 00 00 00\n[PANVK_DEBUG_FBD] +016: 00 f0 41 d0 7a 00 00 00 00 00 00 00 00 00 00 00\n[PANVK_DEBUG_FBD] +032: ff 01 ff 01 00 00 00 00 ff 01 ff 01 80 50 00 01\n[PANVK_DEBUG_FBD] +048: 00 00 22 00 00 00 80 3f 00 85 ec ce 7a 00 00 00\n[PANVK_DEBUG_FBD] +064: 00 00 00 00 00 00 00 00 00 00 00 00 00 00 00 00\n[PANVK_DEBUG_FBD] +080: 00 00 00 00 00 00 00 00 00 00 00 00 00 00 00 00\n[PANVK_DEBUG_FBD] +096: 00 00 00 00 00 00 00 00 00 00 00 00 00 00 00 00\n[PANVK_DEBUG_FBD] +112: 00 00 00 00 00 00 00 00 00 00 00 00 00 00 00 00\n[PANVK_DEBUG_FBD] +128: 00 00 00 00 00 00 00 00 00 00 00 00 00 00 00 00\n[PANVK_DEBUG_FBD] +144: 00 00 00 00 00 00 00 00 00 00 00 00 00 00 00 00\n[PANVK_DEBUG_FBD] +160: 00 00 00 00 00 00 00 00 00 00 00 00 00 00 00 00\n[PANVK_DEBUG_FBD] +176: 00 00 00 00 00 00 00 00 00 00 00 00 00 00 00 00\n[PANVK_DEBUG_FBD] +192: 00 00 00 04 99 8d 88 86 01 28 00 00 00 00 00 00\n[PANVK_DEBUG_FBD] +208: 00 00 00 00 00 00 00 00 00 00 00 00 00 00 00 00\n[PANVK_DEBUG_FBD] +224: 00 c0 cf 2a 78 00 00 00 00 10 00 00 00 40 00 00\n[PANVK_DEBUG_FBD] +240: 20 20 28 ff 20 20 28 ff 20 20 28 ff 20 20 28 ff\n[PANVK_DEBUG_FBD] tagged_ptr=0x7aceec8003 stride=256
[PANVK_DEBUG_FRAGJOB] gpu=0x7aceec8800 size=64\n[PANVK_DEBUG_FRAGJOB] +000: 00 00 00 00 00 00 00 00 00 00 00 00 00 00 00 00\n[PANVK_DEBUG_FRAGJOB] +016: 12 00 01 00 00 00 00 00 00 00 00 00 00 00 00 00\n[PANVK_DEBUG_FRAGJOB] +032: 00 00 00 00 1f 00 1f 00 03 80 ec ce 7a 00 00 00\n[PANVK_DEBUG_FRAGJOB] +048: 00 00 00 00 00 00 00 00 00 00 00 00 00 00 00 00\n[PANVK_DEBUG_SUBMIT] vtc_jc ret=0
[PANVK_DEBUG_JOBSTATUS] vtc_jc job[0] type=11 index=1 dep1=0 dep2=0 next=0x0 exception_status=0x01 (DONE) first_incomplete_task=0 fault_pointer=0x0
[PANVK_DEBUG_JOBSTATUS] vtc_jc job[1] type=9 index=1 dep1=0 dep2=0 next=0x0 exception_status=0x00 (NOT_STARTED) first_incomplete_task=0 fault_pointer=0x0
[PANVK_DEBUG_HEAP] SESUDAH vtc_jc (vertex+tiler) bo->flags=0x2 dev=0x7833800000 size=134217728 host=0x7833800000 mincore=absent -- UNREADABLE (I/O error) => halaman belum ter-commit, tiler tidak menulis apa pun
[PANVK_DEBUG_SUBMIT] frag_jc ret=0
[PANVK_DEBUG_JOBSTATUS] frag_jc job[0] type=11 index=1 dep1=0 dep2=0 next=0x0 exception_status=0x01 (DONE) first_incomplete_task=0 fault_pointer=0x0
[PANVK_DEBUG_JOBSTATUS] frag_jc job[1] type=9 index=1 dep1=0 dep2=0 next=0x0 exception_status=0x01 (DONE) first_incomplete_task=0 fault_pointer=0x0
[PANVK_DEBUG_HEAP] SESUDAH frag_jc (fragment) bo->flags=0x2 dev=0x7833800000 size=134217728 host=0x7833800000 mincore=absent -- UNREADABLE (I/O error) => halaman belum ter-commit, tiler tidak menulis apa pun
[PANVK_DEBUG_SUBMIT] vtc_jc ret=0
[PANVK_DEBUG_JOBSTATUS] vtc_jc job[0] type=4 index=1 dep1=0 dep2=0 next=0x0 exception_status=0x01 (DONE) first_incomplete_task=0 fault_pointer=0x0
[PANVK_DEBUG_JOBSTATUS] vtc_jc job[1] type=4 index=1 dep1=0 dep2=0 next=0x0 exception_status=0x01 (DONE) first_incomplete_task=0 fault_pointer=0x0
[PANVK_DEBUG_HEAP] SESUDAH vtc_jc (vertex+tiler) bo->flags=0x2 dev=0x7833800000 size=134217728 host=0x7833800000 mincore=absent -- UNREADABLE (I/O error) => halaman belum ter-commit, tiler tidak menulis apa pun
CUBEFP frame=009 deg=  90.0 bad=21779 exact_diff=22702 edge=1599 edge_diff=838 faces[R C G M B Y]=0 0 8546 28630 6668 6565 first=(159,128) got=255,255,0 model=255,0,255
[PANVK_DEBUG_BLEND] rt=0 color_write_enables=0xff fmt=37 write_mask=0xf
[PANVK_DEBUG_BLENDFIX] blend_ptr.gpu=0x7acedfd440 bd_count=1 state.blend_descs[0]=0xed00000000019
[PANVK_DEBUG_VP] VkViewport: w=512.000000 h=512.000000 x=0.000000 y=0.000000
[PANVK_DEBUG_VP] computed scale: x=256.000000 y=256.000000
[PANVK_DEBUG_VP] computed offset: x=256.000000 y=256.000000
[PANVK_DEBUG_VSFAU] gpu=0x7acedfd450 count=12 bytes=96: 00 00 80 43 00 00 80 43 00 00 80 3f 00 00 80 43 00 00 80 43 00 00 00 00 31 fe 99 be cc 2a cd 3f 90 9d bf be 35 74 ac be 00 00 00 00 48 a7 17 3f 2a a5 85 3f b2 8f 70 3f 98 55 da 3f bf b4 90 3e de 25 87 bd 29 44 73 bd 00 00 00 00 00 00 00 00 e4 38 8e 40 00 00 a0 40 00 00 00 c7 00 00 00 47
[PANVK_DEBUG_FSFAU] gpu=0x7acedfd4b0 count=3 bytes=24: 00 00 00 00 00 00 00 00 00 00 00 00 00 00 00 00 19 00 00 00 00 d0 0e 00
[PANVK_DEBUG_TILERCTX] 192 byte Tiler Context desc: 00 00 00 00 00 00 00 00 ff 00 04 00 ff 01 ff 01 00 00 00 00 00 00 00 00 e0 d4 df ce 7a 00 00 00 00 00 00 00 00 00 00 00 00 00 00 00 00 00 00 00 00 00 00 00 00 00 00 00 00 00 00 00 00 00 00 00 00 00 00 00 00 00 00 00 00 00 00 00 00 00 00 00 00 00 00 00 00 00 00 00 00 00 00 00 00 00 00 00 00 00 00 00 00 00 00 00 00 00 00 00 00 00 00 00 00 00 00 00 00 00 00 00 00 00 00 00 00 00 00 00 00 00 00 00 00 00 00 00 00 00 00 00 00 00 00 00 00 00 00 00 00 00 00 00 00 00 00 00 00 00 00 00 00 00 00 00 00 00 00 00 00 00 00 00 00 00 00 00 00 00 00 00 00 00 00 00 00 00 00 00 00 00 00 00
[PANVK_DEBUG_TILERHEAP] 32 byte Tiler Heap desc: 29 03 00 00 00 00 00 08 00 00 80 33 78 00 00 00 00 00 80 33 78 00 00 00 00 00 80 3b 78 00 00 00
[PANVK_DEBUG_FLAGS1] sample_mask=0xffff render_target_mask=0x1 bound_attachments=0x101
[PANVK_DEBUG_DS] 32 byte Depth/stencil desc: 07 00 00 00 00 00 00 00 00 00 00 00 00 00 00 00 00 00 c0 e4 00 00 00 00 00 00 00 00 00 00 00 00
[PANVK_DEBUG_BLENDRAW] 16 byte Blend desc(s): 00 0a 00 00 22 21 12 f0 19 00 00 00 00 d0 0e 00
[PANVK_DEBUG_MVJ] sesudah pan_jc_add_job gpu=0x7acedfd600 header: type=11 (MALLOC_VERTEX == BENAR) index=1 dep1=0 dep2=0
[PANVK_DEBUG_MVJ] dump 384 byte job descriptor:
[PANVK_DEBUG_MVJ] +000: 00 00 00 00 00 00 00 00 00 00 00 00 00 00 00 00
[PANVK_DEBUG_MVJ] +016: 16 00 01 00 00 00 00 00 00 00 00 00 00 00 00 00
[PANVK_DEBUG_MVJ] +032: 08 80 07 00 00 00 00 00 00 00 00 00 24 00 00 00
[PANVK_DEBUG_MVJ] +048: 01 00 00 00 1c 00 0c 00 00 d5 df ce 7a 00 00 00
[PANVK_DEBUG_MVJ] +064: 00 00 00 00 00 00 00 00 00 00 00 00 00 00 00 00
[PANVK_DEBUG_MVJ] +080: 00 00 00 00 00 00 00 00 00 00 00 00 00 00 00 00
[PANVK_DEBUG_MVJ] +096: 00 00 00 00 00 00 00 00 00 00 00 00 ff 01 ff 01
[PANVK_DEBUG_MVJ] +112: 00 00 80 3f 00 00 00 00 00 00 00 00 00 00 00 00
[PANVK_DEBUG_MVJ] +128: 00 00 81 00 ff ff 01 00 01 00 00 00 00 00 00 00
[PANVK_DEBUG_MVJ] +144: 00 00 00 00 00 00 00 00 00 00 00 00 00 00 80 3f
[PANVK_DEBUG_MVJ] +160: 00 00 00 00 00 00 00 00 80 d7 df ce 7a 00 00 00
[PANVK_DEBUG_MVJ] +176: 41 d4 df ce 7a 00 00 00 00 00 00 00 00 00 00 00
[PANVK_DEBUG_MVJ] +192: 00 00 00 00 03 00 00 00 00 00 00 00 00 00 00 00
[PANVK_DEBUG_MVJ] +208: 00 00 00 00 00 00 00 00 00 00 00 00 00 00 00 00
[PANVK_DEBUG_MVJ] +224: 04 d4 df ce 7a 00 00 00 40 c1 ed ce 7a 00 00 00
[PANVK_DEBUG_MVJ] +240: 00 d1 df ce 7a 00 00 00 b0 d4 df ce 7a 00 00 00
[PANVK_DEBUG_MVJ] +256: 00 00 00 00 0c 00 00 00 00 00 00 00 00 00 00 00
[PANVK_DEBUG_MVJ] +272: 00 00 00 00 00 00 00 00 00 00 00 00 00 00 00 00
[PANVK_DEBUG_MVJ] +288: 84 d3 df ce 7a 00 00 00 c0 c0 ed ce 7a 00 00 00
[PANVK_DEBUG_MVJ] +304: 00 d1 df ce 7a 00 00 00 50 d4 df ce 7a 00 00 00
[PANVK_DEBUG_MVJ] +320: 00 00 00 00 0c 00 00 00 00 00 00 00 00 00 00 00
[PANVK_DEBUG_MVJ] +336: 00 00 00 00 00 00 00 00 00 00 00 00 00 00 00 00
[PANVK_DEBUG_MVJ] +352: 84 d3 df ce 7a 00 00 00 00 c1 ed ce 7a 00 00 00
[PANVK_DEBUG_MVJ] +368: 00 d1 df ce 7a 00 00 00 50 d4 df ce 7a 00 00 00
[PANVK_DEBUG_MVJ] jc state: first_job=0x7acedfd600 job_index=1 tiler_dep=1
[PANVK_DEBUG_RTFMT] rt=0 fmt=84 rt_count=1
[PANVK_DEBUG_FBD] gpu=0x7acedfd000 size=256\n[PANVK_DEBUG_FBD] +000: 00 00 00 00 00 00 00 00 00 00 00 00 00 00 00 00\n[PANVK_DEBUG_FBD] +016: 00 f0 41 d0 7a 00 00 00 00 00 00 00 00 00 00 00\n[PANVK_DEBUG_FBD] +032: ff 01 ff 01 00 00 00 00 ff 01 ff 01 80 50 00 01\n[PANVK_DEBUG_FBD] +048: 00 00 22 00 00 00 80 3f 00 d5 df ce 7a 00 00 00\n[PANVK_DEBUG_FBD] +064: 00 00 00 00 00 00 00 00 00 00 00 00 00 00 00 00\n[PANVK_DEBUG_FBD] +080: 00 00 00 00 00 00 00 00 00 00 00 00 00 00 00 00\n[PANVK_DEBUG_FBD] +096: 00 00 00 00 00 00 00 00 00 00 00 00 00 00 00 00\n[PANVK_DEBUG_FBD] +112: 00 00 00 00 00 00 00 00 00 00 00 00 00 00 00 00\n[PANVK_DEBUG_FBD] +128: 00 00 00 00 00 00 00 00 00 00 00 00 00 00 00 00\n[PANVK_DEBUG_FBD] +144: 00 00 00 00 00 00 00 00 00 00 00 00 00 00 00 00\n[PANVK_DEBUG_FBD] +160: 00 00 00 00 00 00 00 00 00 00 00 00 00 00 00 00\n[PANVK_DEBUG_FBD] +176: 00 00 00 00 00 00 00 00 00 00 00 00 00 00 00 00\n[PANVK_DEBUG_FBD] +192: 00 00 00 04 99 8d 88 86 01 28 00 00 00 00 00 00\n[PANVK_DEBUG_FBD] +208: 00 00 00 00 00 00 00 00 00 00 00 00 00 00 00 00\n[PANVK_DEBUG_FBD] +224: 00 c0 cf 2a 78 00 00 00 00 10 00 00 00 40 00 00\n[PANVK_DEBUG_FBD] +240: 20 20 28 ff 20 20 28 ff 20 20 28 ff 20 20 28 ff\n[PANVK_DEBUG_FBD] tagged_ptr=0x7acedfd003 stride=256
[PANVK_DEBUG_FRAGJOB] gpu=0x7acedfd800 size=64\n[PANVK_DEBUG_FRAGJOB] +000: 00 00 00 00 00 00 00 00 00 00 00 00 00 00 00 00\n[PANVK_DEBUG_FRAGJOB] +016: 12 00 01 00 00 00 00 00 00 00 00 00 00 00 00 00\n[PANVK_DEBUG_FRAGJOB] +032: 00 00 00 00 1f 00 1f 00 03 d0 df ce 7a 00 00 00\n[PANVK_DEBUG_FRAGJOB] +048: 00 00 00 00 00 00 00 00 00 00 00 00 00 00 00 00\n[PANVK_DEBUG_SUBMIT] vtc_jc ret=0
[PANVK_DEBUG_JOBSTATUS] vtc_jc job[0] type=11 index=1 dep1=0 dep2=0 next=0x0 exception_status=0x01 (DONE) first_incomplete_task=0 fault_pointer=0x0
[PANVK_DEBUG_JOBSTATUS] vtc_jc job[1] type=9 index=1 dep1=0 dep2=0 next=0x0 exception_status=0x00 (NOT_STARTED) first_incomplete_task=0 fault_pointer=0x0
[PANVK_DEBUG_HEAP] SESUDAH vtc_jc (vertex+tiler) bo->flags=0x2 dev=0x7833800000 size=134217728 host=0x7833800000 mincore=absent -- UNREADABLE (I/O error) => halaman belum ter-commit, tiler tidak menulis apa pun
[PANVK_DEBUG_SUBMIT] frag_jc ret=0
[PANVK_DEBUG_JOBSTATUS] frag_jc job[0] type=11 index=1 dep1=0 dep2=0 next=0x0 exception_status=0x01 (DONE) first_incomplete_task=0 fault_pointer=0x0
[PANVK_DEBUG_JOBSTATUS] frag_jc job[1] type=9 index=1 dep1=0 dep2=0 next=0x0 exception_status=0x01 (DONE) first_incomplete_task=0 fault_pointer=0x0
[PANVK_DEBUG_HEAP] SESUDAH frag_jc (fragment) bo->flags=0x2 dev=0x7833800000 size=134217728 host=0x7833800000 mincore=absent -- UNREADABLE (I/O error) => halaman belum ter-commit, tiler tidak menulis apa pun
[PANVK_DEBUG_SUBMIT] vtc_jc ret=0
[PANVK_DEBUG_JOBSTATUS] vtc_jc job[0] type=4 index=1 dep1=0 dep2=0 next=0x0 exception_status=0x01 (DONE) first_incomplete_task=0 fault_pointer=0x0
[PANVK_DEBUG_JOBSTATUS] vtc_jc job[1] type=4 index=1 dep1=0 dep2=0 next=0x0 exception_status=0x01 (DONE) first_incomplete_task=0 fault_pointer=0x0
[PANVK_DEBUG_HEAP] SESUDAH vtc_jc (vertex+tiler) bo->flags=0x2 dev=0x7833800000 size=134217728 host=0x7833800000 mincore=absent -- UNREADABLE (I/O error) => halaman belum ter-commit, tiler tidak menulis apa pun
CUBEFP frame=010 deg= 100.0 bad=17321 exact_diff=18085 edge=1606 edge_diff=738 faces[R C G M B Y]=0 0 4252 31357 4837 8232 first=(175,115) got=255,255,0 model=255,0,255
[PANVK_DEBUG_BLEND] rt=0 color_write_enables=0xff fmt=37 write_mask=0xf
[PANVK_DEBUG_BLENDFIX] blend_ptr.gpu=0x7aceec8440 bd_count=1 state.blend_descs[0]=0xed00000000019
[PANVK_DEBUG_VP] VkViewport: w=512.000000 h=512.000000 x=0.000000 y=0.000000
[PANVK_DEBUG_VP] computed scale: x=256.000000 y=256.000000
[PANVK_DEBUG_VP] computed offset: x=256.000000 y=256.000000
[PANVK_DEBUG_VSFAU] gpu=0x7aceec8450 count=12 bytes=96: 00 00 80 43 00 00 80 43 00 00 80 3f 00 00 80 43 00 00 80 43 00 00 00 00 48 a7 17 bf 1f fe ca 3f 4d 82 70 be 45 75 58 be 00 00 00 00 25 7d c7 3e bb 93 8a 3f 51 70 79 3f 0b 55 d0 3f 3e c4 13 3f 83 13 af bd 90 91 9d bd 00 00 00 00 00 00 00 00 e4 38 8e 40 00 00 a0 40 00 00 00 c7 00 00 00 47
[PANVK_DEBUG_FSFAU] gpu=0x7aceec84b0 count=3 bytes=24: 00 00 00 00 00 00 00 00 00 00 00 00 00 00 00 00 19 00 00 00 00 d0 0e 00
[PANVK_DEBUG_TILERCTX] 192 byte Tiler Context desc: 00 00 00 00 00 00 00 00 ff 00 04 00 ff 01 ff 01 00 00 00 00 00 00 00 00 e0 84 ec ce 7a 00 00 00 00 00 00 00 00 00 00 00 00 00 00 00 00 00 00 00 00 00 00 00 00 00 00 00 00 00 00 00 00 00 00 00 00 00 00 00 00 00 00 00 00 00 00 00 00 00 00 00 00 00 00 00 00 00 00 00 00 00 00 00 00 00 00 00 00 00 00 00 00 00 00 00 00 00 00 00 00 00 00 00 00 00 00 00 00 00 00 00 00 00 00 00 00 00 00 00 00 00 00 00 00 00 00 00 00 00 00 00 00 00 00 00 00 00 00 00 00 00 00 00 00 00 00 00 00 00 00 00 00 00 00 00 00 00 00 00 00 00 00 00 00 00 00 00 00 00 00 00 00 00 00 00 00 00 00 00 00 00 00 00
[PANVK_DEBUG_TILERHEAP] 32 byte Tiler Heap desc: 29 03 00 00 00 00 00 08 00 00 80 33 78 00 00 00 00 00 80 33 78 00 00 00 00 00 80 3b 78 00 00 00
[PANVK_DEBUG_FLAGS1] sample_mask=0xffff render_target_mask=0x1 bound_attachments=0x101
[PANVK_DEBUG_DS] 32 byte Depth/stencil desc: 07 00 00 00 00 00 00 00 00 00 00 00 00 00 00 00 00 00 c0 e4 00 00 00 00 00 00 00 00 00 00 00 00
[PANVK_DEBUG_BLENDRAW] 16 byte Blend desc(s): 00 0a 00 00 22 21 12 f0 19 00 00 00 00 d0 0e 00
[PANVK_DEBUG_MVJ] sesudah pan_jc_add_job gpu=0x7aceec8600 header: type=11 (MALLOC_VERTEX == BENAR) index=1 dep1=0 dep2=0
[PANVK_DEBUG_MVJ] dump 384 byte job descriptor:
[PANVK_DEBUG_MVJ] +000: 00 00 00 00 00 00 00 00 00 00 00 00 00 00 00 00
[PANVK_DEBUG_MVJ] +016: 16 00 01 00 00 00 00 00 00 00 00 00 00 00 00 00
[PANVK_DEBUG_MVJ] +032: 08 80 07 00 00 00 00 00 00 00 00 00 24 00 00 00
[PANVK_DEBUG_MVJ] +048: 01 00 00 00 1c 00 0c 00 00 85 ec ce 7a 00 00 00
[PANVK_DEBUG_MVJ] +064: 00 00 00 00 00 00 00 00 00 00 00 00 00 00 00 00
[PANVK_DEBUG_MVJ] +080: 00 00 00 00 00 00 00 00 00 00 00 00 00 00 00 00
[PANVK_DEBUG_MVJ] +096: 00 00 00 00 00 00 00 00 00 00 00 00 ff 01 ff 01
[PANVK_DEBUG_MVJ] +112: 00 00 80 3f 00 00 00 00 00 00 00 00 00 00 00 00
[PANVK_DEBUG_MVJ] +128: 00 00 81 00 ff ff 01 00 01 00 00 00 00 00 00 00
[PANVK_DEBUG_MVJ] +144: 00 00 00 00 00 00 00 00 00 00 00 00 00 00 80 3f
[PANVK_DEBUG_MVJ] +160: 00 00 00 00 00 00 00 00 80 87 ec ce 7a 00 00 00
[PANVK_DEBUG_MVJ] +176: 41 84 ec ce 7a 00 00 00 00 00 00 00 00 00 00 00
[PANVK_DEBUG_MVJ] +192: 00 00 00 00 03 00 00 00 00 00 00 00 00 00 00 00
[PANVK_DEBUG_MVJ] +208: 00 00 00 00 00 00 00 00 00 00 00 00 00 00 00 00
[PANVK_DEBUG_MVJ] +224: 04 84 ec ce 7a 00 00 00 40 c1 ed ce 7a 00 00 00
[PANVK_DEBUG_MVJ] +240: 00 81 ec ce 7a 00 00 00 b0 84 ec ce 7a 00 00 00
[PANVK_DEBUG_MVJ] +256: 00 00 00 00 0c 00 00 00 00 00 00 00 00 00 00 00
[PANVK_DEBUG_MVJ] +272: 00 00 00 00 00 00 00 00 00 00 00 00 00 00 00 00
[PANVK_DEBUG_MVJ] +288: 84 83 ec ce 7a 00 00 00 c0 c0 ed ce 7a 00 00 00
[PANVK_DEBUG_MVJ] +304: 00 81 ec ce 7a 00 00 00 50 84 ec ce 7a 00 00 00
[PANVK_DEBUG_MVJ] +320: 00 00 00 00 0c 00 00 00 00 00 00 00 00 00 00 00
[PANVK_DEBUG_MVJ] +336: 00 00 00 00 00 00 00 00 00 00 00 00 00 00 00 00
[PANVK_DEBUG_MVJ] +352: 84 83 ec ce 7a 00 00 00 00 c1 ed ce 7a 00 00 00
[PANVK_DEBUG_MVJ] +368: 00 81 ec ce 7a 00 00 00 50 84 ec ce 7a 00 00 00
[PANVK_DEBUG_MVJ] jc state: first_job=0x7aceec8600 job_index=1 tiler_dep=1
[PANVK_DEBUG_RTFMT] rt=0 fmt=84 rt_count=1
[PANVK_DEBUG_FBD] gpu=0x7aceec8000 size=256\n[PANVK_DEBUG_FBD] +000: 00 00 00 00 00 00 00 00 00 00 00 00 00 00 00 00\n[PANVK_DEBUG_FBD] +016: 00 f0 41 d0 7a 00 00 00 00 00 00 00 00 00 00 00\n[PANVK_DEBUG_FBD] +032: ff 01 ff 01 00 00 00 00 ff 01 ff 01 80 50 00 01\n[PANVK_DEBUG_FBD] +048: 00 00 22 00 00 00 80 3f 00 85 ec ce 7a 00 00 00\n[PANVK_DEBUG_FBD] +064: 00 00 00 00 00 00 00 00 00 00 00 00 00 00 00 00\n[PANVK_DEBUG_FBD] +080: 00 00 00 00 00 00 00 00 00 00 00 00 00 00 00 00\n[PANVK_DEBUG_FBD] +096: 00 00 00 00 00 00 00 00 00 00 00 00 00 00 00 00\n[PANVK_DEBUG_FBD] +112: 00 00 00 00 00 00 00 00 00 00 00 00 00 00 00 00\n[PANVK_DEBUG_FBD] +128: 00 00 00 00 00 00 00 00 00 00 00 00 00 00 00 00\n[PANVK_DEBUG_FBD] +144: 00 00 00 00 00 00 00 00 00 00 00 00 00 00 00 00\n[PANVK_DEBUG_FBD] +160: 00 00 00 00 00 00 00 00 00 00 00 00 00 00 00 00\n[PANVK_DEBUG_FBD] +176: 00 00 00 00 00 00 00 00 00 00 00 00 00 00 00 00\n[PANVK_DEBUG_FBD] +192: 00 00 00 04 99 8d 88 86 01 28 00 00 00 00 00 00\n[PANVK_DEBUG_FBD] +208: 00 00 00 00 00 00 00 00 00 00 00 00 00 00 00 00\n[PANVK_DEBUG_FBD] +224: 00 c0 cf 2a 78 00 00 00 00 10 00 00 00 40 00 00\n[PANVK_DEBUG_FBD] +240: 20 20 28 ff 20 20 28 ff 20 20 28 ff 20 20 28 ff\n[PANVK_DEBUG_FBD] tagged_ptr=0x7aceec8003 stride=256
[PANVK_DEBUG_FRAGJOB] gpu=0x7aceec8800 size=64\n[PANVK_DEBUG_FRAGJOB] +000: 00 00 00 00 00 00 00 00 00 00 00 00 00 00 00 00\n[PANVK_DEBUG_FRAGJOB] +016: 12 00 01 00 00 00 00 00 00 00 00 00 00 00 00 00\n[PANVK_DEBUG_FRAGJOB] +032: 00 00 00 00 1f 00 1f 00 03 80 ec ce 7a 00 00 00\n[PANVK_DEBUG_FRAGJOB] +048: 00 00 00 00 00 00 00 00 00 00 00 00 00 00 00 00\n[PANVK_DEBUG_SUBMIT] vtc_jc ret=0
[PANVK_DEBUG_JOBSTATUS] vtc_jc job[0] type=11 index=1 dep1=0 dep2=0 next=0x0 exception_status=0x01 (DONE) first_incomplete_task=0 fault_pointer=0x0
[PANVK_DEBUG_JOBSTATUS] vtc_jc job[1] type=9 index=1 dep1=0 dep2=0 next=0x0 exception_status=0x00 (NOT_STARTED) first_incomplete_task=0 fault_pointer=0x0
[PANVK_DEBUG_HEAP] SESUDAH vtc_jc (vertex+tiler) bo->flags=0x2 dev=0x7833800000 size=134217728 host=0x7833800000 mincore=absent -- UNREADABLE (I/O error) => halaman belum ter-commit, tiler tidak menulis apa pun
[PANVK_DEBUG_SUBMIT] frag_jc ret=0
[PANVK_DEBUG_JOBSTATUS] frag_jc job[0] type=11 index=1 dep1=0 dep2=0 next=0x0 exception_status=0x01 (DONE) first_incomplete_task=0 fault_pointer=0x0
[PANVK_DEBUG_JOBSTATUS] frag_jc job[1] type=9 index=1 dep1=0 dep2=0 next=0x0 exception_status=0x01 (DONE) first_incomplete_task=0 fault_pointer=0x0
[PANVK_DEBUG_HEAP] SESUDAH frag_jc (fragment) bo->flags=0x2 dev=0x7833800000 size=134217728 host=0x7833800000 mincore=absent -- UNREADABLE (I/O error) => halaman belum ter-commit, tiler tidak menulis apa pun
[PANVK_DEBUG_SUBMIT] vtc_jc ret=0
[PANVK_DEBUG_JOBSTATUS] vtc_jc job[0] type=4 index=1 dep1=0 dep2=0 next=0x0 exception_status=0x01 (DONE) first_incomplete_task=0 fault_pointer=0x0
[PANVK_DEBUG_JOBSTATUS] vtc_jc job[1] type=4 index=1 dep1=0 dep2=0 next=0x0 exception_status=0x01 (DONE) first_incomplete_task=0 fault_pointer=0x0
[PANVK_DEBUG_HEAP] SESUDAH vtc_jc (vertex+tiler) bo->flags=0x2 dev=0x7833800000 size=134217728 host=0x7833800000 mincore=absent -- UNREADABLE (I/O error) => halaman belum ter-commit, tiler tidak menulis apa pun
CUBEFP frame=011 deg= 110.0 bad=13116 exact_diff=13772 edge=1510 edge_diff=749 faces[R C G M B Y]=0 0 98 33226 4271 8747 first=(194,106) got=255,255,0 model=255,0,255
[PANVK_DEBUG_BLEND] rt=0 color_write_enables=0xff fmt=37 write_mask=0xf
[PANVK_DEBUG_BLENDFIX] blend_ptr.gpu=0x7acedfd440 bd_count=1 state.blend_descs[0]=0xed00000000019
[PANVK_DEBUG_VP] VkViewport: w=512.000000 h=512.000000 x=0.000000 y=0.000000
[PANVK_DEBUG_VP] computed scale: x=256.000000 y=256.000000
[PANVK_DEBUG_VP] computed offset: x=256.000000 y=256.000000
[PANVK_DEBUG_VSFAU] gpu=0x7acedfd450 count=12 bytes=96: 00 00 80 43 00 00 80 43 00 00 80 3f 00 00 80 43 00 00 80 43 00 00 00 00 d7 b3 5d bf bd f2 be 3f 3b fe cd bd ce 64 b9 bd 00 00 00 00 ce 64 39 3e 70 71 8d 3f fd 98 7e 3f 00 00 c0 3f ed 7c 5c 3f 3e dc 6d bd 05 13 56 bd 00 00 00 00 00 00 00 00 e4 38 8e 40 00 00 a0 40 00 00 00 c7 00 00 00 47
[PANVK_DEBUG_FSFAU] gpu=0x7acedfd4b0 count=3 bytes=24: 00 00 00 00 00 00 00 00 00 00 00 00 00 00 00 00 19 00 00 00 00 d0 0e 00
[PANVK_DEBUG_TILERCTX] 192 byte Tiler Context desc: 00 00 00 00 00 00 00 00 ff 00 04 00 ff 01 ff 01 00 00 00 00 00 00 00 00 e0 d4 df ce 7a 00 00 00 00 00 00 00 00 00 00 00 00 00 00 00 00 00 00 00 00 00 00 00 00 00 00 00 00 00 00 00 00 00 00 00 00 00 00 00 00 00 00 00 00 00 00 00 00 00 00 00 00 00 00 00 00 00 00 00 00 00 00 00 00 00 00 00 00 00 00 00 00 00 00 00 00 00 00 00 00 00 00 00 00 00 00 00 00 00 00 00 00 00 00 00 00 00 00 00 00 00 00 00 00 00 00 00 00 00 00 00 00 00 00 00 00 00 00 00 00 00 00 00 00 00 00 00 00 00 00 00 00 00 00 00 00 00 00 00 00 00 00 00 00 00 00 00 00 00 00 00 00 00 00 00 00 00 00 00 00 00 00 00
[PANVK_DEBUG_TILERHEAP] 32 byte Tiler Heap desc: 29 03 00 00 00 00 00 08 00 00 80 33 78 00 00 00 00 00 80 33 78 00 00 00 00 00 80 3b 78 00 00 00
[PANVK_DEBUG_FLAGS1] sample_mask=0xffff render_target_mask=0x1 bound_attachments=0x101
[PANVK_DEBUG_DS] 32 byte Depth/stencil desc: 07 00 00 00 00 00 00 00 00 00 00 00 00 00 00 00 00 00 c0 e4 00 00 00 00 00 00 00 00 00 00 00 00
[PANVK_DEBUG_BLENDRAW] 16 byte Blend desc(s): 00 0a 00 00 22 21 12 f0 19 00 00 00 00 d0 0e 00
[PANVK_DEBUG_MVJ] sesudah pan_jc_add_job gpu=0x7acedfd600 header: type=11 (MALLOC_VERTEX == BENAR) index=1 dep1=0 dep2=0
[PANVK_DEBUG_MVJ] dump 384 byte job descriptor:
[PANVK_DEBUG_MVJ] +000: 00 00 00 00 00 00 00 00 00 00 00 00 00 00 00 00
[PANVK_DEBUG_MVJ] +016: 16 00 01 00 00 00 00 00 00 00 00 00 00 00 00 00
[PANVK_DEBUG_MVJ] +032: 08 80 07 00 00 00 00 00 00 00 00 00 24 00 00 00
[PANVK_DEBUG_MVJ] +048: 01 00 00 00 1c 00 0c 00 00 d5 df ce 7a 00 00 00
[PANVK_DEBUG_MVJ] +064: 00 00 00 00 00 00 00 00 00 00 00 00 00 00 00 00
[PANVK_DEBUG_MVJ] +080: 00 00 00 00 00 00 00 00 00 00 00 00 00 00 00 00
[PANVK_DEBUG_MVJ] +096: 00 00 00 00 00 00 00 00 00 00 00 00 ff 01 ff 01
[PANVK_DEBUG_MVJ] +112: 00 00 80 3f 00 00 00 00 00 00 00 00 00 00 00 00
[PANVK_DEBUG_MVJ] +128: 00 00 81 00 ff ff 01 00 01 00 00 00 00 00 00 00
[PANVK_DEBUG_MVJ] +144: 00 00 00 00 00 00 00 00 00 00 00 00 00 00 80 3f
[PANVK_DEBUG_MVJ] +160: 00 00 00 00 00 00 00 00 80 d7 df ce 7a 00 00 00
[PANVK_DEBUG_MVJ] +176: 41 d4 df ce 7a 00 00 00 00 00 00 00 00 00 00 00
[PANVK_DEBUG_MVJ] +192: 00 00 00 00 03 00 00 00 00 00 00 00 00 00 00 00
[PANVK_DEBUG_MVJ] +208: 00 00 00 00 00 00 00 00 00 00 00 00 00 00 00 00
[PANVK_DEBUG_MVJ] +224: 04 d4 df ce 7a 00 00 00 40 c1 ed ce 7a 00 00 00
[PANVK_DEBUG_MVJ] +240: 00 d1 df ce 7a 00 00 00 b0 d4 df ce 7a 00 00 00
[PANVK_DEBUG_MVJ] +256: 00 00 00 00 0c 00 00 00 00 00 00 00 00 00 00 00
[PANVK_DEBUG_MVJ] +272: 00 00 00 00 00 00 00 00 00 00 00 00 00 00 00 00
[PANVK_DEBUG_MVJ] +288: 84 d3 df ce 7a 00 00 00 c0 c0 ed ce 7a 00 00 00
[PANVK_DEBUG_MVJ] +304: 00 d1 df ce 7a 00 00 00 50 d4 df ce 7a 00 00 00
[PANVK_DEBUG_MVJ] +320: 00 00 00 00 0c 00 00 00 00 00 00 00 00 00 00 00
[PANVK_DEBUG_MVJ] +336: 00 00 00 00 00 00 00 00 00 00 00 00 00 00 00 00
[PANVK_DEBUG_MVJ] +352: 84 d3 df ce 7a 00 00 00 00 c1 ed ce 7a 00 00 00
[PANVK_DEBUG_MVJ] +368: 00 d1 df ce 7a 00 00 00 50 d4 df ce 7a 00 00 00
[PANVK_DEBUG_MVJ] jc state: first_job=0x7acedfd600 job_index=1 tiler_dep=1
[PANVK_DEBUG_RTFMT] rt=0 fmt=84 rt_count=1
[PANVK_DEBUG_FBD] gpu=0x7acedfd000 size=256\n[PANVK_DEBUG_FBD] +000: 00 00 00 00 00 00 00 00 00 00 00 00 00 00 00 00\n[PANVK_DEBUG_FBD] +016: 00 f0 41 d0 7a 00 00 00 00 00 00 00 00 00 00 00\n[PANVK_DEBUG_FBD] +032: ff 01 ff 01 00 00 00 00 ff 01 ff 01 80 50 00 01\n[PANVK_DEBUG_FBD] +048: 00 00 22 00 00 00 80 3f 00 d5 df ce 7a 00 00 00\n[PANVK_DEBUG_FBD] +064: 00 00 00 00 00 00 00 00 00 00 00 00 00 00 00 00\n[PANVK_DEBUG_FBD] +080: 00 00 00 00 00 00 00 00 00 00 00 00 00 00 00 00\n[PANVK_DEBUG_FBD] +096: 00 00 00 00 00 00 00 00 00 00 00 00 00 00 00 00\n[PANVK_DEBUG_FBD] +112: 00 00 00 00 00 00 00 00 00 00 00 00 00 00 00 00\n[PANVK_DEBUG_FBD] +128: 00 00 00 00 00 00 00 00 00 00 00 00 00 00 00 00\n[PANVK_DEBUG_FBD] +144: 00 00 00 00 00 00 00 00 00 00 00 00 00 00 00 00\n[PANVK_DEBUG_FBD] +160: 00 00 00 00 00 00 00 00 00 00 00 00 00 00 00 00\n[PANVK_DEBUG_FBD] +176: 00 00 00 00 00 00 00 00 00 00 00 00 00 00 00 00\n[PANVK_DEBUG_FBD] +192: 00 00 00 04 99 8d 88 86 01 28 00 00 00 00 00 00\n[PANVK_DEBUG_FBD] +208: 00 00 00 00 00 00 00 00 00 00 00 00 00 00 00 00\n[PANVK_DEBUG_FBD] +224: 00 c0 cf 2a 78 00 00 00 00 10 00 00 00 40 00 00\n[PANVK_DEBUG_FBD] +240: 20 20 28 ff 20 20 28 ff 20 20 28 ff 20 20 28 ff\n[PANVK_DEBUG_FBD] tagged_ptr=0x7acedfd003 stride=256
[PANVK_DEBUG_FRAGJOB] gpu=0x7acedfd800 size=64\n[PANVK_DEBUG_FRAGJOB] +000: 00 00 00 00 00 00 00 00 00 00 00 00 00 00 00 00\n[PANVK_DEBUG_FRAGJOB] +016: 12 00 01 00 00 00 00 00 00 00 00 00 00 00 00 00\n[PANVK_DEBUG_FRAGJOB] +032: 00 00 00 00 1f 00 1f 00 03 d0 df ce 7a 00 00 00\n[PANVK_DEBUG_FRAGJOB] +048: 00 00 00 00 00 00 00 00 00 00 00 00 00 00 00 00\n[PANVK_DEBUG_SUBMIT] vtc_jc ret=0
[PANVK_DEBUG_JOBSTATUS] vtc_jc job[0] type=11 index=1 dep1=0 dep2=0 next=0x0 exception_status=0x01 (DONE) first_incomplete_task=0 fault_pointer=0x0
[PANVK_DEBUG_JOBSTATUS] vtc_jc job[1] type=9 index=1 dep1=0 dep2=0 next=0x0 exception_status=0x00 (NOT_STARTED) first_incomplete_task=0 fault_pointer=0x0
[PANVK_DEBUG_HEAP] SESUDAH vtc_jc (vertex+tiler) bo->flags=0x2 dev=0x7833800000 size=134217728 host=0x7833800000 mincore=absent -- UNREADABLE (I/O error) => halaman belum ter-commit, tiler tidak menulis apa pun
[PANVK_DEBUG_SUBMIT] frag_jc ret=0
[PANVK_DEBUG_JOBSTATUS] frag_jc job[0] type=11 index=1 dep1=0 dep2=0 next=0x0 exception_status=0x01 (DONE) first_incomplete_task=0 fault_pointer=0x0
[PANVK_DEBUG_JOBSTATUS] frag_jc job[1] type=9 index=1 dep1=0 dep2=0 next=0x0 exception_status=0x01 (DONE) first_incomplete_task=0 fault_pointer=0x0
[PANVK_DEBUG_HEAP] SESUDAH frag_jc (fragment) bo->flags=0x2 dev=0x7833800000 size=134217728 host=0x7833800000 mincore=absent -- UNREADABLE (I/O error) => halaman belum ter-commit, tiler tidak menulis apa pun
[PANVK_DEBUG_SUBMIT] vtc_jc ret=0
[PANVK_DEBUG_JOBSTATUS] vtc_jc job[0] type=4 index=1 dep1=0 dep2=0 next=0x0 exception_status=0x01 (DONE) first_incomplete_task=0 fault_pointer=0x0
[PANVK_DEBUG_JOBSTATUS] vtc_jc job[1] type=4 index=1 dep1=0 dep2=0 next=0x0 exception_status=0x01 (DONE) first_incomplete_task=0 fault_pointer=0x0
[PANVK_DEBUG_HEAP] SESUDAH vtc_jc (vertex+tiler) bo->flags=0x2 dev=0x7833800000 size=134217728 host=0x7833800000 mincore=absent -- UNREADABLE (I/O error) => halaman belum ter-commit, tiler tidak menulis apa pun
CUBEFP frame=012 deg= 120.0 bad=13263 exact_diff=13552 edge=1192 edge_diff=686 faces[R C G M B Y]=0 0 0 34666 5101 8162 first=(216,101) got=255,255,0 model=255,0,255
[PANVK_DEBUG_BLEND] rt=0 color_write_enables=0xff fmt=37 write_mask=0xf
[PANVK_DEBUG_BLENDFIX] blend_ptr.gpu=0x7aceec8440 bd_count=1 state.blend_descs[0]=0xed00000000019
[PANVK_DEBUG_VP] VkViewport: w=512.000000 h=512.000000 x=0.000000 y=0.000000
[PANVK_DEBUG_VP] computed scale: x=256.000000 y=256.000000
[PANVK_DEBUG_VP] computed offset: x=256.000000 y=256.000000
[PANVK_DEBUG_VSFAU] gpu=0x7aceec8450 count=12 bytes=96: 00 00 80 43 00 00 80 43 00 00 80 3f 00 00 80 43 00 00 80 43 00 00 00 00 f4 81 8e bf e0 ce a9 3f 8b 61 73 3c fd 0a 5b 3c 00 00 00 00 aa a1 f7 bc 58 33 8e 3f 05 f6 7f 3f 7f d5 a9 3f 65 7c 8e 3f 8f 38 4c 3c 80 cc 37 3c 00 00 00 00 00 00 00 00 e4 38 8e 40 00 00 a0 40 00 00 00 c7 00 00 00 47
[PANVK_DEBUG_FSFAU] gpu=0x7aceec84b0 count=3 bytes=24: 00 00 00 00 00 00 00 00 00 00 00 00 00 00 00 00 19 00 00 00 00 d0 0e 00
[PANVK_DEBUG_TILERCTX] 192 byte Tiler Context desc: 00 00 00 00 00 00 00 00 ff 00 04 00 ff 01 ff 01 00 00 00 00 00 00 00 00 e0 84 ec ce 7a 00 00 00 00 00 00 00 00 00 00 00 00 00 00 00 00 00 00 00 00 00 00 00 00 00 00 00 00 00 00 00 00 00 00 00 00 00 00 00 00 00 00 00 00 00 00 00 00 00 00 00 00 00 00 00 00 00 00 00 00 00 00 00 00 00 00 00 00 00 00 00 00 00 00 00 00 00 00 00 00 00 00 00 00 00 00 00 00 00 00 00 00 00 00 00 00 00 00 00 00 00 00 00 00 00 00 00 00 00 00 00 00 00 00 00 00 00 00 00 00 00 00 00 00 00 00 00 00 00 00 00 00 00 00 00 00 00 00 00 00 00 00 00 00 00 00 00 00 00 00 00 00 00 00 00 00 00 00 00 00 00 00 00
[PANVK_DEBUG_TILERHEAP] 32 byte Tiler Heap desc: 29 03 00 00 00 00 00 08 00 00 80 33 78 00 00 00 00 00 80 33 78 00 00 00 00 00 80 3b 78 00 00 00
[PANVK_DEBUG_FLAGS1] sample_mask=0xffff render_target_mask=0x1 bound_attachments=0x101
[PANVK_DEBUG_DS] 32 byte Depth/stencil desc: 07 00 00 00 00 00 00 00 00 00 00 00 00 00 00 00 00 00 c0 e4 00 00 00 00 00 00 00 00 00 00 00 00
[PANVK_DEBUG_BLENDRAW] 16 byte Blend desc(s): 00 0a 00 00 22 21 12 f0 19 00 00 00 00 d0 0e 00
[PANVK_DEBUG_MVJ] sesudah pan_jc_add_job gpu=0x7aceec8600 header: type=11 (MALLOC_VERTEX == BENAR) index=1 dep1=0 dep2=0
[PANVK_DEBUG_MVJ] dump 384 byte job descriptor:
[PANVK_DEBUG_MVJ] +000: 00 00 00 00 00 00 00 00 00 00 00 00 00 00 00 00
[PANVK_DEBUG_MVJ] +016: 16 00 01 00 00 00 00 00 00 00 00 00 00 00 00 00
[PANVK_DEBUG_MVJ] +032: 08 80 07 00 00 00 00 00 00 00 00 00 24 00 00 00
[PANVK_DEBUG_MVJ] +048: 01 00 00 00 1c 00 0c 00 00 85 ec ce 7a 00 00 00
[PANVK_DEBUG_MVJ] +064: 00 00 00 00 00 00 00 00 00 00 00 00 00 00 00 00
[PANVK_DEBUG_MVJ] +080: 00 00 00 00 00 00 00 00 00 00 00 00 00 00 00 00
[PANVK_DEBUG_MVJ] +096: 00 00 00 00 00 00 00 00 00 00 00 00 ff 01 ff 01
[PANVK_DEBUG_MVJ] +112: 00 00 80 3f 00 00 00 00 00 00 00 00 00 00 00 00
[PANVK_DEBUG_MVJ] +128: 00 00 81 00 ff ff 01 00 01 00 00 00 00 00 00 00
[PANVK_DEBUG_MVJ] +144: 00 00 00 00 00 00 00 00 00 00 00 00 00 00 80 3f
[PANVK_DEBUG_MVJ] +160: 00 00 00 00 00 00 00 00 80 87 ec ce 7a 00 00 00
[PANVK_DEBUG_MVJ] +176: 41 84 ec ce 7a 00 00 00 00 00 00 00 00 00 00 00
[PANVK_DEBUG_MVJ] +192: 00 00 00 00 03 00 00 00 00 00 00 00 00 00 00 00
[PANVK_DEBUG_MVJ] +208: 00 00 00 00 00 00 00 00 00 00 00 00 00 00 00 00
[PANVK_DEBUG_MVJ] +224: 04 84 ec ce 7a 00 00 00 40 c1 ed ce 7a 00 00 00
[PANVK_DEBUG_MVJ] +240: 00 81 ec ce 7a 00 00 00 b0 84 ec ce 7a 00 00 00
[PANVK_DEBUG_MVJ] +256: 00 00 00 00 0c 00 00 00 00 00 00 00 00 00 00 00
[PANVK_DEBUG_MVJ] +272: 00 00 00 00 00 00 00 00 00 00 00 00 00 00 00 00
[PANVK_DEBUG_MVJ] +288: 84 83 ec ce 7a 00 00 00 c0 c0 ed ce 7a 00 00 00
[PANVK_DEBUG_MVJ] +304: 00 81 ec ce 7a 00 00 00 50 84 ec ce 7a 00 00 00
[PANVK_DEBUG_MVJ] +320: 00 00 00 00 0c 00 00 00 00 00 00 00 00 00 00 00
[PANVK_DEBUG_MVJ] +336: 00 00 00 00 00 00 00 00 00 00 00 00 00 00 00 00
[PANVK_DEBUG_MVJ] +352: 84 83 ec ce 7a 00 00 00 00 c1 ed ce 7a 00 00 00
[PANVK_DEBUG_MVJ] +368: 00 81 ec ce 7a 00 00 00 50 84 ec ce 7a 00 00 00
[PANVK_DEBUG_MVJ] jc state: first_job=0x7aceec8600 job_index=1 tiler_dep=1
[PANVK_DEBUG_RTFMT] rt=0 fmt=84 rt_count=1
[PANVK_DEBUG_FBD] gpu=0x7aceec8000 size=256\n[PANVK_DEBUG_FBD] +000: 00 00 00 00 00 00 00 00 00 00 00 00 00 00 00 00\n[PANVK_DEBUG_FBD] +016: 00 f0 41 d0 7a 00 00 00 00 00 00 00 00 00 00 00\n[PANVK_DEBUG_FBD] +032: ff 01 ff 01 00 00 00 00 ff 01 ff 01 80 50 00 01\n[PANVK_DEBUG_FBD] +048: 00 00 22 00 00 00 80 3f 00 85 ec ce 7a 00 00 00\n[PANVK_DEBUG_FBD] +064: 00 00 00 00 00 00 00 00 00 00 00 00 00 00 00 00\n[PANVK_DEBUG_FBD] +080: 00 00 00 00 00 00 00 00 00 00 00 00 00 00 00 00\n[PANVK_DEBUG_FBD] +096: 00 00 00 00 00 00 00 00 00 00 00 00 00 00 00 00\n[PANVK_DEBUG_FBD] +112: 00 00 00 00 00 00 00 00 00 00 00 00 00 00 00 00\n[PANVK_DEBUG_FBD] +128: 00 00 00 00 00 00 00 00 00 00 00 00 00 00 00 00\n[PANVK_DEBUG_FBD] +144: 00 00 00 00 00 00 00 00 00 00 00 00 00 00 00 00\n[PANVK_DEBUG_FBD] +160: 00 00 00 00 00 00 00 00 00 00 00 00 00 00 00 00\n[PANVK_DEBUG_FBD] +176: 00 00 00 00 00 00 00 00 00 00 00 00 00 00 00 00\n[PANVK_DEBUG_FBD] +192: 00 00 00 04 99 8d 88 86 01 28 00 00 00 00 00 00\n[PANVK_DEBUG_FBD] +208: 00 00 00 00 00 00 00 00 00 00 00 00 00 00 00 00\n[PANVK_DEBUG_FBD] +224: 00 c0 cf 2a 78 00 00 00 00 10 00 00 00 40 00 00\n[PANVK_DEBUG_FBD] +240: 20 20 28 ff 20 20 28 ff 20 20 28 ff 20 20 28 ff\n[PANVK_DEBUG_FBD] tagged_ptr=0x7aceec8003 stride=256
[PANVK_DEBUG_FRAGJOB] gpu=0x7aceec8800 size=64\n[PANVK_DEBUG_FRAGJOB] +000: 00 00 00 00 00 00 00 00 00 00 00 00 00 00 00 00\n[PANVK_DEBUG_FRAGJOB] +016: 12 00 01 00 00 00 00 00 00 00 00 00 00 00 00 00\n[PANVK_DEBUG_FRAGJOB] +032: 00 00 00 00 1f 00 1f 00 03 80 ec ce 7a 00 00 00\n[PANVK_DEBUG_FRAGJOB] +048: 00 00 00 00 00 00 00 00 00 00 00 00 00 00 00 00\n[PANVK_DEBUG_SUBMIT] vtc_jc ret=0
[PANVK_DEBUG_JOBSTATUS] vtc_jc job[0] type=11 index=1 dep1=0 dep2=0 next=0x0 exception_status=0x01 (DONE) first_incomplete_task=0 fault_pointer=0x0
[PANVK_DEBUG_JOBSTATUS] vtc_jc job[1] type=9 index=1 dep1=0 dep2=0 next=0x0 exception_status=0x00 (NOT_STARTED) first_incomplete_task=0 fault_pointer=0x0
[PANVK_DEBUG_HEAP] SESUDAH vtc_jc (vertex+tiler) bo->flags=0x2 dev=0x7833800000 size=134217728 host=0x7833800000 mincore=absent -- UNREADABLE (I/O error) => halaman belum ter-commit, tiler tidak menulis apa pun
[PANVK_DEBUG_SUBMIT] frag_jc ret=0
[PANVK_DEBUG_JOBSTATUS] frag_jc job[0] type=11 index=1 dep1=0 dep2=0 next=0x0 exception_status=0x01 (DONE) first_incomplete_task=0 fault_pointer=0x0
[PANVK_DEBUG_JOBSTATUS] frag_jc job[1] type=9 index=1 dep1=0 dep2=0 next=0x0 exception_status=0x01 (DONE) first_incomplete_task=0 fault_pointer=0x0
[PANVK_DEBUG_HEAP] SESUDAH frag_jc (fragment) bo->flags=0x2 dev=0x7833800000 size=134217728 host=0x7833800000 mincore=absent -- UNREADABLE (I/O error) => halaman belum ter-commit, tiler tidak menulis apa pun
[PANVK_DEBUG_SUBMIT] vtc_jc ret=0
[PANVK_DEBUG_JOBSTATUS] vtc_jc job[0] type=4 index=1 dep1=0 dep2=0 next=0x0 exception_status=0x01 (DONE) first_incomplete_task=0 fault_pointer=0x0
[PANVK_DEBUG_JOBSTATUS] vtc_jc job[1] type=4 index=1 dep1=0 dep2=0 next=0x0 exception_status=0x01 (DONE) first_incomplete_task=0 fault_pointer=0x0
[PANVK_DEBUG_HEAP] SESUDAH vtc_jc (vertex+tiler) bo->flags=0x2 dev=0x7833800000 size=134217728 host=0x7833800000 mincore=absent -- UNREADABLE (I/O error) => halaman belum ter-commit, tiler tidak menulis apa pun
CUBEFP frame=013 deg= 130.0 bad=13380 exact_diff=13648 edge=1196 edge_diff=701 faces[R C G M B Y]=0 0 0 35004 6998 6382 first=(241,103) got=255,255,0 model=255,0,255
[PANVK_DEBUG_BLEND] rt=0 color_write_enables=0xff fmt=37 write_mask=0xf
[PANVK_DEBUG_BLENDFIX] blend_ptr.gpu=0x7acedfd440 bd_count=1 state.blend_descs[0]=0xed00000000019
[PANVK_DEBUG_VP] VkViewport: w=512.000000 h=512.000000 x=0.000000 y=0.000000
[PANVK_DEBUG_VP] computed scale: x=256.000000 y=256.000000
[PANVK_DEBUG_VP] computed offset: x=256.000000 y=256.000000
[PANVK_DEBUG_VSFAU] gpu=0x7acedfd450 count=12 bytes=96: 00 00 80 43 00 00 80 43 00 00 80 3f 00 00 80 43 00 00 80 43 00 00 00 00 7f d5 a9 bf e9 1e 8d 3f 7f 91 cb 3d 25 36 b7 3d 00 00 00 00 17 d7 76 be 8f d6 8c 3f 35 82 7d 3f f4 81 8e 3f 60 2e a8 3f 72 9a f2 3d cd 57 da 3d 00 00 00 00 00 00 00 00 e4 38 8e 40 00 00 a0 40 00 00 00 c7 00 00 00 47
[PANVK_DEBUG_FSFAU] gpu=0x7acedfd4b0 count=3 bytes=24: 00 00 00 00 00 00 00 00 00 00 00 00 00 00 00 00 19 00 00 00 00 d0 0e 00
[PANVK_DEBUG_TILERCTX] 192 byte Tiler Context desc: 00 00 00 00 00 00 00 00 ff 00 04 00 ff 01 ff 01 00 00 00 00 00 00 00 00 e0 d4 df ce 7a 00 00 00 00 00 00 00 00 00 00 00 00 00 00 00 00 00 00 00 00 00 00 00 00 00 00 00 00 00 00 00 00 00 00 00 00 00 00 00 00 00 00 00 00 00 00 00 00 00 00 00 00 00 00 00 00 00 00 00 00 00 00 00 00 00 00 00 00 00 00 00 00 00 00 00 00 00 00 00 00 00 00 00 00 00 00 00 00 00 00 00 00 00 00 00 00 00 00 00 00 00 00 00 00 00 00 00 00 00 00 00 00 00 00 00 00 00 00 00 00 00 00 00 00 00 00 00 00 00 00 00 00 00 00 00 00 00 00 00 00 00 00 00 00 00 00 00 00 00 00 00 00 00 00 00 00 00 00 00 00 00 00 00
[PANVK_DEBUG_TILERHEAP] 32 byte Tiler Heap desc: 29 03 00 00 00 00 00 08 00 00 80 33 78 00 00 00 00 00 80 33 78 00 00 00 00 00 80 3b 78 00 00 00
[PANVK_DEBUG_FLAGS1] sample_mask=0xffff render_target_mask=0x1 bound_attachments=0x101
[PANVK_DEBUG_DS] 32 byte Depth/stencil desc: 07 00 00 00 00 00 00 00 00 00 00 00 00 00 00 00 00 00 c0 e4 00 00 00 00 00 00 00 00 00 00 00 00
[PANVK_DEBUG_BLENDRAW] 16 byte Blend desc(s): 00 0a 00 00 22 21 12 f0 19 00 00 00 00 d0 0e 00
[PANVK_DEBUG_MVJ] sesudah pan_jc_add_job gpu=0x7acedfd600 header: type=11 (MALLOC_VERTEX == BENAR) index=1 dep1=0 dep2=0
[PANVK_DEBUG_MVJ] dump 384 byte job descriptor:
[PANVK_DEBUG_MVJ] +000: 00 00 00 00 00 00 00 00 00 00 00 00 00 00 00 00
[PANVK_DEBUG_MVJ] +016: 16 00 01 00 00 00 00 00 00 00 00 00 00 00 00 00
[PANVK_DEBUG_MVJ] +032: 08 80 07 00 00 00 00 00 00 00 00 00 24 00 00 00
[PANVK_DEBUG_MVJ] +048: 01 00 00 00 1c 00 0c 00 00 d5 df ce 7a 00 00 00
[PANVK_DEBUG_MVJ] +064: 00 00 00 00 00 00 00 00 00 00 00 00 00 00 00 00
[PANVK_DEBUG_MVJ] +080: 00 00 00 00 00 00 00 00 00 00 00 00 00 00 00 00
[PANVK_DEBUG_MVJ] +096: 00 00 00 00 00 00 00 00 00 00 00 00 ff 01 ff 01
[PANVK_DEBUG_MVJ] +112: 00 00 80 3f 00 00 00 00 00 00 00 00 00 00 00 00
[PANVK_DEBUG_MVJ] +128: 00 00 81 00 ff ff 01 00 01 00 00 00 00 00 00 00
[PANVK_DEBUG_MVJ] +144: 00 00 00 00 00 00 00 00 00 00 00 00 00 00 80 3f
[PANVK_DEBUG_MVJ] +160: 00 00 00 00 00 00 00 00 80 d7 df ce 7a 00 00 00
[PANVK_DEBUG_MVJ] +176: 41 d4 df ce 7a 00 00 00 00 00 00 00 00 00 00 00
[PANVK_DEBUG_MVJ] +192: 00 00 00 00 03 00 00 00 00 00 00 00 00 00 00 00
[PANVK_DEBUG_MVJ] +208: 00 00 00 00 00 00 00 00 00 00 00 00 00 00 00 00
[PANVK_DEBUG_MVJ] +224: 04 d4 df ce 7a 00 00 00 40 c1 ed ce 7a 00 00 00
[PANVK_DEBUG_MVJ] +240: 00 d1 df ce 7a 00 00 00 b0 d4 df ce 7a 00 00 00
[PANVK_DEBUG_MVJ] +256: 00 00 00 00 0c 00 00 00 00 00 00 00 00 00 00 00
[PANVK_DEBUG_MVJ] +272: 00 00 00 00 00 00 00 00 00 00 00 00 00 00 00 00
[PANVK_DEBUG_MVJ] +288: 84 d3 df ce 7a 00 00 00 c0 c0 ed ce 7a 00 00 00
[PANVK_DEBUG_MVJ] +304: 00 d1 df ce 7a 00 00 00 50 d4 df ce 7a 00 00 00
[PANVK_DEBUG_MVJ] +320: 00 00 00 00 0c 00 00 00 00 00 00 00 00 00 00 00
[PANVK_DEBUG_MVJ] +336: 00 00 00 00 00 00 00 00 00 00 00 00 00 00 00 00
[PANVK_DEBUG_MVJ] +352: 84 d3 df ce 7a 00 00 00 00 c1 ed ce 7a 00 00 00
[PANVK_DEBUG_MVJ] +368: 00 d1 df ce 7a 00 00 00 50 d4 df ce 7a 00 00 00
[PANVK_DEBUG_MVJ] jc state: first_job=0x7acedfd600 job_index=1 tiler_dep=1
[PANVK_DEBUG_RTFMT] rt=0 fmt=84 rt_count=1
[PANVK_DEBUG_FBD] gpu=0x7acedfd000 size=256\n[PANVK_DEBUG_FBD] +000: 00 00 00 00 00 00 00 00 00 00 00 00 00 00 00 00\n[PANVK_DEBUG_FBD] +016: 00 f0 41 d0 7a 00 00 00 00 00 00 00 00 00 00 00\n[PANVK_DEBUG_FBD] +032: ff 01 ff 01 00 00 00 00 ff 01 ff 01 80 50 00 01\n[PANVK_DEBUG_FBD] +048: 00 00 22 00 00 00 80 3f 00 d5 df ce 7a 00 00 00\n[PANVK_DEBUG_FBD] +064: 00 00 00 00 00 00 00 00 00 00 00 00 00 00 00 00\n[PANVK_DEBUG_FBD] +080: 00 00 00 00 00 00 00 00 00 00 00 00 00 00 00 00\n[PANVK_DEBUG_FBD] +096: 00 00 00 00 00 00 00 00 00 00 00 00 00 00 00 00\n[PANVK_DEBUG_FBD] +112: 00 00 00 00 00 00 00 00 00 00 00 00 00 00 00 00\n[PANVK_DEBUG_FBD] +128: 00 00 00 00 00 00 00 00 00 00 00 00 00 00 00 00\n[PANVK_DEBUG_FBD] +144: 00 00 00 00 00 00 00 00 00 00 00 00 00 00 00 00\n[PANVK_DEBUG_FBD] +160: 00 00 00 00 00 00 00 00 00 00 00 00 00 00 00 00\n[PANVK_DEBUG_FBD] +176: 00 00 00 00 00 00 00 00 00 00 00 00 00 00 00 00\n[PANVK_DEBUG_FBD] +192: 00 00 00 04 99 8d 88 86 01 28 00 00 00 00 00 00\n[PANVK_DEBUG_FBD] +208: 00 00 00 00 00 00 00 00 00 00 00 00 00 00 00 00\n[PANVK_DEBUG_FBD] +224: 00 c0 cf 2a 78 00 00 00 00 10 00 00 00 40 00 00\n[PANVK_DEBUG_FBD] +240: 20 20 28 ff 20 20 28 ff 20 20 28 ff 20 20 28 ff\n[PANVK_DEBUG_FBD] tagged_ptr=0x7acedfd003 stride=256
[PANVK_DEBUG_FRAGJOB] gpu=0x7acedfd800 size=64\n[PANVK_DEBUG_FRAGJOB] +000: 00 00 00 00 00 00 00 00 00 00 00 00 00 00 00 00\n[PANVK_DEBUG_FRAGJOB] +016: 12 00 01 00 00 00 00 00 00 00 00 00 00 00 00 00\n[PANVK_DEBUG_FRAGJOB] +032: 00 00 00 00 1f 00 1f 00 03 d0 df ce 7a 00 00 00\n[PANVK_DEBUG_FRAGJOB] +048: 00 00 00 00 00 00 00 00 00 00 00 00 00 00 00 00\n[PANVK_DEBUG_SUBMIT] vtc_jc ret=0
[PANVK_DEBUG_JOBSTATUS] vtc_jc job[0] type=11 index=1 dep1=0 dep2=0 next=0x0 exception_status=0x01 (DONE) first_incomplete_task=0 fault_pointer=0x0
[PANVK_DEBUG_JOBSTATUS] vtc_jc job[1] type=9 index=1 dep1=0 dep2=0 next=0x0 exception_status=0x00 (NOT_STARTED) first_incomplete_task=0 fault_pointer=0x0
[PANVK_DEBUG_HEAP] SESUDAH vtc_jc (vertex+tiler) bo->flags=0x2 dev=0x7833800000 size=134217728 host=0x7833800000 mincore=absent -- UNREADABLE (I/O error) => halaman belum ter-commit, tiler tidak menulis apa pun
[PANVK_DEBUG_SUBMIT] frag_jc ret=0
[PANVK_DEBUG_JOBSTATUS] frag_jc job[0] type=11 index=1 dep1=0 dep2=0 next=0x0 exception_status=0x01 (DONE) first_incomplete_task=0 fault_pointer=0x0
[PANVK_DEBUG_JOBSTATUS] frag_jc job[1] type=9 index=1 dep1=0 dep2=0 next=0x0 exception_status=0x01 (DONE) first_incomplete_task=0 fault_pointer=0x0
[PANVK_DEBUG_HEAP] SESUDAH frag_jc (fragment) bo->flags=0x2 dev=0x7833800000 size=134217728 host=0x7833800000 mincore=absent -- UNREADABLE (I/O error) => halaman belum ter-commit, tiler tidak menulis apa pun
[PANVK_DEBUG_SUBMIT] vtc_jc ret=0
[PANVK_DEBUG_JOBSTATUS] vtc_jc job[0] type=4 index=1 dep1=0 dep2=0 next=0x0 exception_status=0x01 (DONE) first_incomplete_task=0 fault_pointer=0x0
[PANVK_DEBUG_JOBSTATUS] vtc_jc job[1] type=4 index=1 dep1=0 dep2=0 next=0x0 exception_status=0x01 (DONE) first_incomplete_task=0 fault_pointer=0x0
[PANVK_DEBUG_HEAP] SESUDAH vtc_jc (vertex+tiler) bo->flags=0x2 dev=0x7833800000 size=134217728 host=0x7833800000 mincore=absent -- UNREADABLE (I/O error) => halaman belum ter-commit, tiler tidak menulis apa pun
CUBEFP frame=014 deg= 140.0 bad=12896 exact_diff=13199 edge=1197 edge_diff=675 faces[R C G M B Y]=0 0 0 34672 9597 3299 first=(269,111) got=255,255,0 model=255,0,255
[PANVK_DEBUG_BLEND] rt=0 color_write_enables=0xff fmt=37 write_mask=0xf
[PANVK_DEBUG_BLENDFIX] blend_ptr.gpu=0x7aceec8440 bd_count=1 state.blend_descs[0]=0xed00000000019
[PANVK_DEBUG_VP] VkViewport: w=512.000000 h=512.000000 x=0.000000 y=0.000000
[PANVK_DEBUG_VP] computed scale: x=256.000000 y=256.000000
[PANVK_DEBUG_VP] computed offset: x=256.000000 y=256.000000
[PANVK_DEBUG_VSFAU] gpu=0x7aceec8450 count=12 bytes=96: 00 00 80 43 00 00 80 43 00 00 80 3f 00 00 80 43 00 00 80 43 00 00 00 00 00 00 c0 bf ef 25 56 3f 41 3d 13 3e ee 83 04 3e 00 00 00 00 f8 85 e5 be 49 60 89 3f ea 46 77 3f d7 b3 5d 3f 30 75 b9 3f a2 06 7f 3e f8 85 65 3e 00 00 00 00 00 00 00 00 e4 38 8e 40 00 00 a0 40 00 00 00 c7 00 00 00 47
[PANVK_DEBUG_FSFAU] gpu=0x7aceec84b0 count=3 bytes=24: 00 00 00 00 00 00 00 00 00 00 00 00 00 00 00 00 19 00 00 00 00 d0 0e 00
[PANVK_DEBUG_TILERCTX] 192 byte Tiler Context desc: 00 00 00 00 00 00 00 00 ff 00 04 00 ff 01 ff 01 00 00 00 00 00 00 00 00 e0 84 ec ce 7a 00 00 00 00 00 00 00 00 00 00 00 00 00 00 00 00 00 00 00 00 00 00 00 00 00 00 00 00 00 00 00 00 00 00 00 00 00 00 00 00 00 00 00 00 00 00 00 00 00 00 00 00 00 00 00 00 00 00 00 00 00 00 00 00 00 00 00 00 00 00 00 00 00 00 00 00 00 00 00 00 00 00 00 00 00 00 00 00 00 00 00 00 00 00 00 00 00 00 00 00 00 00 00 00 00 00 00 00 00 00 00 00 00 00 00 00 00 00 00 00 00 00 00 00 00 00 00 00 00 00 00 00 00 00 00 00 00 00 00 00 00 00 00 00 00 00 00 00 00 00 00 00 00 00 00 00 00 00 00 00 00 00 00
[PANVK_DEBUG_TILERHEAP] 32 byte Tiler Heap desc: 29 03 00 00 00 00 00 08 00 00 80 33 78 00 00 00 00 00 80 33 78 00 00 00 00 00 80 3b 78 00 00 00
[PANVK_DEBUG_FLAGS1] sample_mask=0xffff render_target_mask=0x1 bound_attachments=0x101
[PANVK_DEBUG_DS] 32 byte Depth/stencil desc: 07 00 00 00 00 00 00 00 00 00 00 00 00 00 00 00 00 00 c0 e4 00 00 00 00 00 00 00 00 00 00 00 00
[PANVK_DEBUG_BLENDRAW] 16 byte Blend desc(s): 00 0a 00 00 22 21 12 f0 19 00 00 00 00 d0 0e 00
[PANVK_DEBUG_MVJ] sesudah pan_jc_add_job gpu=0x7aceec8600 header: type=11 (MALLOC_VERTEX == BENAR) index=1 dep1=0 dep2=0
[PANVK_DEBUG_MVJ] dump 384 byte job descriptor:
[PANVK_DEBUG_MVJ] +000: 00 00 00 00 00 00 00 00 00 00 00 00 00 00 00 00
[PANVK_DEBUG_MVJ] +016: 16 00 01 00 00 00 00 00 00 00 00 00 00 00 00 00
[PANVK_DEBUG_MVJ] +032: 08 80 07 00 00 00 00 00 00 00 00 00 24 00 00 00
[PANVK_DEBUG_MVJ] +048: 01 00 00 00 1c 00 0c 00 00 85 ec ce 7a 00 00 00
[PANVK_DEBUG_MVJ] +064: 00 00 00 00 00 00 00 00 00 00 00 00 00 00 00 00
[PANVK_DEBUG_MVJ] +080: 00 00 00 00 00 00 00 00 00 00 00 00 00 00 00 00
[PANVK_DEBUG_MVJ] +096: 00 00 00 00 00 00 00 00 00 00 00 00 ff 01 ff 01
[PANVK_DEBUG_MVJ] +112: 00 00 80 3f 00 00 00 00 00 00 00 00 00 00 00 00
[PANVK_DEBUG_MVJ] +128: 00 00 81 00 ff ff 01 00 01 00 00 00 00 00 00 00
[PANVK_DEBUG_MVJ] +144: 00 00 00 00 00 00 00 00 00 00 00 00 00 00 80 3f
[PANVK_DEBUG_MVJ] +160: 00 00 00 00 00 00 00 00 80 87 ec ce 7a 00 00 00
[PANVK_DEBUG_MVJ] +176: 41 84 ec ce 7a 00 00 00 00 00 00 00 00 00 00 00
[PANVK_DEBUG_MVJ] +192: 00 00 00 00 03 00 00 00 00 00 00 00 00 00 00 00
[PANVK_DEBUG_MVJ] +208: 00 00 00 00 00 00 00 00 00 00 00 00 00 00 00 00
[PANVK_DEBUG_MVJ] +224: 04 84 ec ce 7a 00 00 00 40 c1 ed ce 7a 00 00 00
[PANVK_DEBUG_MVJ] +240: 00 81 ec ce 7a 00 00 00 b0 84 ec ce 7a 00 00 00
[PANVK_DEBUG_MVJ] +256: 00 00 00 00 0c 00 00 00 00 00 00 00 00 00 00 00
[PANVK_DEBUG_MVJ] +272: 00 00 00 00 00 00 00 00 00 00 00 00 00 00 00 00
[PANVK_DEBUG_MVJ] +288: 84 83 ec ce 7a 00 00 00 c0 c0 ed ce 7a 00 00 00
[PANVK_DEBUG_MVJ] +304: 00 81 ec ce 7a 00 00 00 50 84 ec ce 7a 00 00 00
[PANVK_DEBUG_MVJ] +320: 00 00 00 00 0c 00 00 00 00 00 00 00 00 00 00 00
[PANVK_DEBUG_MVJ] +336: 00 00 00 00 00 00 00 00 00 00 00 00 00 00 00 00
[PANVK_DEBUG_MVJ] +352: 84 83 ec ce 7a 00 00 00 00 c1 ed ce 7a 00 00 00
[PANVK_DEBUG_MVJ] +368: 00 81 ec ce 7a 00 00 00 50 84 ec ce 7a 00 00 00
[PANVK_DEBUG_MVJ] jc state: first_job=0x7aceec8600 job_index=1 tiler_dep=1
[PANVK_DEBUG_RTFMT] rt=0 fmt=84 rt_count=1
[PANVK_DEBUG_FBD] gpu=0x7aceec8000 size=256\n[PANVK_DEBUG_FBD] +000: 00 00 00 00 00 00 00 00 00 00 00 00 00 00 00 00\n[PANVK_DEBUG_FBD] +016: 00 f0 41 d0 7a 00 00 00 00 00 00 00 00 00 00 00\n[PANVK_DEBUG_FBD] +032: ff 01 ff 01 00 00 00 00 ff 01 ff 01 80 50 00 01\n[PANVK_DEBUG_FBD] +048: 00 00 22 00 00 00 80 3f 00 85 ec ce 7a 00 00 00\n[PANVK_DEBUG_FBD] +064: 00 00 00 00 00 00 00 00 00 00 00 00 00 00 00 00\n[PANVK_DEBUG_FBD] +080: 00 00 00 00 00 00 00 00 00 00 00 00 00 00 00 00\n[PANVK_DEBUG_FBD] +096: 00 00 00 00 00 00 00 00 00 00 00 00 00 00 00 00\n[PANVK_DEBUG_FBD] +112: 00 00 00 00 00 00 00 00 00 00 00 00 00 00 00 00\n[PANVK_DEBUG_FBD] +128: 00 00 00 00 00 00 00 00 00 00 00 00 00 00 00 00\n[PANVK_DEBUG_FBD] +144: 00 00 00 00 00 00 00 00 00 00 00 00 00 00 00 00\n[PANVK_DEBUG_FBD] +160: 00 00 00 00 00 00 00 00 00 00 00 00 00 00 00 00\n[PANVK_DEBUG_FBD] +176: 00 00 00 00 00 00 00 00 00 00 00 00 00 00 00 00\n[PANVK_DEBUG_FBD] +192: 00 00 00 04 99 8d 88 86 01 28 00 00 00 00 00 00\n[PANVK_DEBUG_FBD] +208: 00 00 00 00 00 00 00 00 00 00 00 00 00 00 00 00\n[PANVK_DEBUG_FBD] +224: 00 c0 cf 2a 78 00 00 00 00 10 00 00 00 40 00 00\n[PANVK_DEBUG_FBD] +240: 20 20 28 ff 20 20 28 ff 20 20 28 ff 20 20 28 ff\n[PANVK_DEBUG_FBD] tagged_ptr=0x7aceec8003 stride=256
[PANVK_DEBUG_FRAGJOB] gpu=0x7aceec8800 size=64\n[PANVK_DEBUG_FRAGJOB] +000: 00 00 00 00 00 00 00 00 00 00 00 00 00 00 00 00\n[PANVK_DEBUG_FRAGJOB] +016: 12 00 01 00 00 00 00 00 00 00 00 00 00 00 00 00\n[PANVK_DEBUG_FRAGJOB] +032: 00 00 00 00 1f 00 1f 00 03 80 ec ce 7a 00 00 00\n[PANVK_DEBUG_FRAGJOB] +048: 00 00 00 00 00 00 00 00 00 00 00 00 00 00 00 00\n[PANVK_DEBUG_SUBMIT] vtc_jc ret=0
[PANVK_DEBUG_JOBSTATUS] vtc_jc job[0] type=11 index=1 dep1=0 dep2=0 next=0x0 exception_status=0x01 (DONE) first_incomplete_task=0 fault_pointer=0x0
[PANVK_DEBUG_JOBSTATUS] vtc_jc job[1] type=9 index=1 dep1=0 dep2=0 next=0x0 exception_status=0x00 (NOT_STARTED) first_incomplete_task=0 fault_pointer=0x0
[PANVK_DEBUG_HEAP] SESUDAH vtc_jc (vertex+tiler) bo->flags=0x2 dev=0x7833800000 size=134217728 host=0x7833800000 mincore=absent -- UNREADABLE (I/O error) => halaman belum ter-commit, tiler tidak menulis apa pun
[PANVK_DEBUG_SUBMIT] frag_jc ret=0
[PANVK_DEBUG_JOBSTATUS] frag_jc job[0] type=11 index=1 dep1=0 dep2=0 next=0x0 exception_status=0x01 (DONE) first_incomplete_task=0 fault_pointer=0x0
[PANVK_DEBUG_JOBSTATUS] frag_jc job[1] type=9 index=1 dep1=0 dep2=0 next=0x0 exception_status=0x01 (DONE) first_incomplete_task=0 fault_pointer=0x0
[PANVK_DEBUG_HEAP] SESUDAH frag_jc (fragment) bo->flags=0x2 dev=0x7833800000 size=134217728 host=0x7833800000 mincore=absent -- UNREADABLE (I/O error) => halaman belum ter-commit, tiler tidak menulis apa pun
[PANVK_DEBUG_SUBMIT] vtc_jc ret=0
[PANVK_DEBUG_JOBSTATUS] vtc_jc job[0] type=4 index=1 dep1=0 dep2=0 next=0x0 exception_status=0x01 (DONE) first_incomplete_task=0 fault_pointer=0x0
[PANVK_DEBUG_JOBSTATUS] vtc_jc job[1] type=4 index=1 dep1=0 dep2=0 next=0x0 exception_status=0x01 (DONE) first_incomplete_task=0 fault_pointer=0x0
[PANVK_DEBUG_HEAP] SESUDAH vtc_jc (vertex+tiler) bo->flags=0x2 dev=0x7833800000 size=134217728 host=0x7833800000 mincore=absent -- UNREADABLE (I/O error) => halaman belum ter-commit, tiler tidak menulis apa pun
CUBEFP frame=015 deg= 150.0 bad=12345 exact_diff=12562 edge=1566 edge_diff=1021 faces[R C G M B Y]=0 0 0 33173 12345 562 first=(355,263) got=0,0,255 model=255,0,255
[PANVK_DEBUG_BLEND] rt=0 color_write_enables=0xff fmt=37 write_mask=0xf
[PANVK_DEBUG_BLENDFIX] blend_ptr.gpu=0x7acedfd440 bd_count=1 state.blend_descs[0]=0xed00000000019
[PANVK_DEBUG_VP] VkViewport: w=512.000000 h=512.000000 x=0.000000 y=0.000000
[PANVK_DEBUG_VP] computed scale: x=256.000000 y=256.000000
[PANVK_DEBUG_VP] computed offset: x=256.000000 y=256.000000
[PANVK_DEBUG_VSFAU] gpu=0x7acedfd450 count=12 bytes=96: 00 00 80 43 00 00 80 43 00 00 80 3f 00 00 80 43 00 00 80 43 00 00 00 00 0b 55 d0 bf 52 9c 0c 3f 87 c6 11 3e ad 32 03 3e 00 00 00 00 39 1a 26 bf bc dd 83 3f ec 5b 6d 3f 48 a7 17 3f 8a 29 c1 3f e8 41 c8 3e 51 3b b4 3e 00 00 00 00 00 00 00 00 e4 38 8e 40 00 00 a0 40 00 00 00 c7 00 00 00 47
[PANVK_DEBUG_FSFAU] gpu=0x7acedfd4b0 count=3 bytes=24: 00 00 00 00 00 00 00 00 00 00 00 00 00 00 00 00 19 00 00 00 00 d0 0e 00
[PANVK_DEBUG_TILERCTX] 192 byte Tiler Context desc: 00 00 00 00 00 00 00 00 ff 00 04 00 ff 01 ff 01 00 00 00 00 00 00 00 00 e0 d4 df ce 7a 00 00 00 00 00 00 00 00 00 00 00 00 00 00 00 00 00 00 00 00 00 00 00 00 00 00 00 00 00 00 00 00 00 00 00 00 00 00 00 00 00 00 00 00 00 00 00 00 00 00 00 00 00 00 00 00 00 00 00 00 00 00 00 00 00 00 00 00 00 00 00 00 00 00 00 00 00 00 00 00 00 00 00 00 00 00 00 00 00 00 00 00 00 00 00 00 00 00 00 00 00 00 00 00 00 00 00 00 00 00 00 00 00 00 00 00 00 00 00 00 00 00 00 00 00 00 00 00 00 00 00 00 00 00 00 00 00 00 00 00 00 00 00 00 00 00 00 00 00 00 00 00 00 00 00 00 00 00 00 00 00 00 00
[PANVK_DEBUG_TILERHEAP] 32 byte Tiler Heap desc: 29 03 00 00 00 00 00 08 00 00 80 33 78 00 00 00 00 00 80 33 78 00 00 00 00 00 80 3b 78 00 00 00
[PANVK_DEBUG_FLAGS1] sample_mask=0xffff render_target_mask=0x1 bound_attachments=0x101
[PANVK_DEBUG_DS] 32 byte Depth/stencil desc: 07 00 00 00 00 00 00 00 00 00 00 00 00 00 00 00 00 00 c0 e4 00 00 00 00 00 00 00 00 00 00 00 00
[PANVK_DEBUG_BLENDRAW] 16 byte Blend desc(s): 00 0a 00 00 22 21 12 f0 19 00 00 00 00 d0 0e 00
[PANVK_DEBUG_MVJ] sesudah pan_jc_add_job gpu=0x7acedfd600 header: type=11 (MALLOC_VERTEX == BENAR) index=1 dep1=0 dep2=0
[PANVK_DEBUG_MVJ] dump 384 byte job descriptor:
[PANVK_DEBUG_MVJ] +000: 00 00 00 00 00 00 00 00 00 00 00 00 00 00 00 00
[PANVK_DEBUG_MVJ] +016: 16 00 01 00 00 00 00 00 00 00 00 00 00 00 00 00
[PANVK_DEBUG_MVJ] +032: 08 80 07 00 00 00 00 00 00 00 00 00 24 00 00 00
[PANVK_DEBUG_MVJ] +048: 01 00 00 00 1c 00 0c 00 00 d5 df ce 7a 00 00 00
[PANVK_DEBUG_MVJ] +064: 00 00 00 00 00 00 00 00 00 00 00 00 00 00 00 00
[PANVK_DEBUG_MVJ] +080: 00 00 00 00 00 00 00 00 00 00 00 00 00 00 00 00
[PANVK_DEBUG_MVJ] +096: 00 00 00 00 00 00 00 00 00 00 00 00 ff 01 ff 01
[PANVK_DEBUG_MVJ] +112: 00 00 80 3f 00 00 00 00 00 00 00 00 00 00 00 00
[PANVK_DEBUG_MVJ] +128: 00 00 81 00 ff ff 01 00 01 00 00 00 00 00 00 00
[PANVK_DEBUG_MVJ] +144: 00 00 00 00 00 00 00 00 00 00 00 00 00 00 80 3f
[PANVK_DEBUG_MVJ] +160: 00 00 00 00 00 00 00 00 80 d7 df ce 7a 00 00 00
[PANVK_DEBUG_MVJ] +176: 41 d4 df ce 7a 00 00 00 00 00 00 00 00 00 00 00
[PANVK_DEBUG_MVJ] +192: 00 00 00 00 03 00 00 00 00 00 00 00 00 00 00 00
[PANVK_DEBUG_MVJ] +208: 00 00 00 00 00 00 00 00 00 00 00 00 00 00 00 00
[PANVK_DEBUG_MVJ] +224: 04 d4 df ce 7a 00 00 00 40 c1 ed ce 7a 00 00 00
[PANVK_DEBUG_MVJ] +240: 00 d1 df ce 7a 00 00 00 b0 d4 df ce 7a 00 00 00
[PANVK_DEBUG_MVJ] +256: 00 00 00 00 0c 00 00 00 00 00 00 00 00 00 00 00
[PANVK_DEBUG_MVJ] +272: 00 00 00 00 00 00 00 00 00 00 00 00 00 00 00 00
[PANVK_DEBUG_MVJ] +288: 84 d3 df ce 7a 00 00 00 c0 c0 ed ce 7a 00 00 00
[PANVK_DEBUG_MVJ] +304: 00 d1 df ce 7a 00 00 00 50 d4 df ce 7a 00 00 00
[PANVK_DEBUG_MVJ] +320: 00 00 00 00 0c 00 00 00 00 00 00 00 00 00 00 00
[PANVK_DEBUG_MVJ] +336: 00 00 00 00 00 00 00 00 00 00 00 00 00 00 00 00
[PANVK_DEBUG_MVJ] +352: 84 d3 df ce 7a 00 00 00 00 c1 ed ce 7a 00 00 00
[PANVK_DEBUG_MVJ] +368: 00 d1 df ce 7a 00 00 00 50 d4 df ce 7a 00 00 00
[PANVK_DEBUG_MVJ] jc state: first_job=0x7acedfd600 job_index=1 tiler_dep=1
[PANVK_DEBUG_RTFMT] rt=0 fmt=84 rt_count=1
[PANVK_DEBUG_FBD] gpu=0x7acedfd000 size=256\n[PANVK_DEBUG_FBD] +000: 00 00 00 00 00 00 00 00 00 00 00 00 00 00 00 00\n[PANVK_DEBUG_FBD] +016: 00 f0 41 d0 7a 00 00 00 00 00 00 00 00 00 00 00\n[PANVK_DEBUG_FBD] +032: ff 01 ff 01 00 00 00 00 ff 01 ff 01 80 50 00 01\n[PANVK_DEBUG_FBD] +048: 00 00 22 00 00 00 80 3f 00 d5 df ce 7a 00 00 00\n[PANVK_DEBUG_FBD] +064: 00 00 00 00 00 00 00 00 00 00 00 00 00 00 00 00\n[PANVK_DEBUG_FBD] +080: 00 00 00 00 00 00 00 00 00 00 00 00 00 00 00 00\n[PANVK_DEBUG_FBD] +096: 00 00 00 00 00 00 00 00 00 00 00 00 00 00 00 00\n[PANVK_DEBUG_FBD] +112: 00 00 00 00 00 00 00 00 00 00 00 00 00 00 00 00\n[PANVK_DEBUG_FBD] +128: 00 00 00 00 00 00 00 00 00 00 00 00 00 00 00 00\n[PANVK_DEBUG_FBD] +144: 00 00 00 00 00 00 00 00 00 00 00 00 00 00 00 00\n[PANVK_DEBUG_FBD] +160: 00 00 00 00 00 00 00 00 00 00 00 00 00 00 00 00\n[PANVK_DEBUG_FBD] +176: 00 00 00 00 00 00 00 00 00 00 00 00 00 00 00 00\n[PANVK_DEBUG_FBD] +192: 00 00 00 04 99 8d 88 86 01 28 00 00 00 00 00 00\n[PANVK_DEBUG_FBD] +208: 00 00 00 00 00 00 00 00 00 00 00 00 00 00 00 00\n[PANVK_DEBUG_FBD] +224: 00 c0 cf 2a 78 00 00 00 00 10 00 00 00 40 00 00\n[PANVK_DEBUG_FBD] +240: 20 20 28 ff 20 20 28 ff 20 20 28 ff 20 20 28 ff\n[PANVK_DEBUG_FBD] tagged_ptr=0x7acedfd003 stride=256
[PANVK_DEBUG_FRAGJOB] gpu=0x7acedfd800 size=64\n[PANVK_DEBUG_FRAGJOB] +000: 00 00 00 00 00 00 00 00 00 00 00 00 00 00 00 00\n[PANVK_DEBUG_FRAGJOB] +016: 12 00 01 00 00 00 00 00 00 00 00 00 00 00 00 00\n[PANVK_DEBUG_FRAGJOB] +032: 00 00 00 00 1f 00 1f 00 03 d0 df ce 7a 00 00 00\n[PANVK_DEBUG_FRAGJOB] +048: 00 00 00 00 00 00 00 00 00 00 00 00 00 00 00 00\n[PANVK_DEBUG_SUBMIT] vtc_jc ret=0
[PANVK_DEBUG_JOBSTATUS] vtc_jc job[0] type=11 index=1 dep1=0 dep2=0 next=0x0 exception_status=0x01 (DONE) first_incomplete_task=0 fault_pointer=0x0
[PANVK_DEBUG_JOBSTATUS] vtc_jc job[1] type=9 index=1 dep1=0 dep2=0 next=0x0 exception_status=0x00 (NOT_STARTED) first_incomplete_task=0 fault_pointer=0x0
[PANVK_DEBUG_HEAP] SESUDAH vtc_jc (vertex+tiler) bo->flags=0x2 dev=0x7833800000 size=134217728 host=0x7833800000 mincore=absent -- UNREADABLE (I/O error) => halaman belum ter-commit, tiler tidak menulis apa pun
[PANVK_DEBUG_SUBMIT] frag_jc ret=0
[PANVK_DEBUG_JOBSTATUS] frag_jc job[0] type=11 index=1 dep1=0 dep2=0 next=0x0 exception_status=0x01 (DONE) first_incomplete_task=0 fault_pointer=0x0
[PANVK_DEBUG_JOBSTATUS] frag_jc job[1] type=9 index=1 dep1=0 dep2=0 next=0x0 exception_status=0x01 (DONE) first_incomplete_task=0 fault_pointer=0x0
[PANVK_DEBUG_HEAP] SESUDAH frag_jc (fragment) bo->flags=0x2 dev=0x7833800000 size=134217728 host=0x7833800000 mincore=absent -- UNREADABLE (I/O error) => halaman belum ter-commit, tiler tidak menulis apa pun
[PANVK_DEBUG_SUBMIT] vtc_jc ret=0
[PANVK_DEBUG_JOBSTATUS] vtc_jc job[0] type=4 index=1 dep1=0 dep2=0 next=0x0 exception_status=0x01 (DONE) first_incomplete_task=0 fault_pointer=0x0
[PANVK_DEBUG_JOBSTATUS] vtc_jc job[1] type=4 index=1 dep1=0 dep2=0 next=0x0 exception_status=0x01 (DONE) first_incomplete_task=0 fault_pointer=0x0
[PANVK_DEBUG_HEAP] SESUDAH vtc_jc (vertex+tiler) bo->flags=0x2 dev=0x7833800000 size=134217728 host=0x7833800000 mincore=absent -- UNREADABLE (I/O error) => halaman belum ter-commit, tiler tidak menulis apa pun
CUBEFP frame=016 deg= 160.0 bad=14828 exact_diff=15068 edge=1622 edge_diff=1044 faces[R C G M B Y]=0 0 0 27507 14828 6002 first=(347,269) got=0,0,255 model=255,0,255
[PANVK_DEBUG_BLEND] rt=0 color_write_enables=0xff fmt=37 write_mask=0xf
[PANVK_DEBUG_BLENDFIX] blend_ptr.gpu=0x7aceec8440 bd_count=1 state.blend_descs[0]=0xed00000000019
[PANVK_DEBUG_VP] VkViewport: w=512.000000 h=512.000000 x=0.000000 y=0.000000
[PANVK_DEBUG_VP] computed scale: x=256.000000 y=256.000000
[PANVK_DEBUG_VP] computed offset: x=256.000000 y=256.000000
[PANVK_DEBUG_VSFAU] gpu=0x7aceec8450 count=12 bytes=96: 00 00 80 43 00 00 80 43 00 00 80 3f 00 00 80 43 00 00 80 43 00 00 00 00 98 55 da bf 6d af 86 3e 14 92 bf 3d df 69 ac 3d 00 00 00 00 8e f7 56 bf dd c7 78 3f 14 e7 5f 3f 31 fe 99 3e a3 f5 be 3f 6e ce 07 3f 93 73 f4 3e 00 00 00 00 00 00 00 00 e4 38 8e 40 00 00 a0 40 00 00 00 c7 00 00 00 47
[PANVK_DEBUG_FSFAU] gpu=0x7aceec84b0 count=3 bytes=24: 00 00 00 00 00 00 00 00 00 00 00 00 00 00 00 00 19 00 00 00 00 d0 0e 00
[PANVK_DEBUG_TILERCTX] 192 byte Tiler Context desc: 00 00 00 00 00 00 00 00 ff 00 04 00 ff 01 ff 01 00 00 00 00 00 00 00 00 e0 84 ec ce 7a 00 00 00 00 00 00 00 00 00 00 00 00 00 00 00 00 00 00 00 00 00 00 00 00 00 00 00 00 00 00 00 00 00 00 00 00 00 00 00 00 00 00 00 00 00 00 00 00 00 00 00 00 00 00 00 00 00 00 00 00 00 00 00 00 00 00 00 00 00 00 00 00 00 00 00 00 00 00 00 00 00 00 00 00 00 00 00 00 00 00 00 00 00 00 00 00 00 00 00 00 00 00 00 00 00 00 00 00 00 00 00 00 00 00 00 00 00 00 00 00 00 00 00 00 00 00 00 00 00 00 00 00 00 00 00 00 00 00 00 00 00 00 00 00 00 00 00 00 00 00 00 00 00 00 00 00 00 00 00 00 00 00 00
[PANVK_DEBUG_TILERHEAP] 32 byte Tiler Heap desc: 29 03 00 00 00 00 00 08 00 00 80 33 78 00 00 00 00 00 80 33 78 00 00 00 00 00 80 3b 78 00 00 00
[PANVK_DEBUG_FLAGS1] sample_mask=0xffff render_target_mask=0x1 bound_attachments=0x101
[PANVK_DEBUG_DS] 32 byte Depth/stencil desc: 07 00 00 00 00 00 00 00 00 00 00 00 00 00 00 00 00 00 c0 e4 00 00 00 00 00 00 00 00 00 00 00 00
[PANVK_DEBUG_BLENDRAW] 16 byte Blend desc(s): 00 0a 00 00 22 21 12 f0 19 00 00 00 00 d0 0e 00
[PANVK_DEBUG_MVJ] sesudah pan_jc_add_job gpu=0x7aceec8600 header: type=11 (MALLOC_VERTEX == BENAR) index=1 dep1=0 dep2=0
[PANVK_DEBUG_MVJ] dump 384 byte job descriptor:
[PANVK_DEBUG_MVJ] +000: 00 00 00 00 00 00 00 00 00 00 00 00 00 00 00 00
[PANVK_DEBUG_MVJ] +016: 16 00 01 00 00 00 00 00 00 00 00 00 00 00 00 00
[PANVK_DEBUG_MVJ] +032: 08 80 07 00 00 00 00 00 00 00 00 00 24 00 00 00
[PANVK_DEBUG_MVJ] +048: 01 00 00 00 1c 00 0c 00 00 85 ec ce 7a 00 00 00
[PANVK_DEBUG_MVJ] +064: 00 00 00 00 00 00 00 00 00 00 00 00 00 00 00 00
[PANVK_DEBUG_MVJ] +080: 00 00 00 00 00 00 00 00 00 00 00 00 00 00 00 00
[PANVK_DEBUG_MVJ] +096: 00 00 00 00 00 00 00 00 00 00 00 00 ff 01 ff 01
[PANVK_DEBUG_MVJ] +112: 00 00 80 3f 00 00 00 00 00 00 00 00 00 00 00 00
[PANVK_DEBUG_MVJ] +128: 00 00 81 00 ff ff 01 00 01 00 00 00 00 00 00 00
[PANVK_DEBUG_MVJ] +144: 00 00 00 00 00 00 00 00 00 00 00 00 00 00 80 3f
[PANVK_DEBUG_MVJ] +160: 00 00 00 00 00 00 00 00 80 87 ec ce 7a 00 00 00
[PANVK_DEBUG_MVJ] +176: 41 84 ec ce 7a 00 00 00 00 00 00 00 00 00 00 00
[PANVK_DEBUG_MVJ] +192: 00 00 00 00 03 00 00 00 00 00 00 00 00 00 00 00
[PANVK_DEBUG_MVJ] +208: 00 00 00 00 00 00 00 00 00 00 00 00 00 00 00 00
[PANVK_DEBUG_MVJ] +224: 04 84 ec ce 7a 00 00 00 40 c1 ed ce 7a 00 00 00
[PANVK_DEBUG_MVJ] +240: 00 81 ec ce 7a 00 00 00 b0 84 ec ce 7a 00 00 00
[PANVK_DEBUG_MVJ] +256: 00 00 00 00 0c 00 00 00 00 00 00 00 00 00 00 00
[PANVK_DEBUG_MVJ] +272: 00 00 00 00 00 00 00 00 00 00 00 00 00 00 00 00
[PANVK_DEBUG_MVJ] +288: 84 83 ec ce 7a 00 00 00 c0 c0 ed ce 7a 00 00 00
[PANVK_DEBUG_MVJ] +304: 00 81 ec ce 7a 00 00 00 50 84 ec ce 7a 00 00 00
[PANVK_DEBUG_MVJ] +320: 00 00 00 00 0c 00 00 00 00 00 00 00 00 00 00 00
[PANVK_DEBUG_MVJ] +336: 00 00 00 00 00 00 00 00 00 00 00 00 00 00 00 00
[PANVK_DEBUG_MVJ] +352: 84 83 ec ce 7a 00 00 00 00 c1 ed ce 7a 00 00 00
[PANVK_DEBUG_MVJ] +368: 00 81 ec ce 7a 00 00 00 50 84 ec ce 7a 00 00 00
[PANVK_DEBUG_MVJ] jc state: first_job=0x7aceec8600 job_index=1 tiler_dep=1
[PANVK_DEBUG_RTFMT] rt=0 fmt=84 rt_count=1
[PANVK_DEBUG_FBD] gpu=0x7aceec8000 size=256\n[PANVK_DEBUG_FBD] +000: 00 00 00 00 00 00 00 00 00 00 00 00 00 00 00 00\n[PANVK_DEBUG_FBD] +016: 00 f0 41 d0 7a 00 00 00 00 00 00 00 00 00 00 00\n[PANVK_DEBUG_FBD] +032: ff 01 ff 01 00 00 00 00 ff 01 ff 01 80 50 00 01\n[PANVK_DEBUG_FBD] +048: 00 00 22 00 00 00 80 3f 00 85 ec ce 7a 00 00 00\n[PANVK_DEBUG_FBD] +064: 00 00 00 00 00 00 00 00 00 00 00 00 00 00 00 00\n[PANVK_DEBUG_FBD] +080: 00 00 00 00 00 00 00 00 00 00 00 00 00 00 00 00\n[PANVK_DEBUG_FBD] +096: 00 00 00 00 00 00 00 00 00 00 00 00 00 00 00 00\n[PANVK_DEBUG_FBD] +112: 00 00 00 00 00 00 00 00 00 00 00 00 00 00 00 00\n[PANVK_DEBUG_FBD] +128: 00 00 00 00 00 00 00 00 00 00 00 00 00 00 00 00\n[PANVK_DEBUG_FBD] +144: 00 00 00 00 00 00 00 00 00 00 00 00 00 00 00 00\n[PANVK_DEBUG_FBD] +160: 00 00 00 00 00 00 00 00 00 00 00 00 00 00 00 00\n[PANVK_DEBUG_FBD] +176: 00 00 00 00 00 00 00 00 00 00 00 00 00 00 00 00\n[PANVK_DEBUG_FBD] +192: 00 00 00 04 99 8d 88 86 01 28 00 00 00 00 00 00\n[PANVK_DEBUG_FBD] +208: 00 00 00 00 00 00 00 00 00 00 00 00 00 00 00 00\n[PANVK_DEBUG_FBD] +224: 00 c0 cf 2a 78 00 00 00 00 10 00 00 00 40 00 00\n[PANVK_DEBUG_FBD] +240: 20 20 28 ff 20 20 28 ff 20 20 28 ff 20 20 28 ff\n[PANVK_DEBUG_FBD] tagged_ptr=0x7aceec8003 stride=256
[PANVK_DEBUG_FRAGJOB] gpu=0x7aceec8800 size=64\n[PANVK_DEBUG_FRAGJOB] +000: 00 00 00 00 00 00 00 00 00 00 00 00 00 00 00 00\n[PANVK_DEBUG_FRAGJOB] +016: 12 00 01 00 00 00 00 00 00 00 00 00 00 00 00 00\n[PANVK_DEBUG_FRAGJOB] +032: 00 00 00 00 1f 00 1f 00 03 80 ec ce 7a 00 00 00\n[PANVK_DEBUG_FRAGJOB] +048: 00 00 00 00 00 00 00 00 00 00 00 00 00 00 00 00\n[PANVK_DEBUG_SUBMIT] vtc_jc ret=0
[PANVK_DEBUG_JOBSTATUS] vtc_jc job[0] type=11 index=1 dep1=0 dep2=0 next=0x0 exception_status=0x01 (DONE) first_incomplete_task=0 fault_pointer=0x0
[PANVK_DEBUG_JOBSTATUS] vtc_jc job[1] type=9 index=1 dep1=0 dep2=0 next=0x0 exception_status=0x00 (NOT_STARTED) first_incomplete_task=0 fault_pointer=0x0
[PANVK_DEBUG_HEAP] SESUDAH vtc_jc (vertex+tiler) bo->flags=0x2 dev=0x7833800000 size=134217728 host=0x7833800000 mincore=absent -- UNREADABLE (I/O error) => halaman belum ter-commit, tiler tidak menulis apa pun
[PANVK_DEBUG_SUBMIT] frag_jc ret=0
[PANVK_DEBUG_JOBSTATUS] frag_jc job[0] type=11 index=1 dep1=0 dep2=0 next=0x0 exception_status=0x01 (DONE) first_incomplete_task=0 fault_pointer=0x0
[PANVK_DEBUG_JOBSTATUS] frag_jc job[1] type=9 index=1 dep1=0 dep2=0 next=0x0 exception_status=0x01 (DONE) first_incomplete_task=0 fault_pointer=0x0
[PANVK_DEBUG_HEAP] SESUDAH frag_jc (fragment) bo->flags=0x2 dev=0x7833800000 size=134217728 host=0x7833800000 mincore=absent -- UNREADABLE (I/O error) => halaman belum ter-commit, tiler tidak menulis apa pun
[PANVK_DEBUG_SUBMIT] vtc_jc ret=0
[PANVK_DEBUG_JOBSTATUS] vtc_jc job[0] type=4 index=1 dep1=0 dep2=0 next=0x0 exception_status=0x01 (DONE) first_incomplete_task=0 fault_pointer=0x0
[PANVK_DEBUG_JOBSTATUS] vtc_jc job[1] type=4 index=1 dep1=0 dep2=0 next=0x0 exception_status=0x01 (DONE) first_incomplete_task=0 fault_pointer=0x0
[PANVK_DEBUG_HEAP] SESUDAH vtc_jc (vertex+tiler) bo->flags=0x2 dev=0x7833800000 size=134217728 host=0x7833800000 mincore=absent -- UNREADABLE (I/O error) => halaman belum ter-commit, tiler tidak menulis apa pun
CUBEFP frame=017 deg= 170.0 bad=16811 exact_diff=17081 edge=1628 edge_diff=1020 faces[R C G M B Y]=0 0 0 21359 16811 12235 first=(334,272) got=0,0,255 model=255,0,255
[PANVK_DEBUG_BLEND] rt=0 color_write_enables=0xff fmt=37 write_mask=0xf
[PANVK_DEBUG_BLENDFIX] blend_ptr.gpu=0x7acedfd440 bd_count=1 state.blend_descs[0]=0xed00000000019
[PANVK_DEBUG_VP] VkViewport: w=512.000000 h=512.000000 x=0.000000 y=0.000000
[PANVK_DEBUG_VP] computed scale: x=256.000000 y=256.000000
[PANVK_DEBUG_VP] computed offset: x=256.000000 y=256.000000
[PANVK_DEBUG_VSFAU] gpu=0x7acedfd450 count=12 bytes=96: 00 00 80 43 00 00 80 43 00 00 80 3f 00 00 80 43 00 00 80 43 00 00 00 00 d7 b3 dd bf c3 d8 45 25 79 6c b8 24 39 fb a5 24 00 00 00 00 3f 50 82 bf d2 1e 66 3f bd 1b 4f 3f 50 8d 74 25 71 5c b3 3f 37 31 27 3f 18 79 16 3f 00 00 00 00 00 00 00 00 e4 38 8e 40 00 00 a0 40 00 00 00 c7 00 00 00 47
[PANVK_DEBUG_FSFAU] gpu=0x7acedfd4b0 count=3 bytes=24: 00 00 00 00 00 00 00 00 00 00 00 00 00 00 00 00 19 00 00 00 00 d0 0e 00
[PANVK_DEBUG_TILERCTX] 192 byte Tiler Context desc: 00 00 00 00 00 00 00 00 ff 00 04 00 ff 01 ff 01 00 00 00 00 00 00 00 00 e0 d4 df ce 7a 00 00 00 00 00 00 00 00 00 00 00 00 00 00 00 00 00 00 00 00 00 00 00 00 00 00 00 00 00 00 00 00 00 00 00 00 00 00 00 00 00 00 00 00 00 00 00 00 00 00 00 00 00 00 00 00 00 00 00 00 00 00 00 00 00 00 00 00 00 00 00 00 00 00 00 00 00 00 00 00 00 00 00 00 00 00 00 00 00 00 00 00 00 00 00 00 00 00 00 00 00 00 00 00 00 00 00 00 00 00 00 00 00 00 00 00 00 00 00 00 00 00 00 00 00 00 00 00 00 00 00 00 00 00 00 00 00 00 00 00 00 00 00 00 00 00 00 00 00 00 00 00 00 00 00 00 00 00 00 00 00 00 00
[PANVK_DEBUG_TILERHEAP] 32 byte Tiler Heap desc: 29 03 00 00 00 00 00 08 00 00 80 33 78 00 00 00 00 00 80 33 78 00 00 00 00 00 80 3b 78 00 00 00
[PANVK_DEBUG_FLAGS1] sample_mask=0xffff render_target_mask=0x1 bound_attachments=0x101
[PANVK_DEBUG_DS] 32 byte Depth/stencil desc: 07 00 00 00 00 00 00 00 00 00 00 00 00 00 00 00 00 00 c0 e4 00 00 00 00 00 00 00 00 00 00 00 00
[PANVK_DEBUG_BLENDRAW] 16 byte Blend desc(s): 00 0a 00 00 22 21 12 f0 19 00 00 00 00 d0 0e 00
[PANVK_DEBUG_MVJ] sesudah pan_jc_add_job gpu=0x7acedfd600 header: type=11 (MALLOC_VERTEX == BENAR) index=1 dep1=0 dep2=0
[PANVK_DEBUG_MVJ] dump 384 byte job descriptor:
[PANVK_DEBUG_MVJ] +000: 00 00 00 00 00 00 00 00 00 00 00 00 00 00 00 00
[PANVK_DEBUG_MVJ] +016: 16 00 01 00 00 00 00 00 00 00 00 00 00 00 00 00
[PANVK_DEBUG_MVJ] +032: 08 80 07 00 00 00 00 00 00 00 00 00 24 00 00 00
[PANVK_DEBUG_MVJ] +048: 01 00 00 00 1c 00 0c 00 00 d5 df ce 7a 00 00 00
[PANVK_DEBUG_MVJ] +064: 00 00 00 00 00 00 00 00 00 00 00 00 00 00 00 00
[PANVK_DEBUG_MVJ] +080: 00 00 00 00 00 00 00 00 00 00 00 00 00 00 00 00
[PANVK_DEBUG_MVJ] +096: 00 00 00 00 00 00 00 00 00 00 00 00 ff 01 ff 01
[PANVK_DEBUG_MVJ] +112: 00 00 80 3f 00 00 00 00 00 00 00 00 00 00 00 00
[PANVK_DEBUG_MVJ] +128: 00 00 81 00 ff ff 01 00 01 00 00 00 00 00 00 00
[PANVK_DEBUG_MVJ] +144: 00 00 00 00 00 00 00 00 00 00 00 00 00 00 80 3f
[PANVK_DEBUG_MVJ] +160: 00 00 00 00 00 00 00 00 80 d7 df ce 7a 00 00 00
[PANVK_DEBUG_MVJ] +176: 41 d4 df ce 7a 00 00 00 00 00 00 00 00 00 00 00
[PANVK_DEBUG_MVJ] +192: 00 00 00 00 03 00 00 00 00 00 00 00 00 00 00 00
[PANVK_DEBUG_MVJ] +208: 00 00 00 00 00 00 00 00 00 00 00 00 00 00 00 00
[PANVK_DEBUG_MVJ] +224: 04 d4 df ce 7a 00 00 00 40 c1 ed ce 7a 00 00 00
[PANVK_DEBUG_MVJ] +240: 00 d1 df ce 7a 00 00 00 b0 d4 df ce 7a 00 00 00
[PANVK_DEBUG_MVJ] +256: 00 00 00 00 0c 00 00 00 00 00 00 00 00 00 00 00
[PANVK_DEBUG_MVJ] +272: 00 00 00 00 00 00 00 00 00 00 00 00 00 00 00 00
[PANVK_DEBUG_MVJ] +288: 84 d3 df ce 7a 00 00 00 c0 c0 ed ce 7a 00 00 00
[PANVK_DEBUG_MVJ] +304: 00 d1 df ce 7a 00 00 00 50 d4 df ce 7a 00 00 00
[PANVK_DEBUG_MVJ] +320: 00 00 00 00 0c 00 00 00 00 00 00 00 00 00 00 00
[PANVK_DEBUG_MVJ] +336: 00 00 00 00 00 00 00 00 00 00 00 00 00 00 00 00
[PANVK_DEBUG_MVJ] +352: 84 d3 df ce 7a 00 00 00 00 c1 ed ce 7a 00 00 00
[PANVK_DEBUG_MVJ] +368: 00 d1 df ce 7a 00 00 00 50 d4 df ce 7a 00 00 00
[PANVK_DEBUG_MVJ] jc state: first_job=0x7acedfd600 job_index=1 tiler_dep=1
[PANVK_DEBUG_RTFMT] rt=0 fmt=84 rt_count=1
[PANVK_DEBUG_FBD] gpu=0x7acedfd000 size=256\n[PANVK_DEBUG_FBD] +000: 00 00 00 00 00 00 00 00 00 00 00 00 00 00 00 00\n[PANVK_DEBUG_FBD] +016: 00 f0 41 d0 7a 00 00 00 00 00 00 00 00 00 00 00\n[PANVK_DEBUG_FBD] +032: ff 01 ff 01 00 00 00 00 ff 01 ff 01 80 50 00 01\n[PANVK_DEBUG_FBD] +048: 00 00 22 00 00 00 80 3f 00 d5 df ce 7a 00 00 00\n[PANVK_DEBUG_FBD] +064: 00 00 00 00 00 00 00 00 00 00 00 00 00 00 00 00\n[PANVK_DEBUG_FBD] +080: 00 00 00 00 00 00 00 00 00 00 00 00 00 00 00 00\n[PANVK_DEBUG_FBD] +096: 00 00 00 00 00 00 00 00 00 00 00 00 00 00 00 00\n[PANVK_DEBUG_FBD] +112: 00 00 00 00 00 00 00 00 00 00 00 00 00 00 00 00\n[PANVK_DEBUG_FBD] +128: 00 00 00 00 00 00 00 00 00 00 00 00 00 00 00 00\n[PANVK_DEBUG_FBD] +144: 00 00 00 00 00 00 00 00 00 00 00 00 00 00 00 00\n[PANVK_DEBUG_FBD] +160: 00 00 00 00 00 00 00 00 00 00 00 00 00 00 00 00\n[PANVK_DEBUG_FBD] +176: 00 00 00 00 00 00 00 00 00 00 00 00 00 00 00 00\n[PANVK_DEBUG_FBD] +192: 00 00 00 04 99 8d 88 86 01 28 00 00 00 00 00 00\n[PANVK_DEBUG_FBD] +208: 00 00 00 00 00 00 00 00 00 00 00 00 00 00 00 00\n[PANVK_DEBUG_FBD] +224: 00 c0 cf 2a 78 00 00 00 00 10 00 00 00 40 00 00\n[PANVK_DEBUG_FBD] +240: 20 20 28 ff 20 20 28 ff 20 20 28 ff 20 20 28 ff\n[PANVK_DEBUG_FBD] tagged_ptr=0x7acedfd003 stride=256
[PANVK_DEBUG_FRAGJOB] gpu=0x7acedfd800 size=64\n[PANVK_DEBUG_FRAGJOB] +000: 00 00 00 00 00 00 00 00 00 00 00 00 00 00 00 00\n[PANVK_DEBUG_FRAGJOB] +016: 12 00 01 00 00 00 00 00 00 00 00 00 00 00 00 00\n[PANVK_DEBUG_FRAGJOB] +032: 00 00 00 00 1f 00 1f 00 03 d0 df ce 7a 00 00 00\n[PANVK_DEBUG_FRAGJOB] +048: 00 00 00 00 00 00 00 00 00 00 00 00 00 00 00 00\n[PANVK_DEBUG_SUBMIT] vtc_jc ret=0
[PANVK_DEBUG_JOBSTATUS] vtc_jc job[0] type=11 index=1 dep1=0 dep2=0 next=0x0 exception_status=0x01 (DONE) first_incomplete_task=0 fault_pointer=0x0
[PANVK_DEBUG_JOBSTATUS] vtc_jc job[1] type=9 index=1 dep1=0 dep2=0 next=0x0 exception_status=0x00 (NOT_STARTED) first_incomplete_task=0 fault_pointer=0x0
[PANVK_DEBUG_HEAP] SESUDAH vtc_jc (vertex+tiler) bo->flags=0x2 dev=0x7833800000 size=134217728 host=0x7833800000 mincore=absent -- UNREADABLE (I/O error) => halaman belum ter-commit, tiler tidak menulis apa pun
[PANVK_DEBUG_SUBMIT] frag_jc ret=0
[PANVK_DEBUG_JOBSTATUS] frag_jc job[0] type=11 index=1 dep1=0 dep2=0 next=0x0 exception_status=0x01 (DONE) first_incomplete_task=0 fault_pointer=0x0
[PANVK_DEBUG_JOBSTATUS] frag_jc job[1] type=9 index=1 dep1=0 dep2=0 next=0x0 exception_status=0x01 (DONE) first_incomplete_task=0 fault_pointer=0x0
[PANVK_DEBUG_HEAP] SESUDAH frag_jc (fragment) bo->flags=0x2 dev=0x7833800000 size=134217728 host=0x7833800000 mincore=absent -- UNREADABLE (I/O error) => halaman belum ter-commit, tiler tidak menulis apa pun
[PANVK_DEBUG_SUBMIT] vtc_jc ret=0
[PANVK_DEBUG_JOBSTATUS] vtc_jc job[0] type=4 index=1 dep1=0 dep2=0 next=0x0 exception_status=0x01 (DONE) first_incomplete_task=0 fault_pointer=0x0
[PANVK_DEBUG_JOBSTATUS] vtc_jc job[1] type=4 index=1 dep1=0 dep2=0 next=0x0 exception_status=0x01 (DONE) first_incomplete_task=0 fault_pointer=0x0
[PANVK_DEBUG_HEAP] SESUDAH vtc_jc (vertex+tiler) bo->flags=0x2 dev=0x7833800000 size=134217728 host=0x7833800000 mincore=absent -- UNREADABLE (I/O error) => halaman belum ter-commit, tiler tidak menulis apa pun
CUBEFP frame=018 deg= 180.0 bad=18263 exact_diff=18644 edge=1611 edge_diff=1189 faces[R C G M B Y]=0 0 0 14995 18263 18393 first=(187,271) got=0,0,255 model=255,0,255
[PANVK_DEBUG_BLEND] rt=0 color_write_enables=0xff fmt=37 write_mask=0xf
[PANVK_DEBUG_BLENDFIX] blend_ptr.gpu=0x7aceec8440 bd_count=1 state.blend_descs[0]=0xed00000000019
[PANVK_DEBUG_VP] VkViewport: w=512.000000 h=512.000000 x=0.000000 y=0.000000
[PANVK_DEBUG_VP] computed scale: x=256.000000 y=256.000000
[PANVK_DEBUG_VP] computed offset: x=256.000000 y=256.000000
[PANVK_DEBUG_VSFAU] gpu=0x7aceec8450 count=12 bytes=96: 00 00 80 43 00 00 80 43 00 00 80 3f 00 00 80 43 00 00 80 43 00 00 00 00 98 55 da bf 22 3f 61 be 97 be 06 be 43 8a f2 bd 00 00 00 00 64 33 97 bf 8d 07 50 3f ff 39 3b 3f 31 fe 99 be fc ad 9f 3f 22 0b 3f 3f 6c f0 2b 3f 00 00 00 00 00 00 00 00 e4 38 8e 40 00 00 a0 40 00 00 00 c7 00 00 00 47
[PANVK_DEBUG_FSFAU] gpu=0x7aceec84b0 count=3 bytes=24: 00 00 00 00 00 00 00 00 00 00 00 00 00 00 00 00 19 00 00 00 00 d0 0e 00
[PANVK_DEBUG_TILERCTX] 192 byte Tiler Context desc: 00 00 00 00 00 00 00 00 ff 00 04 00 ff 01 ff 01 00 00 00 00 00 00 00 00 e0 84 ec ce 7a 00 00 00 00 00 00 00 00 00 00 00 00 00 00 00 00 00 00 00 00 00 00 00 00 00 00 00 00 00 00 00 00 00 00 00 00 00 00 00 00 00 00 00 00 00 00 00 00 00 00 00 00 00 00 00 00 00 00 00 00 00 00 00 00 00 00 00 00 00 00 00 00 00 00 00 00 00 00 00 00 00 00 00 00 00 00 00 00 00 00 00 00 00 00 00 00 00 00 00 00 00 00 00 00 00 00 00 00 00 00 00 00 00 00 00 00 00 00 00 00 00 00 00 00 00 00 00 00 00 00 00 00 00 00 00 00 00 00 00 00 00 00 00 00 00 00 00 00 00 00 00 00 00 00 00 00 00 00 00 00 00 00 00
[PANVK_DEBUG_TILERHEAP] 32 byte Tiler Heap desc: 29 03 00 00 00 00 00 08 00 00 80 33 78 00 00 00 00 00 80 33 78 00 00 00 00 00 80 3b 78 00 00 00
[PANVK_DEBUG_FLAGS1] sample_mask=0xffff render_target_mask=0x1 bound_attachments=0x101
[PANVK_DEBUG_DS] 32 byte Depth/stencil desc: 07 00 00 00 00 00 00 00 00 00 00 00 00 00 00 00 00 00 c0 e4 00 00 00 00 00 00 00 00 00 00 00 00
[PANVK_DEBUG_BLENDRAW] 16 byte Blend desc(s): 00 0a 00 00 22 21 12 f0 19 00 00 00 00 d0 0e 00
[PANVK_DEBUG_MVJ] sesudah pan_jc_add_job gpu=0x7aceec8600 header: type=11 (MALLOC_VERTEX == BENAR) index=1 dep1=0 dep2=0
[PANVK_DEBUG_MVJ] dump 384 byte job descriptor:
[PANVK_DEBUG_MVJ] +000: 00 00 00 00 00 00 00 00 00 00 00 00 00 00 00 00
[PANVK_DEBUG_MVJ] +016: 16 00 01 00 00 00 00 00 00 00 00 00 00 00 00 00
[PANVK_DEBUG_MVJ] +032: 08 80 07 00 00 00 00 00 00 00 00 00 24 00 00 00
[PANVK_DEBUG_MVJ] +048: 01 00 00 00 1c 00 0c 00 00 85 ec ce 7a 00 00 00
[PANVK_DEBUG_MVJ] +064: 00 00 00 00 00 00 00 00 00 00 00 00 00 00 00 00
[PANVK_DEBUG_MVJ] +080: 00 00 00 00 00 00 00 00 00 00 00 00 00 00 00 00
[PANVK_DEBUG_MVJ] +096: 00 00 00 00 00 00 00 00 00 00 00 00 ff 01 ff 01
[PANVK_DEBUG_MVJ] +112: 00 00 80 3f 00 00 00 00 00 00 00 00 00 00 00 00
[PANVK_DEBUG_MVJ] +128: 00 00 81 00 ff ff 01 00 01 00 00 00 00 00 00 00
[PANVK_DEBUG_MVJ] +144: 00 00 00 00 00 00 00 00 00 00 00 00 00 00 80 3f
[PANVK_DEBUG_MVJ] +160: 00 00 00 00 00 00 00 00 80 87 ec ce 7a 00 00 00
[PANVK_DEBUG_MVJ] +176: 41 84 ec ce 7a 00 00 00 00 00 00 00 00 00 00 00
[PANVK_DEBUG_MVJ] +192: 00 00 00 00 03 00 00 00 00 00 00 00 00 00 00 00
[PANVK_DEBUG_MVJ] +208: 00 00 00 00 00 00 00 00 00 00 00 00 00 00 00 00
[PANVK_DEBUG_MVJ] +224: 04 84 ec ce 7a 00 00 00 40 c1 ed ce 7a 00 00 00
[PANVK_DEBUG_MVJ] +240: 00 81 ec ce 7a 00 00 00 b0 84 ec ce 7a 00 00 00
[PANVK_DEBUG_MVJ] +256: 00 00 00 00 0c 00 00 00 00 00 00 00 00 00 00 00
[PANVK_DEBUG_MVJ] +272: 00 00 00 00 00 00 00 00 00 00 00 00 00 00 00 00
[PANVK_DEBUG_MVJ] +288: 84 83 ec ce 7a 00 00 00 c0 c0 ed ce 7a 00 00 00
[PANVK_DEBUG_MVJ] +304: 00 81 ec ce 7a 00 00 00 50 84 ec ce 7a 00 00 00
[PANVK_DEBUG_MVJ] +320: 00 00 00 00 0c 00 00 00 00 00 00 00 00 00 00 00
[PANVK_DEBUG_MVJ] +336: 00 00 00 00 00 00 00 00 00 00 00 00 00 00 00 00
[PANVK_DEBUG_MVJ] +352: 84 83 ec ce 7a 00 00 00 00 c1 ed ce 7a 00 00 00
[PANVK_DEBUG_MVJ] +368: 00 81 ec ce 7a 00 00 00 50 84 ec ce 7a 00 00 00
[PANVK_DEBUG_MVJ] jc state: first_job=0x7aceec8600 job_index=1 tiler_dep=1
[PANVK_DEBUG_RTFMT] rt=0 fmt=84 rt_count=1
[PANVK_DEBUG_FBD] gpu=0x7aceec8000 size=256\n[PANVK_DEBUG_FBD] +000: 00 00 00 00 00 00 00 00 00 00 00 00 00 00 00 00\n[PANVK_DEBUG_FBD] +016: 00 f0 41 d0 7a 00 00 00 00 00 00 00 00 00 00 00\n[PANVK_DEBUG_FBD] +032: ff 01 ff 01 00 00 00 00 ff 01 ff 01 80 50 00 01\n[PANVK_DEBUG_FBD] +048: 00 00 22 00 00 00 80 3f 00 85 ec ce 7a 00 00 00\n[PANVK_DEBUG_FBD] +064: 00 00 00 00 00 00 00 00 00 00 00 00 00 00 00 00\n[PANVK_DEBUG_FBD] +080: 00 00 00 00 00 00 00 00 00 00 00 00 00 00 00 00\n[PANVK_DEBUG_FBD] +096: 00 00 00 00 00 00 00 00 00 00 00 00 00 00 00 00\n[PANVK_DEBUG_FBD] +112: 00 00 00 00 00 00 00 00 00 00 00 00 00 00 00 00\n[PANVK_DEBUG_FBD] +128: 00 00 00 00 00 00 00 00 00 00 00 00 00 00 00 00\n[PANVK_DEBUG_FBD] +144: 00 00 00 00 00 00 00 00 00 00 00 00 00 00 00 00\n[PANVK_DEBUG_FBD] +160: 00 00 00 00 00 00 00 00 00 00 00 00 00 00 00 00\n[PANVK_DEBUG_FBD] +176: 00 00 00 00 00 00 00 00 00 00 00 00 00 00 00 00\n[PANVK_DEBUG_FBD] +192: 00 00 00 04 99 8d 88 86 01 28 00 00 00 00 00 00\n[PANVK_DEBUG_FBD] +208: 00 00 00 00 00 00 00 00 00 00 00 00 00 00 00 00\n[PANVK_DEBUG_FBD] +224: 00 c0 cf 2a 78 00 00 00 00 10 00 00 00 40 00 00\n[PANVK_DEBUG_FBD] +240: 20 20 28 ff 20 20 28 ff 20 20 28 ff 20 20 28 ff\n[PANVK_DEBUG_FBD] tagged_ptr=0x7aceec8003 stride=256
[PANVK_DEBUG_FRAGJOB] gpu=0x7aceec8800 size=64\n[PANVK_DEBUG_FRAGJOB] +000: 00 00 00 00 00 00 00 00 00 00 00 00 00 00 00 00\n[PANVK_DEBUG_FRAGJOB] +016: 12 00 01 00 00 00 00 00 00 00 00 00 00 00 00 00\n[PANVK_DEBUG_FRAGJOB] +032: 00 00 00 00 1f 00 1f 00 03 80 ec ce 7a 00 00 00\n[PANVK_DEBUG_FRAGJOB] +048: 00 00 00 00 00 00 00 00 00 00 00 00 00 00 00 00\n[PANVK_DEBUG_SUBMIT] vtc_jc ret=0
[PANVK_DEBUG_JOBSTATUS] vtc_jc job[0] type=11 index=1 dep1=0 dep2=0 next=0x0 exception_status=0x01 (DONE) first_incomplete_task=0 fault_pointer=0x0
[PANVK_DEBUG_JOBSTATUS] vtc_jc job[1] type=9 index=1 dep1=0 dep2=0 next=0x0 exception_status=0x00 (NOT_STARTED) first_incomplete_task=0 fault_pointer=0x0
[PANVK_DEBUG_HEAP] SESUDAH vtc_jc (vertex+tiler) bo->flags=0x2 dev=0x7833800000 size=134217728 host=0x7833800000 mincore=absent -- UNREADABLE (I/O error) => halaman belum ter-commit, tiler tidak menulis apa pun
[PANVK_DEBUG_SUBMIT] frag_jc ret=0
[PANVK_DEBUG_JOBSTATUS] frag_jc job[0] type=11 index=1 dep1=0 dep2=0 next=0x0 exception_status=0x01 (DONE) first_incomplete_task=0 fault_pointer=0x0
[PANVK_DEBUG_JOBSTATUS] frag_jc job[1] type=9 index=1 dep1=0 dep2=0 next=0x0 exception_status=0x01 (DONE) first_incomplete_task=0 fault_pointer=0x0
[PANVK_DEBUG_HEAP] SESUDAH frag_jc (fragment) bo->flags=0x2 dev=0x7833800000 size=134217728 host=0x7833800000 mincore=absent -- UNREADABLE (I/O error) => halaman belum ter-commit, tiler tidak menulis apa pun
[PANVK_DEBUG_SUBMIT] vtc_jc ret=0
[PANVK_DEBUG_JOBSTATUS] vtc_jc job[0] type=4 index=1 dep1=0 dep2=0 next=0x0 exception_status=0x01 (DONE) first_incomplete_task=0 fault_pointer=0x0
[PANVK_DEBUG_JOBSTATUS] vtc_jc job[1] type=4 index=1 dep1=0 dep2=0 next=0x0 exception_status=0x01 (DONE) first_incomplete_task=0 fault_pointer=0x0
[PANVK_DEBUG_HEAP] SESUDAH vtc_jc (vertex+tiler) bo->flags=0x2 dev=0x7833800000 size=134217728 host=0x7833800000 mincore=absent -- UNREADABLE (I/O error) => halaman belum ter-commit, tiler tidak menulis apa pun
CUBEFP frame=019 deg= 190.0 bad=19155 exact_diff=19452 edge=1577 edge_diff=953 faces[R C G M B Y]=0 0 0 8554 19155 23724 first=(174,250) got=0,0,255 model=255,0,255
[PANVK_DEBUG_BLEND] rt=0 color_write_enables=0xff fmt=37 write_mask=0xf
[PANVK_DEBUG_BLENDFIX] blend_ptr.gpu=0x7acedfd440 bd_count=1 state.blend_descs[0]=0xed00000000019
[PANVK_DEBUG_VP] VkViewport: w=512.000000 h=512.000000 x=0.000000 y=0.000000
[PANVK_DEBUG_VP] computed scale: x=256.000000 y=256.000000
[PANVK_DEBUG_VP] computed offset: x=256.000000 y=256.000000
[PANVK_DEBUG_VSFAU] gpu=0x7acedfd450 count=12 bytes=96: 00 00 80 43 00 00 80 43 00 00 80 3f 00 00 80 43 00 00 80 43 00 00 00 00 0b 55 d0 bf 40 f6 c2 be e6 0c 95 be 35 25 86 be 00 00 00 00 7f d5 a9 bf 5e d6 36 3f bb 8d 24 3f 48 a7 17 bf d2 e9 85 3f 9c c1 4c 3f d9 47 38 3f 00 00 00 00 00 00 00 00 e4 38 8e 40 00 00 a0 40 00 00 00 c7 00 00 00 47
[PANVK_DEBUG_FSFAU] gpu=0x7acedfd4b0 count=3 bytes=24: 00 00 00 00 00 00 00 00 00 00 00 00 00 00 00 00 19 00 00 00 00 d0 0e 00
[PANVK_DEBUG_TILERCTX] 192 byte Tiler Context desc: 00 00 00 00 00 00 00 00 ff 00 04 00 ff 01 ff 01 00 00 00 00 00 00 00 00 e0 d4 df ce 7a 00 00 00 00 00 00 00 00 00 00 00 00 00 00 00 00 00 00 00 00 00 00 00 00 00 00 00 00 00 00 00 00 00 00 00 00 00 00 00 00 00 00 00 00 00 00 00 00 00 00 00 00 00 00 00 00 00 00 00 00 00 00 00 00 00 00 00 00 00 00 00 00 00 00 00 00 00 00 00 00 00 00 00 00 00 00 00 00 00 00 00 00 00 00 00 00 00 00 00 00 00 00 00 00 00 00 00 00 00 00 00 00 00 00 00 00 00 00 00 00 00 00 00 00 00 00 00 00 00 00 00 00 00 00 00 00 00 00 00 00 00 00 00 00 00 00 00 00 00 00 00 00 00 00 00 00 00 00 00 00 00 00 00
[PANVK_DEBUG_TILERHEAP] 32 byte Tiler Heap desc: 29 03 00 00 00 00 00 08 00 00 80 33 78 00 00 00 00 00 80 33 78 00 00 00 00 00 80 3b 78 00 00 00
[PANVK_DEBUG_FLAGS1] sample_mask=0xffff render_target_mask=0x1 bound_attachments=0x101
[PANVK_DEBUG_DS] 32 byte Depth/stencil desc: 07 00 00 00 00 00 00 00 00 00 00 00 00 00 00 00 00 00 c0 e4 00 00 00 00 00 00 00 00 00 00 00 00
[PANVK_DEBUG_BLENDRAW] 16 byte Blend desc(s): 00 0a 00 00 22 21 12 f0 19 00 00 00 00 d0 0e 00
[PANVK_DEBUG_MVJ] sesudah pan_jc_add_job gpu=0x7acedfd600 header: type=11 (MALLOC_VERTEX == BENAR) index=1 dep1=0 dep2=0
[PANVK_DEBUG_MVJ] dump 384 byte job descriptor:
[PANVK_DEBUG_MVJ] +000: 00 00 00 00 00 00 00 00 00 00 00 00 00 00 00 00
[PANVK_DEBUG_MVJ] +016: 16 00 01 00 00 00 00 00 00 00 00 00 00 00 00 00
[PANVK_DEBUG_MVJ] +032: 08 80 07 00 00 00 00 00 00 00 00 00 24 00 00 00
[PANVK_DEBUG_MVJ] +048: 01 00 00 00 1c 00 0c 00 00 d5 df ce 7a 00 00 00
[PANVK_DEBUG_MVJ] +064: 00 00 00 00 00 00 00 00 00 00 00 00 00 00 00 00
[PANVK_DEBUG_MVJ] +080: 00 00 00 00 00 00 00 00 00 00 00 00 00 00 00 00
[PANVK_DEBUG_MVJ] +096: 00 00 00 00 00 00 00 00 00 00 00 00 ff 01 ff 01
[PANVK_DEBUG_MVJ] +112: 00 00 80 3f 00 00 00 00 00 00 00 00 00 00 00 00
[PANVK_DEBUG_MVJ] +128: 00 00 81 00 ff ff 01 00 01 00 00 00 00 00 00 00
[PANVK_DEBUG_MVJ] +144: 00 00 00 00 00 00 00 00 00 00 00 00 00 00 80 3f
[PANVK_DEBUG_MVJ] +160: 00 00 00 00 00 00 00 00 80 d7 df ce 7a 00 00 00
[PANVK_DEBUG_MVJ] +176: 41 d4 df ce 7a 00 00 00 00 00 00 00 00 00 00 00
[PANVK_DEBUG_MVJ] +192: 00 00 00 00 03 00 00 00 00 00 00 00 00 00 00 00
[PANVK_DEBUG_MVJ] +208: 00 00 00 00 00 00 00 00 00 00 00 00 00 00 00 00
[PANVK_DEBUG_MVJ] +224: 04 d4 df ce 7a 00 00 00 40 c1 ed ce 7a 00 00 00
[PANVK_DEBUG_MVJ] +240: 00 d1 df ce 7a 00 00 00 b0 d4 df ce 7a 00 00 00
[PANVK_DEBUG_MVJ] +256: 00 00 00 00 0c 00 00 00 00 00 00 00 00 00 00 00
[PANVK_DEBUG_MVJ] +272: 00 00 00 00 00 00 00 00 00 00 00 00 00 00 00 00
[PANVK_DEBUG_MVJ] +288: 84 d3 df ce 7a 00 00 00 c0 c0 ed ce 7a 00 00 00
[PANVK_DEBUG_MVJ] +304: 00 d1 df ce 7a 00 00 00 50 d4 df ce 7a 00 00 00
[PANVK_DEBUG_MVJ] +320: 00 00 00 00 0c 00 00 00 00 00 00 00 00 00 00 00
[PANVK_DEBUG_MVJ] +336: 00 00 00 00 00 00 00 00 00 00 00 00 00 00 00 00
[PANVK_DEBUG_MVJ] +352: 84 d3 df ce 7a 00 00 00 00 c1 ed ce 7a 00 00 00
[PANVK_DEBUG_MVJ] +368: 00 d1 df ce 7a 00 00 00 50 d4 df ce 7a 00 00 00
[PANVK_DEBUG_MVJ] jc state: first_job=0x7acedfd600 job_index=1 tiler_dep=1
[PANVK_DEBUG_RTFMT] rt=0 fmt=84 rt_count=1
[PANVK_DEBUG_FBD] gpu=0x7acedfd000 size=256\n[PANVK_DEBUG_FBD] +000: 00 00 00 00 00 00 00 00 00 00 00 00 00 00 00 00\n[PANVK_DEBUG_FBD] +016: 00 f0 41 d0 7a 00 00 00 00 00 00 00 00 00 00 00\n[PANVK_DEBUG_FBD] +032: ff 01 ff 01 00 00 00 00 ff 01 ff 01 80 50 00 01\n[PANVK_DEBUG_FBD] +048: 00 00 22 00 00 00 80 3f 00 d5 df ce 7a 00 00 00\n[PANVK_DEBUG_FBD] +064: 00 00 00 00 00 00 00 00 00 00 00 00 00 00 00 00\n[PANVK_DEBUG_FBD] +080: 00 00 00 00 00 00 00 00 00 00 00 00 00 00 00 00\n[PANVK_DEBUG_FBD] +096: 00 00 00 00 00 00 00 00 00 00 00 00 00 00 00 00\n[PANVK_DEBUG_FBD] +112: 00 00 00 00 00 00 00 00 00 00 00 00 00 00 00 00\n[PANVK_DEBUG_FBD] +128: 00 00 00 00 00 00 00 00 00 00 00 00 00 00 00 00\n[PANVK_DEBUG_FBD] +144: 00 00 00 00 00 00 00 00 00 00 00 00 00 00 00 00\n[PANVK_DEBUG_FBD] +160: 00 00 00 00 00 00 00 00 00 00 00 00 00 00 00 00\n[PANVK_DEBUG_FBD] +176: 00 00 00 00 00 00 00 00 00 00 00 00 00 00 00 00\n[PANVK_DEBUG_FBD] +192: 00 00 00 04 99 8d 88 86 01 28 00 00 00 00 00 00\n[PANVK_DEBUG_FBD] +208: 00 00 00 00 00 00 00 00 00 00 00 00 00 00 00 00\n[PANVK_DEBUG_FBD] +224: 00 c0 cf 2a 78 00 00 00 00 10 00 00 00 40 00 00\n[PANVK_DEBUG_FBD] +240: 20 20 28 ff 20 20 28 ff 20 20 28 ff 20 20 28 ff\n[PANVK_DEBUG_FBD] tagged_ptr=0x7acedfd003 stride=256
[PANVK_DEBUG_FRAGJOB] gpu=0x7acedfd800 size=64\n[PANVK_DEBUG_FRAGJOB] +000: 00 00 00 00 00 00 00 00 00 00 00 00 00 00 00 00\n[PANVK_DEBUG_FRAGJOB] +016: 12 00 01 00 00 00 00 00 00 00 00 00 00 00 00 00\n[PANVK_DEBUG_FRAGJOB] +032: 00 00 00 00 1f 00 1f 00 03 d0 df ce 7a 00 00 00\n[PANVK_DEBUG_FRAGJOB] +048: 00 00 00 00 00 00 00 00 00 00 00 00 00 00 00 00\n[PANVK_DEBUG_SUBMIT] vtc_jc ret=0
[PANVK_DEBUG_JOBSTATUS] vtc_jc job[0] type=11 index=1 dep1=0 dep2=0 next=0x0 exception_status=0x01 (DONE) first_incomplete_task=0 fault_pointer=0x0
[PANVK_DEBUG_JOBSTATUS] vtc_jc job[1] type=9 index=1 dep1=0 dep2=0 next=0x0 exception_status=0x00 (NOT_STARTED) first_incomplete_task=0 fault_pointer=0x0
[PANVK_DEBUG_HEAP] SESUDAH vtc_jc (vertex+tiler) bo->flags=0x2 dev=0x7833800000 size=134217728 host=0x7833800000 mincore=absent -- UNREADABLE (I/O error) => halaman belum ter-commit, tiler tidak menulis apa pun
[PANVK_DEBUG_SUBMIT] frag_jc ret=0
[PANVK_DEBUG_JOBSTATUS] frag_jc job[0] type=11 index=1 dep1=0 dep2=0 next=0x0 exception_status=0x01 (DONE) first_incomplete_task=0 fault_pointer=0x0
[PANVK_DEBUG_JOBSTATUS] frag_jc job[1] type=9 index=1 dep1=0 dep2=0 next=0x0 exception_status=0x01 (DONE) first_incomplete_task=0 fault_pointer=0x0
[PANVK_DEBUG_HEAP] SESUDAH frag_jc (fragment) bo->flags=0x2 dev=0x7833800000 size=134217728 host=0x7833800000 mincore=absent -- UNREADABLE (I/O error) => halaman belum ter-commit, tiler tidak menulis apa pun
[PANVK_DEBUG_SUBMIT] vtc_jc ret=0
[PANVK_DEBUG_JOBSTATUS] vtc_jc job[0] type=4 index=1 dep1=0 dep2=0 next=0x0 exception_status=0x01 (DONE) first_incomplete_task=0 fault_pointer=0x0
[PANVK_DEBUG_JOBSTATUS] vtc_jc job[1] type=4 index=1 dep1=0 dep2=0 next=0x0 exception_status=0x01 (DONE) first_incomplete_task=0 fault_pointer=0x0
[PANVK_DEBUG_HEAP] SESUDAH vtc_jc (vertex+tiler) bo->flags=0x2 dev=0x7833800000 size=134217728 host=0x7833800000 mincore=absent -- UNREADABLE (I/O error) => halaman belum ter-commit, tiler tidak menulis apa pun
CUBEFP frame=020 deg= 200.0 bad=18465 exact_diff=19147 edge=1804 edge_diff=937 faces[R C G M B Y]=0 0 1001 5660 17464 26947 first=(196,116) got=0,255,0 model=255,0,0
[PANVK_DEBUG_BLEND] rt=0 color_write_enables=0xff fmt=37 write_mask=0xf
[PANVK_DEBUG_BLENDFIX] blend_ptr.gpu=0x7aceec8440 bd_count=1 state.blend_descs[0]=0xed00000000019
[PANVK_DEBUG_VP] VkViewport: w=512.000000 h=512.000000 x=0.000000 y=0.000000
[PANVK_DEBUG_VP] computed scale: x=256.000000 y=256.000000
[PANVK_DEBUG_VP] computed offset: x=256.000000 y=256.000000
[PANVK_DEBUG_VSFAU] gpu=0x7aceec8450 count=12 bytes=96: 00 00 80 43 00 00 80 43 00 00 80 3f 00 00 80 43 00 00 80 43 00 00 00 00 00 00 c0 bf e5 7e f1 be 21 8e ee be 1d b3 d6 be 00 00 00 00 74 ef b9 bf 67 eb 1a 3f 77 6d 0b 3f d7 b3 5d bf 32 24 51 3f 48 98 4e 3f 74 ef 39 3f 00 00 00 00 00 00 00 00 e4 38 8e 40 00 00 a0 40 00 00 00 c7 00 00 00 47
[PANVK_DEBUG_FSFAU] gpu=0x7aceec84b0 count=3 bytes=24: 00 00 00 00 00 00 00 00 00 00 00 00 00 00 00 00 19 00 00 00 00 d0 0e 00
[PANVK_DEBUG_TILERCTX] 192 byte Tiler Context desc: 00 00 00 00 00 00 00 00 ff 00 04 00 ff 01 ff 01 00 00 00 00 00 00 00 00 e0 84 ec ce 7a 00 00 00 00 00 00 00 00 00 00 00 00 00 00 00 00 00 00 00 00 00 00 00 00 00 00 00 00 00 00 00 00 00 00 00 00 00 00 00 00 00 00 00 00 00 00 00 00 00 00 00 00 00 00 00 00 00 00 00 00 00 00 00 00 00 00 00 00 00 00 00 00 00 00 00 00 00 00 00 00 00 00 00 00 00 00 00 00 00 00 00 00 00 00 00 00 00 00 00 00 00 00 00 00 00 00 00 00 00 00 00 00 00 00 00 00 00 00 00 00 00 00 00 00 00 00 00 00 00 00 00 00 00 00 00 00 00 00 00 00 00 00 00 00 00 00 00 00 00 00 00 00 00 00 00 00 00 00 00 00 00 00 00
[PANVK_DEBUG_TILERHEAP] 32 byte Tiler Heap desc: 29 03 00 00 00 00 00 08 00 00 80 33 78 00 00 00 00 00 80 33 78 00 00 00 00 00 80 3b 78 00 00 00
[PANVK_DEBUG_FLAGS1] sample_mask=0xffff render_target_mask=0x1 bound_attachments=0x101
[PANVK_DEBUG_DS] 32 byte Depth/stencil desc: 07 00 00 00 00 00 00 00 00 00 00 00 00 00 00 00 00 00 c0 e4 00 00 00 00 00 00 00 00 00 00 00 00
[PANVK_DEBUG_BLENDRAW] 16 byte Blend desc(s): 00 0a 00 00 22 21 12 f0 19 00 00 00 00 d0 0e 00
[PANVK_DEBUG_MVJ] sesudah pan_jc_add_job gpu=0x7aceec8600 header: type=11 (MALLOC_VERTEX == BENAR) index=1 dep1=0 dep2=0
[PANVK_DEBUG_MVJ] dump 384 byte job descriptor:
[PANVK_DEBUG_MVJ] +000: 00 00 00 00 00 00 00 00 00 00 00 00 00 00 00 00
[PANVK_DEBUG_MVJ] +016: 16 00 01 00 00 00 00 00 00 00 00 00 00 00 00 00
[PANVK_DEBUG_MVJ] +032: 08 80 07 00 00 00 00 00 00 00 00 00 24 00 00 00
[PANVK_DEBUG_MVJ] +048: 01 00 00 00 1c 00 0c 00 00 85 ec ce 7a 00 00 00
[PANVK_DEBUG_MVJ] +064: 00 00 00 00 00 00 00 00 00 00 00 00 00 00 00 00
[PANVK_DEBUG_MVJ] +080: 00 00 00 00 00 00 00 00 00 00 00 00 00 00 00 00
[PANVK_DEBUG_MVJ] +096: 00 00 00 00 00 00 00 00 00 00 00 00 ff 01 ff 01
[PANVK_DEBUG_MVJ] +112: 00 00 80 3f 00 00 00 00 00 00 00 00 00 00 00 00
[PANVK_DEBUG_MVJ] +128: 00 00 81 00 ff ff 01 00 01 00 00 00 00 00 00 00
[PANVK_DEBUG_MVJ] +144: 00 00 00 00 00 00 00 00 00 00 00 00 00 00 80 3f
[PANVK_DEBUG_MVJ] +160: 00 00 00 00 00 00 00 00 80 87 ec ce 7a 00 00 00
[PANVK_DEBUG_MVJ] +176: 41 84 ec ce 7a 00 00 00 00 00 00 00 00 00 00 00
[PANVK_DEBUG_MVJ] +192: 00 00 00 00 03 00 00 00 00 00 00 00 00 00 00 00
[PANVK_DEBUG_MVJ] +208: 00 00 00 00 00 00 00 00 00 00 00 00 00 00 00 00
[PANVK_DEBUG_MVJ] +224: 04 84 ec ce 7a 00 00 00 40 c1 ed ce 7a 00 00 00
[PANVK_DEBUG_MVJ] +240: 00 81 ec ce 7a 00 00 00 b0 84 ec ce 7a 00 00 00
[PANVK_DEBUG_MVJ] +256: 00 00 00 00 0c 00 00 00 00 00 00 00 00 00 00 00
[PANVK_DEBUG_MVJ] +272: 00 00 00 00 00 00 00 00 00 00 00 00 00 00 00 00
[PANVK_DEBUG_MVJ] +288: 84 83 ec ce 7a 00 00 00 c0 c0 ed ce 7a 00 00 00
[PANVK_DEBUG_MVJ] +304: 00 81 ec ce 7a 00 00 00 50 84 ec ce 7a 00 00 00
[PANVK_DEBUG_MVJ] +320: 00 00 00 00 0c 00 00 00 00 00 00 00 00 00 00 00
[PANVK_DEBUG_MVJ] +336: 00 00 00 00 00 00 00 00 00 00 00 00 00 00 00 00
[PANVK_DEBUG_MVJ] +352: 84 83 ec ce 7a 00 00 00 00 c1 ed ce 7a 00 00 00
[PANVK_DEBUG_MVJ] +368: 00 81 ec ce 7a 00 00 00 50 84 ec ce 7a 00 00 00
[PANVK_DEBUG_MVJ] jc state: first_job=0x7aceec8600 job_index=1 tiler_dep=1
[PANVK_DEBUG_RTFMT] rt=0 fmt=84 rt_count=1
[PANVK_DEBUG_FBD] gpu=0x7aceec8000 size=256\n[PANVK_DEBUG_FBD] +000: 00 00 00 00 00 00 00 00 00 00 00 00 00 00 00 00\n[PANVK_DEBUG_FBD] +016: 00 f0 41 d0 7a 00 00 00 00 00 00 00 00 00 00 00\n[PANVK_DEBUG_FBD] +032: ff 01 ff 01 00 00 00 00 ff 01 ff 01 80 50 00 01\n[PANVK_DEBUG_FBD] +048: 00 00 22 00 00 00 80 3f 00 85 ec ce 7a 00 00 00\n[PANVK_DEBUG_FBD] +064: 00 00 00 00 00 00 00 00 00 00 00 00 00 00 00 00\n[PANVK_DEBUG_FBD] +080: 00 00 00 00 00 00 00 00 00 00 00 00 00 00 00 00\n[PANVK_DEBUG_FBD] +096: 00 00 00 00 00 00 00 00 00 00 00 00 00 00 00 00\n[PANVK_DEBUG_FBD] +112: 00 00 00 00 00 00 00 00 00 00 00 00 00 00 00 00\n[PANVK_DEBUG_FBD] +128: 00 00 00 00 00 00 00 00 00 00 00 00 00 00 00 00\n[PANVK_DEBUG_FBD] +144: 00 00 00 00 00 00 00 00 00 00 00 00 00 00 00 00\n[PANVK_DEBUG_FBD] +160: 00 00 00 00 00 00 00 00 00 00 00 00 00 00 00 00\n[PANVK_DEBUG_FBD] +176: 00 00 00 00 00 00 00 00 00 00 00 00 00 00 00 00\n[PANVK_DEBUG_FBD] +192: 00 00 00 04 99 8d 88 86 01 28 00 00 00 00 00 00\n[PANVK_DEBUG_FBD] +208: 00 00 00 00 00 00 00 00 00 00 00 00 00 00 00 00\n[PANVK_DEBUG_FBD] +224: 00 c0 cf 2a 78 00 00 00 00 10 00 00 00 40 00 00\n[PANVK_DEBUG_FBD] +240: 20 20 28 ff 20 20 28 ff 20 20 28 ff 20 20 28 ff\n[PANVK_DEBUG_FBD] tagged_ptr=0x7aceec8003 stride=256
[PANVK_DEBUG_FRAGJOB] gpu=0x7aceec8800 size=64\n[PANVK_DEBUG_FRAGJOB] +000: 00 00 00 00 00 00 00 00 00 00 00 00 00 00 00 00\n[PANVK_DEBUG_FRAGJOB] +016: 12 00 01 00 00 00 00 00 00 00 00 00 00 00 00 00\n[PANVK_DEBUG_FRAGJOB] +032: 00 00 00 00 1f 00 1f 00 03 80 ec ce 7a 00 00 00\n[PANVK_DEBUG_FRAGJOB] +048: 00 00 00 00 00 00 00 00 00 00 00 00 00 00 00 00\n[PANVK_DEBUG_SUBMIT] vtc_jc ret=0
[PANVK_DEBUG_JOBSTATUS] vtc_jc job[0] type=11 index=1 dep1=0 dep2=0 next=0x0 exception_status=0x01 (DONE) first_incomplete_task=0 fault_pointer=0x0
[PANVK_DEBUG_JOBSTATUS] vtc_jc job[1] type=9 index=1 dep1=0 dep2=0 next=0x0 exception_status=0x00 (NOT_STARTED) first_incomplete_task=0 fault_pointer=0x0
[PANVK_DEBUG_HEAP] SESUDAH vtc_jc (vertex+tiler) bo->flags=0x2 dev=0x7833800000 size=134217728 host=0x7833800000 mincore=absent -- UNREADABLE (I/O error) => halaman belum ter-commit, tiler tidak menulis apa pun
[PANVK_DEBUG_SUBMIT] frag_jc ret=0
[PANVK_DEBUG_JOBSTATUS] frag_jc job[0] type=11 index=1 dep1=0 dep2=0 next=0x0 exception_status=0x01 (DONE) first_incomplete_task=0 fault_pointer=0x0
[PANVK_DEBUG_JOBSTATUS] frag_jc job[1] type=9 index=1 dep1=0 dep2=0 next=0x0 exception_status=0x01 (DONE) first_incomplete_task=0 fault_pointer=0x0
[PANVK_DEBUG_HEAP] SESUDAH frag_jc (fragment) bo->flags=0x2 dev=0x7833800000 size=134217728 host=0x7833800000 mincore=absent -- UNREADABLE (I/O error) => halaman belum ter-commit, tiler tidak menulis apa pun
[PANVK_DEBUG_SUBMIT] vtc_jc ret=0
[PANVK_DEBUG_JOBSTATUS] vtc_jc job[0] type=4 index=1 dep1=0 dep2=0 next=0x0 exception_status=0x01 (DONE) first_incomplete_task=0 fault_pointer=0x0
[PANVK_DEBUG_JOBSTATUS] vtc_jc job[1] type=4 index=1 dep1=0 dep2=0 next=0x0 exception_status=0x01 (DONE) first_incomplete_task=0 fault_pointer=0x0
[PANVK_DEBUG_HEAP] SESUDAH vtc_jc (vertex+tiler) bo->flags=0x2 dev=0x7833800000 size=134217728 host=0x7833800000 mincore=absent -- UNREADABLE (I/O error) => halaman belum ter-commit, tiler tidak menulis apa pun
CUBEFP frame=021 deg= 210.0 bad=20130 exact_diff=20790 edge=1767 edge_diff=894 faces[R C G M B Y]=0 0 3697 5309 16433 27419 first=(217,100) got=0,255,0 model=255,0,0
[PANVK_DEBUG_BLEND] rt=0 color_write_enables=0xff fmt=37 write_mask=0xf
[PANVK_DEBUG_BLENDFIX] blend_ptr.gpu=0x7acedfd440 bd_count=1 state.blend_descs[0]=0xed00000000019
[PANVK_DEBUG_VP] VkViewport: w=512.000000 h=512.000000 x=0.000000 y=0.000000
[PANVK_DEBUG_VP] computed scale: x=256.000000 y=256.000000
[PANVK_DEBUG_VP] computed offset: x=256.000000 y=256.000000
[PANVK_DEBUG_VSFAU] gpu=0x7acedfd450 count=12 bytes=96: 00 00 80 43 00 00 80 43 00 00 80 3f 00 00 80 43 00 00 80 43 00 00 00 00 7f d5 a9 bf 8a e2 f9 be 48 55 24 bf 5b e6 13 bf 00 00 00 00 d0 43 c7 bf 6d 62 f9 3e 2f 72 e0 3e f4 81 8e bf 8f e6 14 3f 38 d8 43 3f 99 42 30 3f 00 00 00 00 00 00 00 00 e4 38 8e 40 00 00 a0 40 00 00 00 c7 00 00 00 47
[PANVK_DEBUG_FSFAU] gpu=0x7acedfd4b0 count=3 bytes=24: 00 00 00 00 00 00 00 00 00 00 00 00 00 00 00 00 19 00 00 00 00 d0 0e 00
[PANVK_DEBUG_TILERCTX] 192 byte Tiler Context desc: 00 00 00 00 00 00 00 00 ff 00 04 00 ff 01 ff 01 00 00 00 00 00 00 00 00 e0 d4 df ce 7a 00 00 00 00 00 00 00 00 00 00 00 00 00 00 00 00 00 00 00 00 00 00 00 00 00 00 00 00 00 00 00 00 00 00 00 00 00 00 00 00 00 00 00 00 00 00 00 00 00 00 00 00 00 00 00 00 00 00 00 00 00 00 00 00 00 00 00 00 00 00 00 00 00 00 00 00 00 00 00 00 00 00 00 00 00 00 00 00 00 00 00 00 00 00 00 00 00 00 00 00 00 00 00 00 00 00 00 00 00 00 00 00 00 00 00 00 00 00 00 00 00 00 00 00 00 00 00 00 00 00 00 00 00 00 00 00 00 00 00 00 00 00 00 00 00 00 00 00 00 00 00 00 00 00 00 00 00 00 00 00 00 00 00
[PANVK_DEBUG_TILERHEAP] 32 byte Tiler Heap desc: 29 03 00 00 00 00 00 08 00 00 80 33 78 00 00 00 00 00 80 33 78 00 00 00 00 00 80 3b 78 00 00 00
[PANVK_DEBUG_FLAGS1] sample_mask=0xffff render_target_mask=0x1 bound_attachments=0x101
[PANVK_DEBUG_DS] 32 byte Depth/stencil desc: 07 00 00 00 00 00 00 00 00 00 00 00 00 00 00 00 00 00 c0 e4 00 00 00 00 00 00 00 00 00 00 00 00
[PANVK_DEBUG_BLENDRAW] 16 byte Blend desc(s): 00 0a 00 00 22 21 12 f0 19 00 00 00 00 d0 0e 00
[PANVK_DEBUG_MVJ] sesudah pan_jc_add_job gpu=0x7acedfd600 header: type=11 (MALLOC_VERTEX == BENAR) index=1 dep1=0 dep2=0
[PANVK_DEBUG_MVJ] dump 384 byte job descriptor:
[PANVK_DEBUG_MVJ] +000: 00 00 00 00 00 00 00 00 00 00 00 00 00 00 00 00
[PANVK_DEBUG_MVJ] +016: 16 00 01 00 00 00 00 00 00 00 00 00 00 00 00 00
[PANVK_DEBUG_MVJ] +032: 08 80 07 00 00 00 00 00 00 00 00 00 24 00 00 00
[PANVK_DEBUG_MVJ] +048: 01 00 00 00 1c 00 0c 00 00 d5 df ce 7a 00 00 00
[PANVK_DEBUG_MVJ] +064: 00 00 00 00 00 00 00 00 00 00 00 00 00 00 00 00
[PANVK_DEBUG_MVJ] +080: 00 00 00 00 00 00 00 00 00 00 00 00 00 00 00 00
[PANVK_DEBUG_MVJ] +096: 00 00 00 00 00 00 00 00 00 00 00 00 ff 01 ff 01
[PANVK_DEBUG_MVJ] +112: 00 00 80 3f 00 00 00 00 00 00 00 00 00 00 00 00
[PANVK_DEBUG_MVJ] +128: 00 00 81 00 ff ff 01 00 01 00 00 00 00 00 00 00
[PANVK_DEBUG_MVJ] +144: 00 00 00 00 00 00 00 00 00 00 00 00 00 00 80 3f
[PANVK_DEBUG_MVJ] +160: 00 00 00 00 00 00 00 00 80 d7 df ce 7a 00 00 00
[PANVK_DEBUG_MVJ] +176: 41 d4 df ce 7a 00 00 00 00 00 00 00 00 00 00 00
[PANVK_DEBUG_MVJ] +192: 00 00 00 00 03 00 00 00 00 00 00 00 00 00 00 00
[PANVK_DEBUG_MVJ] +208: 00 00 00 00 00 00 00 00 00 00 00 00 00 00 00 00
[PANVK_DEBUG_MVJ] +224: 04 d4 df ce 7a 00 00 00 40 c1 ed ce 7a 00 00 00
[PANVK_DEBUG_MVJ] +240: 00 d1 df ce 7a 00 00 00 b0 d4 df ce 7a 00 00 00
[PANVK_DEBUG_MVJ] +256: 00 00 00 00 0c 00 00 00 00 00 00 00 00 00 00 00
[PANVK_DEBUG_MVJ] +272: 00 00 00 00 00 00 00 00 00 00 00 00 00 00 00 00
[PANVK_DEBUG_MVJ] +288: 84 d3 df ce 7a 00 00 00 c0 c0 ed ce 7a 00 00 00
[PANVK_DEBUG_MVJ] +304: 00 d1 df ce 7a 00 00 00 50 d4 df ce 7a 00 00 00
[PANVK_DEBUG_MVJ] +320: 00 00 00 00 0c 00 00 00 00 00 00 00 00 00 00 00
[PANVK_DEBUG_MVJ] +336: 00 00 00 00 00 00 00 00 00 00 00 00 00 00 00 00
[PANVK_DEBUG_MVJ] +352: 84 d3 df ce 7a 00 00 00 00 c1 ed ce 7a 00 00 00
[PANVK_DEBUG_MVJ] +368: 00 d1 df ce 7a 00 00 00 50 d4 df ce 7a 00 00 00
[PANVK_DEBUG_MVJ] jc state: first_job=0x7acedfd600 job_index=1 tiler_dep=1
[PANVK_DEBUG_RTFMT] rt=0 fmt=84 rt_count=1
[PANVK_DEBUG_FBD] gpu=0x7acedfd000 size=256\n[PANVK_DEBUG_FBD] +000: 00 00 00 00 00 00 00 00 00 00 00 00 00 00 00 00\n[PANVK_DEBUG_FBD] +016: 00 f0 41 d0 7a 00 00 00 00 00 00 00 00 00 00 00\n[PANVK_DEBUG_FBD] +032: ff 01 ff 01 00 00 00 00 ff 01 ff 01 80 50 00 01\n[PANVK_DEBUG_FBD] +048: 00 00 22 00 00 00 80 3f 00 d5 df ce 7a 00 00 00\n[PANVK_DEBUG_FBD] +064: 00 00 00 00 00 00 00 00 00 00 00 00 00 00 00 00\n[PANVK_DEBUG_FBD] +080: 00 00 00 00 00 00 00 00 00 00 00 00 00 00 00 00\n[PANVK_DEBUG_FBD] +096: 00 00 00 00 00 00 00 00 00 00 00 00 00 00 00 00\n[PANVK_DEBUG_FBD] +112: 00 00 00 00 00 00 00 00 00 00 00 00 00 00 00 00\n[PANVK_DEBUG_FBD] +128: 00 00 00 00 00 00 00 00 00 00 00 00 00 00 00 00\n[PANVK_DEBUG_FBD] +144: 00 00 00 00 00 00 00 00 00 00 00 00 00 00 00 00\n[PANVK_DEBUG_FBD] +160: 00 00 00 00 00 00 00 00 00 00 00 00 00 00 00 00\n[PANVK_DEBUG_FBD] +176: 00 00 00 00 00 00 00 00 00 00 00 00 00 00 00 00\n[PANVK_DEBUG_FBD] +192: 00 00 00 04 99 8d 88 86 01 28 00 00 00 00 00 00\n[PANVK_DEBUG_FBD] +208: 00 00 00 00 00 00 00 00 00 00 00 00 00 00 00 00\n[PANVK_DEBUG_FBD] +224: 00 c0 cf 2a 78 00 00 00 00 10 00 00 00 40 00 00\n[PANVK_DEBUG_FBD] +240: 20 20 28 ff 20 20 28 ff 20 20 28 ff 20 20 28 ff\n[PANVK_DEBUG_FBD] tagged_ptr=0x7acedfd003 stride=256
[PANVK_DEBUG_FRAGJOB] gpu=0x7acedfd800 size=64\n[PANVK_DEBUG_FRAGJOB] +000: 00 00 00 00 00 00 00 00 00 00 00 00 00 00 00 00\n[PANVK_DEBUG_FRAGJOB] +016: 12 00 01 00 00 00 00 00 00 00 00 00 00 00 00 00\n[PANVK_DEBUG_FRAGJOB] +032: 00 00 00 00 1f 00 1f 00 03 d0 df ce 7a 00 00 00\n[PANVK_DEBUG_FRAGJOB] +048: 00 00 00 00 00 00 00 00 00 00 00 00 00 00 00 00\n[PANVK_DEBUG_SUBMIT] vtc_jc ret=0
[PANVK_DEBUG_JOBSTATUS] vtc_jc job[0] type=11 index=1 dep1=0 dep2=0 next=0x0 exception_status=0x01 (DONE) first_incomplete_task=0 fault_pointer=0x0
[PANVK_DEBUG_JOBSTATUS] vtc_jc job[1] type=9 index=1 dep1=0 dep2=0 next=0x0 exception_status=0x00 (NOT_STARTED) first_incomplete_task=0 fault_pointer=0x0
[PANVK_DEBUG_HEAP] SESUDAH vtc_jc (vertex+tiler) bo->flags=0x2 dev=0x7833800000 size=134217728 host=0x7833800000 mincore=absent -- UNREADABLE (I/O error) => halaman belum ter-commit, tiler tidak menulis apa pun
[PANVK_DEBUG_SUBMIT] frag_jc ret=0
[PANVK_DEBUG_JOBSTATUS] frag_jc job[0] type=11 index=1 dep1=0 dep2=0 next=0x0 exception_status=0x01 (DONE) first_incomplete_task=0 fault_pointer=0x0
[PANVK_DEBUG_JOBSTATUS] frag_jc job[1] type=9 index=1 dep1=0 dep2=0 next=0x0 exception_status=0x01 (DONE) first_incomplete_task=0 fault_pointer=0x0
[PANVK_DEBUG_HEAP] SESUDAH frag_jc (fragment) bo->flags=0x2 dev=0x7833800000 size=134217728 host=0x7833800000 mincore=absent -- UNREADABLE (I/O error) => halaman belum ter-commit, tiler tidak menulis apa pun
[PANVK_DEBUG_SUBMIT] vtc_jc ret=0
[PANVK_DEBUG_JOBSTATUS] vtc_jc job[0] type=4 index=1 dep1=0 dep2=0 next=0x0 exception_status=0x01 (DONE) first_incomplete_task=0 fault_pointer=0x0
[PANVK_DEBUG_JOBSTATUS] vtc_jc job[1] type=4 index=1 dep1=0 dep2=0 next=0x0 exception_status=0x01 (DONE) first_incomplete_task=0 fault_pointer=0x0
[PANVK_DEBUG_HEAP] SESUDAH vtc_jc (vertex+tiler) bo->flags=0x2 dev=0x7833800000 size=134217728 host=0x7833800000 mincore=absent -- UNREADABLE (I/O error) => halaman belum ter-commit, tiler tidak menulis apa pun
CUBEFP frame=022 deg= 220.0 bad=23834 exact_diff=24537 edge=1809 edge_diff=878 faces[R C G M B Y]=0 0 6367 4465 17467 24885 first=(241,97) got=0,255,0 model=255,0,0
[PANVK_DEBUG_BLEND] rt=0 color_write_enables=0xff fmt=37 write_mask=0xf
[PANVK_DEBUG_BLENDFIX] blend_ptr.gpu=0x7aceec8440 bd_count=1 state.blend_descs[0]=0xed00000000019
[PANVK_DEBUG_VP] VkViewport: w=512.000000 h=512.000000 x=0.000000 y=0.000000
[PANVK_DEBUG_VP] computed scale: x=256.000000 y=256.000000
[PANVK_DEBUG_VP] computed offset: x=256.000000 y=256.000000
[PANVK_DEBUG_VSFAU] gpu=0x7aceec8450 count=12 bytes=96: 00 00 80 43 00 00 80 43 00 00 80 3f 00 00 80 43 00 00 80 43 00 00 00 00 f4 81 8e bf 8e 2b dd be 97 06 4e bf 55 6c 39 bf 00 00 00 00 b4 9f d1 bf 4d 36 b9 3e df b0 a6 3e 7f d5 a9 bf 72 95 b9 3e 4a e0 2c 3f a9 96 1b 3f 00 00 00 00 00 00 00 00 e4 38 8e 40 00 00 a0 40 00 00 00 c7 00 00 00 47
[PANVK_DEBUG_FSFAU] gpu=0x7aceec84b0 count=3 bytes=24: 00 00 00 00 00 00 00 00 00 00 00 00 00 00 00 00 19 00 00 00 00 d0 0e 00
[PANVK_DEBUG_TILERCTX] 192 byte Tiler Context desc: 00 00 00 00 00 00 00 00 ff 00 04 00 ff 01 ff 01 00 00 00 00 00 00 00 00 e0 84 ec ce 7a 00 00 00 00 00 00 00 00 00 00 00 00 00 00 00 00 00 00 00 00 00 00 00 00 00 00 00 00 00 00 00 00 00 00 00 00 00 00 00 00 00 00 00 00 00 00 00 00 00 00 00 00 00 00 00 00 00 00 00 00 00 00 00 00 00 00 00 00 00 00 00 00 00 00 00 00 00 00 00 00 00 00 00 00 00 00 00 00 00 00 00 00 00 00 00 00 00 00 00 00 00 00 00 00 00 00 00 00 00 00 00 00 00 00 00 00 00 00 00 00 00 00 00 00 00 00 00 00 00 00 00 00 00 00 00 00 00 00 00 00 00 00 00 00 00 00 00 00 00 00 00 00 00 00 00 00 00 00 00 00 00 00 00
[PANVK_DEBUG_TILERHEAP] 32 byte Tiler Heap desc: 29 03 00 00 00 00 00 08 00 00 80 33 78 00 00 00 00 00 80 33 78 00 00 00 00 00 80 3b 78 00 00 00
[PANVK_DEBUG_FLAGS1] sample_mask=0xffff render_target_mask=0x1 bound_attachments=0x101
[PANVK_DEBUG_DS] 32 byte Depth/stencil desc: 07 00 00 00 00 00 00 00 00 00 00 00 00 00 00 00 00 00 c0 e4 00 00 00 00 00 00 00 00 00 00 00 00
[PANVK_DEBUG_BLENDRAW] 16 byte Blend desc(s): 00 0a 00 00 22 21 12 f0 19 00 00 00 00 d0 0e 00
[PANVK_DEBUG_MVJ] sesudah pan_jc_add_job gpu=0x7aceec8600 header: type=11 (MALLOC_VERTEX == BENAR) index=1 dep1=0 dep2=0
[PANVK_DEBUG_MVJ] dump 384 byte job descriptor:
[PANVK_DEBUG_MVJ] +000: 00 00 00 00 00 00 00 00 00 00 00 00 00 00 00 00
[PANVK_DEBUG_MVJ] +016: 16 00 01 00 00 00 00 00 00 00 00 00 00 00 00 00
[PANVK_DEBUG_MVJ] +032: 08 80 07 00 00 00 00 00 00 00 00 00 24 00 00 00
[PANVK_DEBUG_MVJ] +048: 01 00 00 00 1c 00 0c 00 00 85 ec ce 7a 00 00 00
[PANVK_DEBUG_MVJ] +064: 00 00 00 00 00 00 00 00 00 00 00 00 00 00 00 00
[PANVK_DEBUG_MVJ] +080: 00 00 00 00 00 00 00 00 00 00 00 00 00 00 00 00
[PANVK_DEBUG_MVJ] +096: 00 00 00 00 00 00 00 00 00 00 00 00 ff 01 ff 01
[PANVK_DEBUG_MVJ] +112: 00 00 80 3f 00 00 00 00 00 00 00 00 00 00 00 00
[PANVK_DEBUG_MVJ] +128: 00 00 81 00 ff ff 01 00 01 00 00 00 00 00 00 00
[PANVK_DEBUG_MVJ] +144: 00 00 00 00 00 00 00 00 00 00 00 00 00 00 80 3f
[PANVK_DEBUG_MVJ] +160: 00 00 00 00 00 00 00 00 80 87 ec ce 7a 00 00 00
[PANVK_DEBUG_MVJ] +176: 41 84 ec ce 7a 00 00 00 00 00 00 00 00 00 00 00
[PANVK_DEBUG_MVJ] +192: 00 00 00 00 03 00 00 00 00 00 00 00 00 00 00 00
[PANVK_DEBUG_MVJ] +208: 00 00 00 00 00 00 00 00 00 00 00 00 00 00 00 00
[PANVK_DEBUG_MVJ] +224: 04 84 ec ce 7a 00 00 00 40 c1 ed ce 7a 00 00 00
[PANVK_DEBUG_MVJ] +240: 00 81 ec ce 7a 00 00 00 b0 84 ec ce 7a 00 00 00
[PANVK_DEBUG_MVJ] +256: 00 00 00 00 0c 00 00 00 00 00 00 00 00 00 00 00
[PANVK_DEBUG_MVJ] +272: 00 00 00 00 00 00 00 00 00 00 00 00 00 00 00 00
[PANVK_DEBUG_MVJ] +288: 84 83 ec ce 7a 00 00 00 c0 c0 ed ce 7a 00 00 00
[PANVK_DEBUG_MVJ] +304: 00 81 ec ce 7a 00 00 00 50 84 ec ce 7a 00 00 00
[PANVK_DEBUG_MVJ] +320: 00 00 00 00 0c 00 00 00 00 00 00 00 00 00 00 00
[PANVK_DEBUG_MVJ] +336: 00 00 00 00 00 00 00 00 00 00 00 00 00 00 00 00
[PANVK_DEBUG_MVJ] +352: 84 83 ec ce 7a 00 00 00 00 c1 ed ce 7a 00 00 00
[PANVK_DEBUG_MVJ] +368: 00 81 ec ce 7a 00 00 00 50 84 ec ce 7a 00 00 00
[PANVK_DEBUG_MVJ] jc state: first_job=0x7aceec8600 job_index=1 tiler_dep=1
[PANVK_DEBUG_RTFMT] rt=0 fmt=84 rt_count=1
[PANVK_DEBUG_FBD] gpu=0x7aceec8000 size=256\n[PANVK_DEBUG_FBD] +000: 00 00 00 00 00 00 00 00 00 00 00 00 00 00 00 00\n[PANVK_DEBUG_FBD] +016: 00 f0 41 d0 7a 00 00 00 00 00 00 00 00 00 00 00\n[PANVK_DEBUG_FBD] +032: ff 01 ff 01 00 00 00 00 ff 01 ff 01 80 50 00 01\n[PANVK_DEBUG_FBD] +048: 00 00 22 00 00 00 80 3f 00 85 ec ce 7a 00 00 00\n[PANVK_DEBUG_FBD] +064: 00 00 00 00 00 00 00 00 00 00 00 00 00 00 00 00\n[PANVK_DEBUG_FBD] +080: 00 00 00 00 00 00 00 00 00 00 00 00 00 00 00 00\n[PANVK_DEBUG_FBD] +096: 00 00 00 00 00 00 00 00 00 00 00 00 00 00 00 00\n[PANVK_DEBUG_FBD] +112: 00 00 00 00 00 00 00 00 00 00 00 00 00 00 00 00\n[PANVK_DEBUG_FBD] +128: 00 00 00 00 00 00 00 00 00 00 00 00 00 00 00 00\n[PANVK_DEBUG_FBD] +144: 00 00 00 00 00 00 00 00 00 00 00 00 00 00 00 00\n[PANVK_DEBUG_FBD] +160: 00 00 00 00 00 00 00 00 00 00 00 00 00 00 00 00\n[PANVK_DEBUG_FBD] +176: 00 00 00 00 00 00 00 00 00 00 00 00 00 00 00 00\n[PANVK_DEBUG_FBD] +192: 00 00 00 04 99 8d 88 86 01 28 00 00 00 00 00 00\n[PANVK_DEBUG_FBD] +208: 00 00 00 00 00 00 00 00 00 00 00 00 00 00 00 00\n[PANVK_DEBUG_FBD] +224: 00 c0 cf 2a 78 00 00 00 00 10 00 00 00 40 00 00\n[PANVK_DEBUG_FBD] +240: 20 20 28 ff 20 20 28 ff 20 20 28 ff 20 20 28 ff\n[PANVK_DEBUG_FBD] tagged_ptr=0x7aceec8003 stride=256
[PANVK_DEBUG_FRAGJOB] gpu=0x7aceec8800 size=64\n[PANVK_DEBUG_FRAGJOB] +000: 00 00 00 00 00 00 00 00 00 00 00 00 00 00 00 00\n[PANVK_DEBUG_FRAGJOB] +016: 12 00 01 00 00 00 00 00 00 00 00 00 00 00 00 00\n[PANVK_DEBUG_FRAGJOB] +032: 00 00 00 00 1f 00 1f 00 03 80 ec ce 7a 00 00 00\n[PANVK_DEBUG_FRAGJOB] +048: 00 00 00 00 00 00 00 00 00 00 00 00 00 00 00 00\n[PANVK_DEBUG_SUBMIT] vtc_jc ret=0
[PANVK_DEBUG_JOBSTATUS] vtc_jc job[0] type=11 index=1 dep1=0 dep2=0 next=0x0 exception_status=0x01 (DONE) first_incomplete_task=0 fault_pointer=0x0
[PANVK_DEBUG_JOBSTATUS] vtc_jc job[1] type=9 index=1 dep1=0 dep2=0 next=0x0 exception_status=0x00 (NOT_STARTED) first_incomplete_task=0 fault_pointer=0x0
[PANVK_DEBUG_HEAP] SESUDAH vtc_jc (vertex+tiler) bo->flags=0x2 dev=0x7833800000 size=134217728 host=0x7833800000 mincore=absent -- UNREADABLE (I/O error) => halaman belum ter-commit, tiler tidak menulis apa pun
[PANVK_DEBUG_SUBMIT] frag_jc ret=0
[PANVK_DEBUG_JOBSTATUS] frag_jc job[0] type=11 index=1 dep1=0 dep2=0 next=0x0 exception_status=0x01 (DONE) first_incomplete_task=0 fault_pointer=0x0
[PANVK_DEBUG_JOBSTATUS] frag_jc job[1] type=9 index=1 dep1=0 dep2=0 next=0x0 exception_status=0x01 (DONE) first_incomplete_task=0 fault_pointer=0x0
[PANVK_DEBUG_HEAP] SESUDAH frag_jc (fragment) bo->flags=0x2 dev=0x7833800000 size=134217728 host=0x7833800000 mincore=absent -- UNREADABLE (I/O error) => halaman belum ter-commit, tiler tidak menulis apa pun
[PANVK_DEBUG_SUBMIT] vtc_jc ret=0
[PANVK_DEBUG_JOBSTATUS] vtc_jc job[0] type=4 index=1 dep1=0 dep2=0 next=0x0 exception_status=0x01 (DONE) first_incomplete_task=0 fault_pointer=0x0
[PANVK_DEBUG_JOBSTATUS] vtc_jc job[1] type=4 index=1 dep1=0 dep2=0 next=0x0 exception_status=0x01 (DONE) first_incomplete_task=0 fault_pointer=0x0
[PANVK_DEBUG_HEAP] SESUDAH vtc_jc (vertex+tiler) bo->flags=0x2 dev=0x7833800000 size=134217728 host=0x7833800000 mincore=absent -- UNREADABLE (I/O error) => halaman belum ter-commit, tiler tidak menulis apa pun
CUBEFP frame=023 deg= 230.0 bad=29395 exact_diff=30073 edge=1805 edge_diff=898 faces[R C G M B Y]=0 2403 8676 2826 18316 19751 first=(268,101) got=0,255,0 model=255,0,0
[PANVK_DEBUG_BLEND] rt=0 color_write_enables=0xff fmt=37 write_mask=0xf
[PANVK_DEBUG_BLENDFIX] blend_ptr.gpu=0x7acedfd440 bd_count=1 state.blend_descs[0]=0xed00000000019
[PANVK_DEBUG_VP] VkViewport: w=512.000000 h=512.000000 x=0.000000 y=0.000000
[PANVK_DEBUG_VP] computed scale: x=256.000000 y=256.000000
[PANVK_DEBUG_VP] computed offset: x=256.000000 y=256.000000
[PANVK_DEBUG_VSFAU] gpu=0x7acedfd450 count=12 bytes=96: 00 00 80 43 00 00 80 43 00 00 80 3f 00 00 80 43 00 00 80 43 00 00 00 00 d7 b3 5d bf 1a ad 9f be fd f3 70 bf 97 db 58 bf 00 00 00 00 97 db d8 bf ab 8e 6c 3e cd e6 54 3e 00 00 c0 bf d0 60 38 3e 44 1d 0b 3f e2 67 fa 3e 00 00 00 00 00 00 00 00 e4 38 8e 40 00 00 a0 40 00 00 00 c7 00 00 00 47
[PANVK_DEBUG_FSFAU] gpu=0x7acedfd4b0 count=3 bytes=24: 00 00 00 00 00 00 00 00 00 00 00 00 00 00 00 00 19 00 00 00 00 d0 0e 00
[PANVK_DEBUG_TILERCTX] 192 byte Tiler Context desc: 00 00 00 00 00 00 00 00 ff 00 04 00 ff 01 ff 01 00 00 00 00 00 00 00 00 e0 d4 df ce 7a 00 00 00 00 00 00 00 00 00 00 00 00 00 00 00 00 00 00 00 00 00 00 00 00 00 00 00 00 00 00 00 00 00 00 00 00 00 00 00 00 00 00 00 00 00 00 00 00 00 00 00 00 00 00 00 00 00 00 00 00 00 00 00 00 00 00 00 00 00 00 00 00 00 00 00 00 00 00 00 00 00 00 00 00 00 00 00 00 00 00 00 00 00 00 00 00 00 00 00 00 00 00 00 00 00 00 00 00 00 00 00 00 00 00 00 00 00 00 00 00 00 00 00 00 00 00 00 00 00 00 00 00 00 00 00 00 00 00 00 00 00 00 00 00 00 00 00 00 00 00 00 00 00 00 00 00 00 00 00 00 00 00 00
[PANVK_DEBUG_TILERHEAP] 32 byte Tiler Heap desc: 29 03 00 00 00 00 00 08 00 00 80 33 78 00 00 00 00 00 80 33 78 00 00 00 00 00 80 3b 78 00 00 00
[PANVK_DEBUG_FLAGS1] sample_mask=0xffff render_target_mask=0x1 bound_attachments=0x101
[PANVK_DEBUG_DS] 32 byte Depth/stencil desc: 07 00 00 00 00 00 00 00 00 00 00 00 00 00 00 00 00 00 c0 e4 00 00 00 00 00 00 00 00 00 00 00 00
[PANVK_DEBUG_BLENDRAW] 16 byte Blend desc(s): 00 0a 00 00 22 21 12 f0 19 00 00 00 00 d0 0e 00
[PANVK_DEBUG_MVJ] sesudah pan_jc_add_job gpu=0x7acedfd600 header: type=11 (MALLOC_VERTEX == BENAR) index=1 dep1=0 dep2=0
[PANVK_DEBUG_MVJ] dump 384 byte job descriptor:
[PANVK_DEBUG_MVJ] +000: 00 00 00 00 00 00 00 00 00 00 00 00 00 00 00 00
[PANVK_DEBUG_MVJ] +016: 16 00 01 00 00 00 00 00 00 00 00 00 00 00 00 00
[PANVK_DEBUG_MVJ] +032: 08 80 07 00 00 00 00 00 00 00 00 00 24 00 00 00
[PANVK_DEBUG_MVJ] +048: 01 00 00 00 1c 00 0c 00 00 d5 df ce 7a 00 00 00
[PANVK_DEBUG_MVJ] +064: 00 00 00 00 00 00 00 00 00 00 00 00 00 00 00 00
[PANVK_DEBUG_MVJ] +080: 00 00 00 00 00 00 00 00 00 00 00 00 00 00 00 00
[PANVK_DEBUG_MVJ] +096: 00 00 00 00 00 00 00 00 00 00 00 00 ff 01 ff 01
[PANVK_DEBUG_MVJ] +112: 00 00 80 3f 00 00 00 00 00 00 00 00 00 00 00 00
[PANVK_DEBUG_MVJ] +128: 00 00 81 00 ff ff 01 00 01 00 00 00 00 00 00 00
[PANVK_DEBUG_MVJ] +144: 00 00 00 00 00 00 00 00 00 00 00 00 00 00 80 3f
[PANVK_DEBUG_MVJ] +160: 00 00 00 00 00 00 00 00 80 d7 df ce 7a 00 00 00
[PANVK_DEBUG_MVJ] +176: 41 d4 df ce 7a 00 00 00 00 00 00 00 00 00 00 00
[PANVK_DEBUG_MVJ] +192: 00 00 00 00 03 00 00 00 00 00 00 00 00 00 00 00
[PANVK_DEBUG_MVJ] +208: 00 00 00 00 00 00 00 00 00 00 00 00 00 00 00 00
[PANVK_DEBUG_MVJ] +224: 04 d4 df ce 7a 00 00 00 40 c1 ed ce 7a 00 00 00
[PANVK_DEBUG_MVJ] +240: 00 d1 df ce 7a 00 00 00 b0 d4 df ce 7a 00 00 00
[PANVK_DEBUG_MVJ] +256: 00 00 00 00 0c 00 00 00 00 00 00 00 00 00 00 00
[PANVK_DEBUG_MVJ] +272: 00 00 00 00 00 00 00 00 00 00 00 00 00 00 00 00
[PANVK_DEBUG_MVJ] +288: 84 d3 df ce 7a 00 00 00 c0 c0 ed ce 7a 00 00 00
[PANVK_DEBUG_MVJ] +304: 00 d1 df ce 7a 00 00 00 50 d4 df ce 7a 00 00 00
[PANVK_DEBUG_MVJ] +320: 00 00 00 00 0c 00 00 00 00 00 00 00 00 00 00 00
[PANVK_DEBUG_MVJ] +336: 00 00 00 00 00 00 00 00 00 00 00 00 00 00 00 00
[PANVK_DEBUG_MVJ] +352: 84 d3 df ce 7a 00 00 00 00 c1 ed ce 7a 00 00 00
[PANVK_DEBUG_MVJ] +368: 00 d1 df ce 7a 00 00 00 50 d4 df ce 7a 00 00 00
[PANVK_DEBUG_MVJ] jc state: first_job=0x7acedfd600 job_index=1 tiler_dep=1
[PANVK_DEBUG_RTFMT] rt=0 fmt=84 rt_count=1
[PANVK_DEBUG_FBD] gpu=0x7acedfd000 size=256\n[PANVK_DEBUG_FBD] +000: 00 00 00 00 00 00 00 00 00 00 00 00 00 00 00 00\n[PANVK_DEBUG_FBD] +016: 00 f0 41 d0 7a 00 00 00 00 00 00 00 00 00 00 00\n[PANVK_DEBUG_FBD] +032: ff 01 ff 01 00 00 00 00 ff 01 ff 01 80 50 00 01\n[PANVK_DEBUG_FBD] +048: 00 00 22 00 00 00 80 3f 00 d5 df ce 7a 00 00 00\n[PANVK_DEBUG_FBD] +064: 00 00 00 00 00 00 00 00 00 00 00 00 00 00 00 00\n[PANVK_DEBUG_FBD] +080: 00 00 00 00 00 00 00 00 00 00 00 00 00 00 00 00\n[PANVK_DEBUG_FBD] +096: 00 00 00 00 00 00 00 00 00 00 00 00 00 00 00 00\n[PANVK_DEBUG_FBD] +112: 00 00 00 00 00 00 00 00 00 00 00 00 00 00 00 00\n[PANVK_DEBUG_FBD] +128: 00 00 00 00 00 00 00 00 00 00 00 00 00 00 00 00\n[PANVK_DEBUG_FBD] +144: 00 00 00 00 00 00 00 00 00 00 00 00 00 00 00 00\n[PANVK_DEBUG_FBD] +160: 00 00 00 00 00 00 00 00 00 00 00 00 00 00 00 00\n[PANVK_DEBUG_FBD] +176: 00 00 00 00 00 00 00 00 00 00 00 00 00 00 00 00\n[PANVK_DEBUG_FBD] +192: 00 00 00 04 99 8d 88 86 01 28 00 00 00 00 00 00\n[PANVK_DEBUG_FBD] +208: 00 00 00 00 00 00 00 00 00 00 00 00 00 00 00 00\n[PANVK_DEBUG_FBD] +224: 00 c0 cf 2a 78 00 00 00 00 10 00 00 00 40 00 00\n[PANVK_DEBUG_FBD] +240: 20 20 28 ff 20 20 28 ff 20 20 28 ff 20 20 28 ff\n[PANVK_DEBUG_FBD] tagged_ptr=0x7acedfd003 stride=256
[PANVK_DEBUG_FRAGJOB] gpu=0x7acedfd800 size=64\n[PANVK_DEBUG_FRAGJOB] +000: 00 00 00 00 00 00 00 00 00 00 00 00 00 00 00 00\n[PANVK_DEBUG_FRAGJOB] +016: 12 00 01 00 00 00 00 00 00 00 00 00 00 00 00 00\n[PANVK_DEBUG_FRAGJOB] +032: 00 00 00 00 1f 00 1f 00 03 d0 df ce 7a 00 00 00\n[PANVK_DEBUG_FRAGJOB] +048: 00 00 00 00 00 00 00 00 00 00 00 00 00 00 00 00\n[PANVK_DEBUG_SUBMIT] vtc_jc ret=0
[PANVK_DEBUG_JOBSTATUS] vtc_jc job[0] type=11 index=1 dep1=0 dep2=0 next=0x0 exception_status=0x01 (DONE) first_incomplete_task=0 fault_pointer=0x0
[PANVK_DEBUG_JOBSTATUS] vtc_jc job[1] type=9 index=1 dep1=0 dep2=0 next=0x0 exception_status=0x00 (NOT_STARTED) first_incomplete_task=0 fault_pointer=0x0
[PANVK_DEBUG_HEAP] SESUDAH vtc_jc (vertex+tiler) bo->flags=0x2 dev=0x7833800000 size=134217728 host=0x7833800000 mincore=absent -- UNREADABLE (I/O error) => halaman belum ter-commit, tiler tidak menulis apa pun
[PANVK_DEBUG_SUBMIT] frag_jc ret=0
[PANVK_DEBUG_JOBSTATUS] frag_jc job[0] type=11 index=1 dep1=0 dep2=0 next=0x0 exception_status=0x01 (DONE) first_incomplete_task=0 fault_pointer=0x0
[PANVK_DEBUG_JOBSTATUS] frag_jc job[1] type=9 index=1 dep1=0 dep2=0 next=0x0 exception_status=0x01 (DONE) first_incomplete_task=0 fault_pointer=0x0
[PANVK_DEBUG_HEAP] SESUDAH frag_jc (fragment) bo->flags=0x2 dev=0x7833800000 size=134217728 host=0x7833800000 mincore=absent -- UNREADABLE (I/O error) => halaman belum ter-commit, tiler tidak menulis apa pun
[PANVK_DEBUG_SUBMIT] vtc_jc ret=0
[PANVK_DEBUG_JOBSTATUS] vtc_jc job[0] type=4 index=1 dep1=0 dep2=0 next=0x0 exception_status=0x01 (DONE) first_incomplete_task=0 fault_pointer=0x0
[PANVK_DEBUG_JOBSTATUS] vtc_jc job[1] type=4 index=1 dep1=0 dep2=0 next=0x0 exception_status=0x01 (DONE) first_incomplete_task=0 fault_pointer=0x0
[PANVK_DEBUG_HEAP] SESUDAH vtc_jc (vertex+tiler) bo->flags=0x2 dev=0x7833800000 size=134217728 host=0x7833800000 mincore=absent -- UNREADABLE (I/O error) => halaman belum ter-commit, tiler tidak menulis apa pun
CUBEFP frame=024 deg= 240.0 bad=36128 exact_diff=36800 edge=1755 edge_diff=850 faces[R C G M B Y]=0 9923 9319 50 16886 12922 first=(296,112) got=0,255,0 model=255,0,0
[PANVK_DEBUG_BLEND] rt=0 color_write_enables=0xff fmt=37 write_mask=0xf
[PANVK_DEBUG_BLENDFIX] blend_ptr.gpu=0x7aceec8440 bd_count=1 state.blend_descs[0]=0xed00000000019
[PANVK_DEBUG_VP] VkViewport: w=512.000000 h=512.000000 x=0.000000 y=0.000000
[PANVK_DEBUG_VP] computed scale: x=256.000000 y=256.000000
[PANVK_DEBUG_VP] computed offset: x=256.000000 y=256.000000
[PANVK_DEBUG_VSFAU] gpu=0x7aceec8450 count=12 bytes=96: 00 00 80 43 00 00 80 43 00 00 80 3f 00 00 80 43 00 00 80 43 00 00 00 00 48 a7 17 bf 40 42 11 be f9 22 85 bf 5a a5 6f bf 00 00 00 00 de db dc bf e6 53 c6 3d b6 7e b2 3d 0b 55 d0 bf c0 7a 53 3d c0 d4 c1 3e ad 72 ae 3e 00 00 00 00 00 00 00 00 e4 38 8e 40 00 00 a0 40 00 00 00 c7 00 00 00 47
[PANVK_DEBUG_FSFAU] gpu=0x7aceec84b0 count=3 bytes=24: 00 00 00 00 00 00 00 00 00 00 00 00 00 00 00 00 19 00 00 00 00 d0 0e 00
[PANVK_DEBUG_TILERCTX] 192 byte Tiler Context desc: 00 00 00 00 00 00 00 00 ff 00 04 00 ff 01 ff 01 00 00 00 00 00 00 00 00 e0 84 ec ce 7a 00 00 00 00 00 00 00 00 00 00 00 00 00 00 00 00 00 00 00 00 00 00 00 00 00 00 00 00 00 00 00 00 00 00 00 00 00 00 00 00 00 00 00 00 00 00 00 00 00 00 00 00 00 00 00 00 00 00 00 00 00 00 00 00 00 00 00 00 00 00 00 00 00 00 00 00 00 00 00 00 00 00 00 00 00 00 00 00 00 00 00 00 00 00 00 00 00 00 00 00 00 00 00 00 00 00 00 00 00 00 00 00 00 00 00 00 00 00 00 00 00 00 00 00 00 00 00 00 00 00 00 00 00 00 00 00 00 00 00 00 00 00 00 00 00 00 00 00 00 00 00 00 00 00 00 00 00 00 00 00 00 00 00
[PANVK_DEBUG_TILERHEAP] 32 byte Tiler Heap desc: 29 03 00 00 00 00 00 08 00 00 80 33 78 00 00 00 00 00 80 33 78 00 00 00 00 00 80 3b 78 00 00 00
[PANVK_DEBUG_FLAGS1] sample_mask=0xffff render_target_mask=0x1 bound_attachments=0x101
[PANVK_DEBUG_DS] 32 byte Depth/stencil desc: 07 00 00 00 00 00 00 00 00 00 00 00 00 00 00 00 00 00 c0 e4 00 00 00 00 00 00 00 00 00 00 00 00
[PANVK_DEBUG_BLENDRAW] 16 byte Blend desc(s): 00 0a 00 00 22 21 12 f0 19 00 00 00 00 d0 0e 00
[PANVK_DEBUG_MVJ] sesudah pan_jc_add_job gpu=0x7aceec8600 header: type=11 (MALLOC_VERTEX == BENAR) index=1 dep1=0 dep2=0
[PANVK_DEBUG_MVJ] dump 384 byte job descriptor:
[PANVK_DEBUG_MVJ] +000: 00 00 00 00 00 00 00 00 00 00 00 00 00 00 00 00
[PANVK_DEBUG_MVJ] +016: 16 00 01 00 00 00 00 00 00 00 00 00 00 00 00 00
[PANVK_DEBUG_MVJ] +032: 08 80 07 00 00 00 00 00 00 00 00 00 24 00 00 00
[PANVK_DEBUG_MVJ] +048: 01 00 00 00 1c 00 0c 00 00 85 ec ce 7a 00 00 00
[PANVK_DEBUG_MVJ] +064: 00 00 00 00 00 00 00 00 00 00 00 00 00 00 00 00
[PANVK_DEBUG_MVJ] +080: 00 00 00 00 00 00 00 00 00 00 00 00 00 00 00 00
[PANVK_DEBUG_MVJ] +096: 00 00 00 00 00 00 00 00 00 00 00 00 ff 01 ff 01
[PANVK_DEBUG_MVJ] +112: 00 00 80 3f 00 00 00 00 00 00 00 00 00 00 00 00
[PANVK_DEBUG_MVJ] +128: 00 00 81 00 ff ff 01 00 01 00 00 00 00 00 00 00
[PANVK_DEBUG_MVJ] +144: 00 00 00 00 00 00 00 00 00 00 00 00 00 00 80 3f
[PANVK_DEBUG_MVJ] +160: 00 00 00 00 00 00 00 00 80 87 ec ce 7a 00 00 00
[PANVK_DEBUG_MVJ] +176: 41 84 ec ce 7a 00 00 00 00 00 00 00 00 00 00 00
[PANVK_DEBUG_MVJ] +192: 00 00 00 00 03 00 00 00 00 00 00 00 00 00 00 00
[PANVK_DEBUG_MVJ] +208: 00 00 00 00 00 00 00 00 00 00 00 00 00 00 00 00
[PANVK_DEBUG_MVJ] +224: 04 84 ec ce 7a 00 00 00 40 c1 ed ce 7a 00 00 00
[PANVK_DEBUG_MVJ] +240: 00 81 ec ce 7a 00 00 00 b0 84 ec ce 7a 00 00 00
[PANVK_DEBUG_MVJ] +256: 00 00 00 00 0c 00 00 00 00 00 00 00 00 00 00 00
[PANVK_DEBUG_MVJ] +272: 00 00 00 00 00 00 00 00 00 00 00 00 00 00 00 00
[PANVK_DEBUG_MVJ] +288: 84 83 ec ce 7a 00 00 00 c0 c0 ed ce 7a 00 00 00
[PANVK_DEBUG_MVJ] +304: 00 81 ec ce 7a 00 00 00 50 84 ec ce 7a 00 00 00
[PANVK_DEBUG_MVJ] +320: 00 00 00 00 0c 00 00 00 00 00 00 00 00 00 00 00
[PANVK_DEBUG_MVJ] +336: 00 00 00 00 00 00 00 00 00 00 00 00 00 00 00 00
[PANVK_DEBUG_MVJ] +352: 84 83 ec ce 7a 00 00 00 00 c1 ed ce 7a 00 00 00
[PANVK_DEBUG_MVJ] +368: 00 81 ec ce 7a 00 00 00 50 84 ec ce 7a 00 00 00
[PANVK_DEBUG_MVJ] jc state: first_job=0x7aceec8600 job_index=1 tiler_dep=1
[PANVK_DEBUG_RTFMT] rt=0 fmt=84 rt_count=1
[PANVK_DEBUG_FBD] gpu=0x7aceec8000 size=256\n[PANVK_DEBUG_FBD] +000: 00 00 00 00 00 00 00 00 00 00 00 00 00 00 00 00\n[PANVK_DEBUG_FBD] +016: 00 f0 41 d0 7a 00 00 00 00 00 00 00 00 00 00 00\n[PANVK_DEBUG_FBD] +032: ff 01 ff 01 00 00 00 00 ff 01 ff 01 80 50 00 01\n[PANVK_DEBUG_FBD] +048: 00 00 22 00 00 00 80 3f 00 85 ec ce 7a 00 00 00\n[PANVK_DEBUG_FBD] +064: 00 00 00 00 00 00 00 00 00 00 00 00 00 00 00 00\n[PANVK_DEBUG_FBD] +080: 00 00 00 00 00 00 00 00 00 00 00 00 00 00 00 00\n[PANVK_DEBUG_FBD] +096: 00 00 00 00 00 00 00 00 00 00 00 00 00 00 00 00\n[PANVK_DEBUG_FBD] +112: 00 00 00 00 00 00 00 00 00 00 00 00 00 00 00 00\n[PANVK_DEBUG_FBD] +128: 00 00 00 00 00 00 00 00 00 00 00 00 00 00 00 00\n[PANVK_DEBUG_FBD] +144: 00 00 00 00 00 00 00 00 00 00 00 00 00 00 00 00\n[PANVK_DEBUG_FBD] +160: 00 00 00 00 00 00 00 00 00 00 00 00 00 00 00 00\n[PANVK_DEBUG_FBD] +176: 00 00 00 00 00 00 00 00 00 00 00 00 00 00 00 00\n[PANVK_DEBUG_FBD] +192: 00 00 00 04 99 8d 88 86 01 28 00 00 00 00 00 00\n[PANVK_DEBUG_FBD] +208: 00 00 00 00 00 00 00 00 00 00 00 00 00 00 00 00\n[PANVK_DEBUG_FBD] +224: 00 c0 cf 2a 78 00 00 00 00 10 00 00 00 40 00 00\n[PANVK_DEBUG_FBD] +240: 20 20 28 ff 20 20 28 ff 20 20 28 ff 20 20 28 ff\n[PANVK_DEBUG_FBD] tagged_ptr=0x7aceec8003 stride=256
[PANVK_DEBUG_FRAGJOB] gpu=0x7aceec8800 size=64\n[PANVK_DEBUG_FRAGJOB] +000: 00 00 00 00 00 00 00 00 00 00 00 00 00 00 00 00\n[PANVK_DEBUG_FRAGJOB] +016: 12 00 01 00 00 00 00 00 00 00 00 00 00 00 00 00\n[PANVK_DEBUG_FRAGJOB] +032: 00 00 00 00 1f 00 1f 00 03 80 ec ce 7a 00 00 00\n[PANVK_DEBUG_FRAGJOB] +048: 00 00 00 00 00 00 00 00 00 00 00 00 00 00 00 00\n[PANVK_DEBUG_SUBMIT] vtc_jc ret=0
[PANVK_DEBUG_JOBSTATUS] vtc_jc job[0] type=11 index=1 dep1=0 dep2=0 next=0x0 exception_status=0x01 (DONE) first_incomplete_task=0 fault_pointer=0x0
[PANVK_DEBUG_JOBSTATUS] vtc_jc job[1] type=9 index=1 dep1=0 dep2=0 next=0x0 exception_status=0x00 (NOT_STARTED) first_incomplete_task=0 fault_pointer=0x0
[PANVK_DEBUG_HEAP] SESUDAH vtc_jc (vertex+tiler) bo->flags=0x2 dev=0x7833800000 size=134217728 host=0x7833800000 mincore=absent -- UNREADABLE (I/O error) => halaman belum ter-commit, tiler tidak menulis apa pun
[PANVK_DEBUG_SUBMIT] frag_jc ret=0
[PANVK_DEBUG_JOBSTATUS] frag_jc job[0] type=11 index=1 dep1=0 dep2=0 next=0x0 exception_status=0x01 (DONE) first_incomplete_task=0 fault_pointer=0x0
[PANVK_DEBUG_JOBSTATUS] frag_jc job[1] type=9 index=1 dep1=0 dep2=0 next=0x0 exception_status=0x01 (DONE) first_incomplete_task=0 fault_pointer=0x0
[PANVK_DEBUG_HEAP] SESUDAH frag_jc (fragment) bo->flags=0x2 dev=0x7833800000 size=134217728 host=0x7833800000 mincore=absent -- UNREADABLE (I/O error) => halaman belum ter-commit, tiler tidak menulis apa pun
[PANVK_DEBUG_SUBMIT] vtc_jc ret=0
[PANVK_DEBUG_JOBSTATUS] vtc_jc job[0] type=4 index=1 dep1=0 dep2=0 next=0x0 exception_status=0x01 (DONE) first_incomplete_task=0 fault_pointer=0x0
[PANVK_DEBUG_JOBSTATUS] vtc_jc job[1] type=4 index=1 dep1=0 dep2=0 next=0x0 exception_status=0x01 (DONE) first_incomplete_task=0 fault_pointer=0x0
[PANVK_DEBUG_HEAP] SESUDAH vtc_jc (vertex+tiler) bo->flags=0x2 dev=0x7833800000 size=134217728 host=0x7833800000 mincore=absent -- UNREADABLE (I/O error) => halaman belum ter-commit, tiler tidak menulis apa pun
CUBEFP frame=025 deg= 250.0 bad=43068 exact_diff=43792 edge=1577 edge_diff=726 faces[R C G M B Y]=0 16594 8292 3546 14636 5522 first=(318,128) got=0,255,0 model=255,0,0
[PANVK_DEBUG_BLEND] rt=0 color_write_enables=0xff fmt=37 write_mask=0xf
[PANVK_DEBUG_BLENDFIX] blend_ptr.gpu=0x7acedfd440 bd_count=1 state.blend_descs[0]=0xed00000000019
[PANVK_DEBUG_VP] VkViewport: w=512.000000 h=512.000000 x=0.000000 y=0.000000
[PANVK_DEBUG_VP] computed scale: x=256.000000 y=256.000000
[PANVK_DEBUG_VP] computed offset: x=256.000000 y=256.000000
[PANVK_DEBUG_VSFAU] gpu=0x7acedfd450 count=12 bytes=96: 00 00 80 43 00 00 80 43 00 00 80 3f 00 00 80 43 00 00 80 43 00 00 00 00 31 fe 99 be 10 d5 73 3d ea f9 8b bf 0b f5 7b bf 00 00 00 00 44 91 dd bf dc d4 1e bd c6 f2 0e bd 98 55 da bf 12 fa 2b bc e3 73 45 3e 19 b5 31 3e 00 00 00 00 00 00 00 00 e4 38 8e 40 00 00 a0 40 00 00 00 c7 00 00 00 47
[PANVK_DEBUG_FSFAU] gpu=0x7acedfd4b0 count=3 bytes=24: 00 00 00 00 00 00 00 00 00 00 00 00 00 00 00 00 19 00 00 00 00 d0 0e 00
[PANVK_DEBUG_TILERCTX] 192 byte Tiler Context desc: 00 00 00 00 00 00 00 00 ff 00 04 00 ff 01 ff 01 00 00 00 00 00 00 00 00 e0 d4 df ce 7a 00 00 00 00 00 00 00 00 00 00 00 00 00 00 00 00 00 00 00 00 00 00 00 00 00 00 00 00 00 00 00 00 00 00 00 00 00 00 00 00 00 00 00 00 00 00 00 00 00 00 00 00 00 00 00 00 00 00 00 00 00 00 00 00 00 00 00 00 00 00 00 00 00 00 00 00 00 00 00 00 00 00 00 00 00 00 00 00 00 00 00 00 00 00 00 00 00 00 00 00 00 00 00 00 00 00 00 00 00 00 00 00 00 00 00 00 00 00 00 00 00 00 00 00 00 00 00 00 00 00 00 00 00 00 00 00 00 00 00 00 00 00 00 00 00 00 00 00 00 00 00 00 00 00 00 00 00 00 00 00 00 00 00
[PANVK_DEBUG_TILERHEAP] 32 byte Tiler Heap desc: 29 03 00 00 00 00 00 08 00 00 80 33 78 00 00 00 00 00 80 33 78 00 00 00 00 00 80 3b 78 00 00 00
[PANVK_DEBUG_FLAGS1] sample_mask=0xffff render_target_mask=0x1 bound_attachments=0x101
[PANVK_DEBUG_DS] 32 byte Depth/stencil desc: 07 00 00 00 00 00 00 00 00 00 00 00 00 00 00 00 00 00 c0 e4 00 00 00 00 00 00 00 00 00 00 00 00
[PANVK_DEBUG_BLENDRAW] 16 byte Blend desc(s): 00 0a 00 00 22 21 12 f0 19 00 00 00 00 d0 0e 00
[PANVK_DEBUG_MVJ] sesudah pan_jc_add_job gpu=0x7acedfd600 header: type=11 (MALLOC_VERTEX == BENAR) index=1 dep1=0 dep2=0
[PANVK_DEBUG_MVJ] dump 384 byte job descriptor:
[PANVK_DEBUG_MVJ] +000: 00 00 00 00 00 00 00 00 00 00 00 00 00 00 00 00
[PANVK_DEBUG_MVJ] +016: 16 00 01 00 00 00 00 00 00 00 00 00 00 00 00 00
[PANVK_DEBUG_MVJ] +032: 08 80 07 00 00 00 00 00 00 00 00 00 24 00 00 00
[PANVK_DEBUG_MVJ] +048: 01 00 00 00 1c 00 0c 00 00 d5 df ce 7a 00 00 00
[PANVK_DEBUG_MVJ] +064: 00 00 00 00 00 00 00 00 00 00 00 00 00 00 00 00
[PANVK_DEBUG_MVJ] +080: 00 00 00 00 00 00 00 00 00 00 00 00 00 00 00 00
[PANVK_DEBUG_MVJ] +096: 00 00 00 00 00 00 00 00 00 00 00 00 ff 01 ff 01
[PANVK_DEBUG_MVJ] +112: 00 00 80 3f 00 00 00 00 00 00 00 00 00 00 00 00
[PANVK_DEBUG_MVJ] +128: 00 00 81 00 ff ff 01 00 01 00 00 00 00 00 00 00
[PANVK_DEBUG_MVJ] +144: 00 00 00 00 00 00 00 00 00 00 00 00 00 00 80 3f
[PANVK_DEBUG_MVJ] +160: 00 00 00 00 00 00 00 00 80 d7 df ce 7a 00 00 00
[PANVK_DEBUG_MVJ] +176: 41 d4 df ce 7a 00 00 00 00 00 00 00 00 00 00 00
[PANVK_DEBUG_MVJ] +192: 00 00 00 00 03 00 00 00 00 00 00 00 00 00 00 00
[PANVK_DEBUG_MVJ] +208: 00 00 00 00 00 00 00 00 00 00 00 00 00 00 00 00
[PANVK_DEBUG_MVJ] +224: 04 d4 df ce 7a 00 00 00 40 c1 ed ce 7a 00 00 00
[PANVK_DEBUG_MVJ] +240: 00 d1 df ce 7a 00 00 00 b0 d4 df ce 7a 00 00 00
[PANVK_DEBUG_MVJ] +256: 00 00 00 00 0c 00 00 00 00 00 00 00 00 00 00 00
[PANVK_DEBUG_MVJ] +272: 00 00 00 00 00 00 00 00 00 00 00 00 00 00 00 00
[PANVK_DEBUG_MVJ] +288: 84 d3 df ce 7a 00 00 00 c0 c0 ed ce 7a 00 00 00
[PANVK_DEBUG_MVJ] +304: 00 d1 df ce 7a 00 00 00 50 d4 df ce 7a 00 00 00
[PANVK_DEBUG_MVJ] +320: 00 00 00 00 0c 00 00 00 00 00 00 00 00 00 00 00
[PANVK_DEBUG_MVJ] +336: 00 00 00 00 00 00 00 00 00 00 00 00 00 00 00 00
[PANVK_DEBUG_MVJ] +352: 84 d3 df ce 7a 00 00 00 00 c1 ed ce 7a 00 00 00
[PANVK_DEBUG_MVJ] +368: 00 d1 df ce 7a 00 00 00 50 d4 df ce 7a 00 00 00
[PANVK_DEBUG_MVJ] jc state: first_job=0x7acedfd600 job_index=1 tiler_dep=1
[PANVK_DEBUG_RTFMT] rt=0 fmt=84 rt_count=1
[PANVK_DEBUG_FBD] gpu=0x7acedfd000 size=256\n[PANVK_DEBUG_FBD] +000: 00 00 00 00 00 00 00 00 00 00 00 00 00 00 00 00\n[PANVK_DEBUG_FBD] +016: 00 f0 41 d0 7a 00 00 00 00 00 00 00 00 00 00 00\n[PANVK_DEBUG_FBD] +032: ff 01 ff 01 00 00 00 00 ff 01 ff 01 80 50 00 01\n[PANVK_DEBUG_FBD] +048: 00 00 22 00 00 00 80 3f 00 d5 df ce 7a 00 00 00\n[PANVK_DEBUG_FBD] +064: 00 00 00 00 00 00 00 00 00 00 00 00 00 00 00 00\n[PANVK_DEBUG_FBD] +080: 00 00 00 00 00 00 00 00 00 00 00 00 00 00 00 00\n[PANVK_DEBUG_FBD] +096: 00 00 00 00 00 00 00 00 00 00 00 00 00 00 00 00\n[PANVK_DEBUG_FBD] +112: 00 00 00 00 00 00 00 00 00 00 00 00 00 00 00 00\n[PANVK_DEBUG_FBD] +128: 00 00 00 00 00 00 00 00 00 00 00 00 00 00 00 00\n[PANVK_DEBUG_FBD] +144: 00 00 00 00 00 00 00 00 00 00 00 00 00 00 00 00\n[PANVK_DEBUG_FBD] +160: 00 00 00 00 00 00 00 00 00 00 00 00 00 00 00 00\n[PANVK_DEBUG_FBD] +176: 00 00 00 00 00 00 00 00 00 00 00 00 00 00 00 00\n[PANVK_DEBUG_FBD] +192: 00 00 00 04 99 8d 88 86 01 28 00 00 00 00 00 00\n[PANVK_DEBUG_FBD] +208: 00 00 00 00 00 00 00 00 00 00 00 00 00 00 00 00\n[PANVK_DEBUG_FBD] +224: 00 c0 cf 2a 78 00 00 00 00 10 00 00 00 40 00 00\n[PANVK_DEBUG_FBD] +240: 20 20 28 ff 20 20 28 ff 20 20 28 ff 20 20 28 ff\n[PANVK_DEBUG_FBD] tagged_ptr=0x7acedfd003 stride=256
[PANVK_DEBUG_FRAGJOB] gpu=0x7acedfd800 size=64\n[PANVK_DEBUG_FRAGJOB] +000: 00 00 00 00 00 00 00 00 00 00 00 00 00 00 00 00\n[PANVK_DEBUG_FRAGJOB] +016: 12 00 01 00 00 00 00 00 00 00 00 00 00 00 00 00\n[PANVK_DEBUG_FRAGJOB] +032: 00 00 00 00 1f 00 1f 00 03 d0 df ce 7a 00 00 00\n[PANVK_DEBUG_FRAGJOB] +048: 00 00 00 00 00 00 00 00 00 00 00 00 00 00 00 00\n[PANVK_DEBUG_SUBMIT] vtc_jc ret=0
[PANVK_DEBUG_JOBSTATUS] vtc_jc job[0] type=11 index=1 dep1=0 dep2=0 next=0x0 exception_status=0x01 (DONE) first_incomplete_task=0 fault_pointer=0x0
[PANVK_DEBUG_JOBSTATUS] vtc_jc job[1] type=9 index=1 dep1=0 dep2=0 next=0x0 exception_status=0x00 (NOT_STARTED) first_incomplete_task=0 fault_pointer=0x0
[PANVK_DEBUG_HEAP] SESUDAH vtc_jc (vertex+tiler) bo->flags=0x2 dev=0x7833800000 size=134217728 host=0x7833800000 mincore=absent -- UNREADABLE (I/O error) => halaman belum ter-commit, tiler tidak menulis apa pun
[PANVK_DEBUG_SUBMIT] frag_jc ret=0
[PANVK_DEBUG_JOBSTATUS] frag_jc job[0] type=11 index=1 dep1=0 dep2=0 next=0x0 exception_status=0x01 (DONE) first_incomplete_task=0 fault_pointer=0x0
[PANVK_DEBUG_JOBSTATUS] frag_jc job[1] type=9 index=1 dep1=0 dep2=0 next=0x0 exception_status=0x01 (DONE) first_incomplete_task=0 fault_pointer=0x0
[PANVK_DEBUG_HEAP] SESUDAH frag_jc (fragment) bo->flags=0x2 dev=0x7833800000 size=134217728 host=0x7833800000 mincore=absent -- UNREADABLE (I/O error) => halaman belum ter-commit, tiler tidak menulis apa pun
[PANVK_DEBUG_SUBMIT] vtc_jc ret=0
[PANVK_DEBUG_JOBSTATUS] vtc_jc job[0] type=4 index=1 dep1=0 dep2=0 next=0x0 exception_status=0x01 (DONE) first_incomplete_task=0 fault_pointer=0x0
[PANVK_DEBUG_JOBSTATUS] vtc_jc job[1] type=4 index=1 dep1=0 dep2=0 next=0x0 exception_status=0x01 (DONE) first_incomplete_task=0 fault_pointer=0x0
[PANVK_DEBUG_HEAP] SESUDAH vtc_jc (vertex+tiler) bo->flags=0x2 dev=0x7833800000 size=134217728 host=0x7833800000 mincore=absent -- UNREADABLE (I/O error) => halaman belum ter-commit, tiler tidak menulis apa pun
CUBEFP frame=026 deg= 260.0 bad=47062 exact_diff=47792 edge=1185 edge_diff=426 faces[R C G M B Y]=0 21611 5653 7674 11225 899 first=(332,145) got=0,255,0 model=255,0,0
[PANVK_DEBUG_BLEND] rt=0 color_write_enables=0xff fmt=37 write_mask=0xf
[PANVK_DEBUG_BLENDFIX] blend_ptr.gpu=0x7aceec8440 bd_count=1 state.blend_descs[0]=0xed00000000019
[PANVK_DEBUG_VP] VkViewport: w=512.000000 h=512.000000 x=0.000000 y=0.000000
[PANVK_DEBUG_VP] computed scale: x=256.000000 y=256.000000
[PANVK_DEBUG_VP] computed offset: x=256.000000 y=256.000000
[PANVK_DEBUG_VSFAU] gpu=0x7aceec8450 count=12 bytes=96: 00 00 80 43 00 00 80 43 00 00 80 3f 00 00 80 43 00 00 80 43 00 00 00 00 fc 69 b7 a5 47 ba 8a 3e a3 78 8c bf 25 d9 7c bf 00 00 00 00 15 f9 da bf d7 fc 31 be 5b 30 20 be d7 b3 dd bf c5 89 65 a4 50 6c 68 25 48 2e 51 25 00 00 00 00 00 00 00 00 e4 38 8e 40 00 00 a0 40 00 00 00 c7 00 00 00 47
[PANVK_DEBUG_FSFAU] gpu=0x7aceec84b0 count=3 bytes=24: 00 00 00 00 00 00 00 00 00 00 00 00 00 00 00 00 19 00 00 00 00 d0 0e 00
[PANVK_DEBUG_TILERCTX] 192 byte Tiler Context desc: 00 00 00 00 00 00 00 00 ff 00 04 00 ff 01 ff 01 00 00 00 00 00 00 00 00 e0 84 ec ce 7a 00 00 00 00 00 00 00 00 00 00 00 00 00 00 00 00 00 00 00 00 00 00 00 00 00 00 00 00 00 00 00 00 00 00 00 00 00 00 00 00 00 00 00 00 00 00 00 00 00 00 00 00 00 00 00 00 00 00 00 00 00 00 00 00 00 00 00 00 00 00 00 00 00 00 00 00 00 00 00 00 00 00 00 00 00 00 00 00 00 00 00 00 00 00 00 00 00 00 00 00 00 00 00 00 00 00 00 00 00 00 00 00 00 00 00 00 00 00 00 00 00 00 00 00 00 00 00 00 00 00 00 00 00 00 00 00 00 00 00 00 00 00 00 00 00 00 00 00 00 00 00 00 00 00 00 00 00 00 00 00 00 00 00
[PANVK_DEBUG_TILERHEAP] 32 byte Tiler Heap desc: 29 03 00 00 00 00 00 08 00 00 80 33 78 00 00 00 00 00 80 33 78 00 00 00 00 00 80 3b 78 00 00 00
[PANVK_DEBUG_FLAGS1] sample_mask=0xffff render_target_mask=0x1 bound_attachments=0x101
[PANVK_DEBUG_DS] 32 byte Depth/stencil desc: 07 00 00 00 00 00 00 00 00 00 00 00 00 00 00 00 00 00 c0 e4 00 00 00 00 00 00 00 00 00 00 00 00
[PANVK_DEBUG_BLENDRAW] 16 byte Blend desc(s): 00 0a 00 00 22 21 12 f0 19 00 00 00 00 d0 0e 00
[PANVK_DEBUG_MVJ] sesudah pan_jc_add_job gpu=0x7aceec8600 header: type=11 (MALLOC_VERTEX == BENAR) index=1 dep1=0 dep2=0
[PANVK_DEBUG_MVJ] dump 384 byte job descriptor:
[PANVK_DEBUG_MVJ] +000: 00 00 00 00 00 00 00 00 00 00 00 00 00 00 00 00
[PANVK_DEBUG_MVJ] +016: 16 00 01 00 00 00 00 00 00 00 00 00 00 00 00 00
[PANVK_DEBUG_MVJ] +032: 08 80 07 00 00 00 00 00 00 00 00 00 24 00 00 00
[PANVK_DEBUG_MVJ] +048: 01 00 00 00 1c 00 0c 00 00 85 ec ce 7a 00 00 00
[PANVK_DEBUG_MVJ] +064: 00 00 00 00 00 00 00 00 00 00 00 00 00 00 00 00
[PANVK_DEBUG_MVJ] +080: 00 00 00 00 00 00 00 00 00 00 00 00 00 00 00 00
[PANVK_DEBUG_MVJ] +096: 00 00 00 00 00 00 00 00 00 00 00 00 ff 01 ff 01
[PANVK_DEBUG_MVJ] +112: 00 00 80 3f 00 00 00 00 00 00 00 00 00 00 00 00
[PANVK_DEBUG_MVJ] +128: 00 00 81 00 ff ff 01 00 01 00 00 00 00 00 00 00
[PANVK_DEBUG_MVJ] +144: 00 00 00 00 00 00 00 00 00 00 00 00 00 00 80 3f
[PANVK_DEBUG_MVJ] +160: 00 00 00 00 00 00 00 00 80 87 ec ce 7a 00 00 00
[PANVK_DEBUG_MVJ] +176: 41 84 ec ce 7a 00 00 00 00 00 00 00 00 00 00 00
[PANVK_DEBUG_MVJ] +192: 00 00 00 00 03 00 00 00 00 00 00 00 00 00 00 00
[PANVK_DEBUG_MVJ] +208: 00 00 00 00 00 00 00 00 00 00 00 00 00 00 00 00
[PANVK_DEBUG_MVJ] +224: 04 84 ec ce 7a 00 00 00 40 c1 ed ce 7a 00 00 00
[PANVK_DEBUG_MVJ] +240: 00 81 ec ce 7a 00 00 00 b0 84 ec ce 7a 00 00 00
[PANVK_DEBUG_MVJ] +256: 00 00 00 00 0c 00 00 00 00 00 00 00 00 00 00 00
[PANVK_DEBUG_MVJ] +272: 00 00 00 00 00 00 00 00 00 00 00 00 00 00 00 00
[PANVK_DEBUG_MVJ] +288: 84 83 ec ce 7a 00 00 00 c0 c0 ed ce 7a 00 00 00
[PANVK_DEBUG_MVJ] +304: 00 81 ec ce 7a 00 00 00 50 84 ec ce 7a 00 00 00
[PANVK_DEBUG_MVJ] +320: 00 00 00 00 0c 00 00 00 00 00 00 00 00 00 00 00
[PANVK_DEBUG_MVJ] +336: 00 00 00 00 00 00 00 00 00 00 00 00 00 00 00 00
[PANVK_DEBUG_MVJ] +352: 84 83 ec ce 7a 00 00 00 00 c1 ed ce 7a 00 00 00
[PANVK_DEBUG_MVJ] +368: 00 81 ec ce 7a 00 00 00 50 84 ec ce 7a 00 00 00
[PANVK_DEBUG_MVJ] jc state: first_job=0x7aceec8600 job_index=1 tiler_dep=1
[PANVK_DEBUG_RTFMT] rt=0 fmt=84 rt_count=1
[PANVK_DEBUG_FBD] gpu=0x7aceec8000 size=256\n[PANVK_DEBUG_FBD] +000: 00 00 00 00 00 00 00 00 00 00 00 00 00 00 00 00\n[PANVK_DEBUG_FBD] +016: 00 f0 41 d0 7a 00 00 00 00 00 00 00 00 00 00 00\n[PANVK_DEBUG_FBD] +032: ff 01 ff 01 00 00 00 00 ff 01 ff 01 80 50 00 01\n[PANVK_DEBUG_FBD] +048: 00 00 22 00 00 00 80 3f 00 85 ec ce 7a 00 00 00\n[PANVK_DEBUG_FBD] +064: 00 00 00 00 00 00 00 00 00 00 00 00 00 00 00 00\n[PANVK_DEBUG_FBD] +080: 00 00 00 00 00 00 00 00 00 00 00 00 00 00 00 00\n[PANVK_DEBUG_FBD] +096: 00 00 00 00 00 00 00 00 00 00 00 00 00 00 00 00\n[PANVK_DEBUG_FBD] +112: 00 00 00 00 00 00 00 00 00 00 00 00 00 00 00 00\n[PANVK_DEBUG_FBD] +128: 00 00 00 00 00 00 00 00 00 00 00 00 00 00 00 00\n[PANVK_DEBUG_FBD] +144: 00 00 00 00 00 00 00 00 00 00 00 00 00 00 00 00\n[PANVK_DEBUG_FBD] +160: 00 00 00 00 00 00 00 00 00 00 00 00 00 00 00 00\n[PANVK_DEBUG_FBD] +176: 00 00 00 00 00 00 00 00 00 00 00 00 00 00 00 00\n[PANVK_DEBUG_FBD] +192: 00 00 00 04 99 8d 88 86 01 28 00 00 00 00 00 00\n[PANVK_DEBUG_FBD] +208: 00 00 00 00 00 00 00 00 00 00 00 00 00 00 00 00\n[PANVK_DEBUG_FBD] +224: 00 c0 cf 2a 78 00 00 00 00 10 00 00 00 40 00 00\n[PANVK_DEBUG_FBD] +240: 20 20 28 ff 20 20 28 ff 20 20 28 ff 20 20 28 ff\n[PANVK_DEBUG_FBD] tagged_ptr=0x7aceec8003 stride=256
[PANVK_DEBUG_FRAGJOB] gpu=0x7aceec8800 size=64\n[PANVK_DEBUG_FRAGJOB] +000: 00 00 00 00 00 00 00 00 00 00 00 00 00 00 00 00\n[PANVK_DEBUG_FRAGJOB] +016: 12 00 01 00 00 00 00 00 00 00 00 00 00 00 00 00\n[PANVK_DEBUG_FRAGJOB] +032: 00 00 00 00 1f 00 1f 00 03 80 ec ce 7a 00 00 00\n[PANVK_DEBUG_FRAGJOB] +048: 00 00 00 00 00 00 00 00 00 00 00 00 00 00 00 00\n[PANVK_DEBUG_SUBMIT] vtc_jc ret=0
[PANVK_DEBUG_JOBSTATUS] vtc_jc job[0] type=11 index=1 dep1=0 dep2=0 next=0x0 exception_status=0x01 (DONE) first_incomplete_task=0 fault_pointer=0x0
[PANVK_DEBUG_JOBSTATUS] vtc_jc job[1] type=9 index=1 dep1=0 dep2=0 next=0x0 exception_status=0x00 (NOT_STARTED) first_incomplete_task=0 fault_pointer=0x0
[PANVK_DEBUG_HEAP] SESUDAH vtc_jc (vertex+tiler) bo->flags=0x2 dev=0x7833800000 size=134217728 host=0x7833800000 mincore=absent -- UNREADABLE (I/O error) => halaman belum ter-commit, tiler tidak menulis apa pun
[PANVK_DEBUG_SUBMIT] frag_jc ret=0
[PANVK_DEBUG_JOBSTATUS] frag_jc job[0] type=11 index=1 dep1=0 dep2=0 next=0x0 exception_status=0x01 (DONE) first_incomplete_task=0 fault_pointer=0x0
[PANVK_DEBUG_JOBSTATUS] frag_jc job[1] type=9 index=1 dep1=0 dep2=0 next=0x0 exception_status=0x01 (DONE) first_incomplete_task=0 fault_pointer=0x0
[PANVK_DEBUG_HEAP] SESUDAH frag_jc (fragment) bo->flags=0x2 dev=0x7833800000 size=134217728 host=0x7833800000 mincore=absent -- UNREADABLE (I/O error) => halaman belum ter-commit, tiler tidak menulis apa pun
[PANVK_DEBUG_SUBMIT] vtc_jc ret=0
[PANVK_DEBUG_JOBSTATUS] vtc_jc job[0] type=4 index=1 dep1=0 dep2=0 next=0x0 exception_status=0x01 (DONE) first_incomplete_task=0 fault_pointer=0x0
[PANVK_DEBUG_JOBSTATUS] vtc_jc job[1] type=4 index=1 dep1=0 dep2=0 next=0x0 exception_status=0x01 (DONE) first_incomplete_task=0 fault_pointer=0x0
[PANVK_DEBUG_HEAP] SESUDAH vtc_jc (vertex+tiler) bo->flags=0x2 dev=0x7833800000 size=134217728 host=0x7833800000 mincore=absent -- UNREADABLE (I/O error) => halaman belum ter-commit, tiler tidak menulis apa pun
CUBEFP frame=027 deg= 270.0 bad=47283 exact_diff=48260 edge=1192 edge_diff=675 faces[R C G M B Y]=0 21613 1506 10776 6671 6717 first=(143,161) got=0,0,255 model=255,0,0
[PANVK_DEBUG_BLEND] rt=0 color_write_enables=0xff fmt=37 write_mask=0xf
[PANVK_DEBUG_BLENDFIX] blend_ptr.gpu=0x7acedfd440 bd_count=1 state.blend_descs[0]=0xed00000000019
[PANVK_DEBUG_VP] VkViewport: w=512.000000 h=512.000000 x=0.000000 y=0.000000
[PANVK_DEBUG_VP] computed scale: x=256.000000 y=256.000000
[PANVK_DEBUG_VP] computed offset: x=256.000000 y=256.000000
[PANVK_DEBUG_VSFAU] gpu=0x7acedfd450 count=12 bytes=96: 00 00 80 43 00 00 80 43 00 00 80 3f 00 00 80 43 00 00 80 43 00 00 00 00 31 fe 99 3e 73 b9 f0 3e c4 a2 86 bf 2d 58 72 bf 00 00 00 00 37 1d d5 bf 99 ce 9c be 57 20 8d be 98 55 da bf eb c8 a9 3d 5d eb 3d be 6e ed 2a be 00 00 00 00 00 00 00 00 e4 38 8e 40 00 00 a0 40 00 00 00 c7 00 00 00 47
[PANVK_DEBUG_FSFAU] gpu=0x7acedfd4b0 count=3 bytes=24: 00 00 00 00 00 00 00 00 00 00 00 00 00 00 00 00 19 00 00 00 00 d0 0e 00
[PANVK_DEBUG_TILERCTX] 192 byte Tiler Context desc: 00 00 00 00 00 00 00 00 ff 00 04 00 ff 01 ff 01 00 00 00 00 00 00 00 00 e0 d4 df ce 7a 00 00 00 00 00 00 00 00 00 00 00 00 00 00 00 00 00 00 00 00 00 00 00 00 00 00 00 00 00 00 00 00 00 00 00 00 00 00 00 00 00 00 00 00 00 00 00 00 00 00 00 00 00 00 00 00 00 00 00 00 00 00 00 00 00 00 00 00 00 00 00 00 00 00 00 00 00 00 00 00 00 00 00 00 00 00 00 00 00 00 00 00 00 00 00 00 00 00 00 00 00 00 00 00 00 00 00 00 00 00 00 00 00 00 00 00 00 00 00 00 00 00 00 00 00 00 00 00 00 00 00 00 00 00 00 00 00 00 00 00 00 00 00 00 00 00 00 00 00 00 00 00 00 00 00 00 00 00 00 00 00 00 00
[PANVK_DEBUG_TILERHEAP] 32 byte Tiler Heap desc: 29 03 00 00 00 00 00 08 00 00 80 33 78 00 00 00 00 00 80 33 78 00 00 00 00 00 80 3b 78 00 00 00
[PANVK_DEBUG_FLAGS1] sample_mask=0xffff render_target_mask=0x1 bound_attachments=0x101
[PANVK_DEBUG_DS] 32 byte Depth/stencil desc: 07 00 00 00 00 00 00 00 00 00 00 00 00 00 00 00 00 00 c0 e4 00 00 00 00 00 00 00 00 00 00 00 00
[PANVK_DEBUG_BLENDRAW] 16 byte Blend desc(s): 00 0a 00 00 22 21 12 f0 19 00 00 00 00 d0 0e 00
[PANVK_DEBUG_MVJ] sesudah pan_jc_add_job gpu=0x7acedfd600 header: type=11 (MALLOC_VERTEX == BENAR) index=1 dep1=0 dep2=0
[PANVK_DEBUG_MVJ] dump 384 byte job descriptor:
[PANVK_DEBUG_MVJ] +000: 00 00 00 00 00 00 00 00 00 00 00 00 00 00 00 00
[PANVK_DEBUG_MVJ] +016: 16 00 01 00 00 00 00 00 00 00 00 00 00 00 00 00
[PANVK_DEBUG_MVJ] +032: 08 80 07 00 00 00 00 00 00 00 00 00 24 00 00 00
[PANVK_DEBUG_MVJ] +048: 01 00 00 00 1c 00 0c 00 00 d5 df ce 7a 00 00 00
[PANVK_DEBUG_MVJ] +064: 00 00 00 00 00 00 00 00 00 00 00 00 00 00 00 00
[PANVK_DEBUG_MVJ] +080: 00 00 00 00 00 00 00 00 00 00 00 00 00 00 00 00
[PANVK_DEBUG_MVJ] +096: 00 00 00 00 00 00 00 00 00 00 00 00 ff 01 ff 01
[PANVK_DEBUG_MVJ] +112: 00 00 80 3f 00 00 00 00 00 00 00 00 00 00 00 00
[PANVK_DEBUG_MVJ] +128: 00 00 81 00 ff ff 01 00 01 00 00 00 00 00 00 00
[PANVK_DEBUG_MVJ] +144: 00 00 00 00 00 00 00 00 00 00 00 00 00 00 80 3f
[PANVK_DEBUG_MVJ] +160: 00 00 00 00 00 00 00 00 80 d7 df ce 7a 00 00 00
[PANVK_DEBUG_MVJ] +176: 41 d4 df ce 7a 00 00 00 00 00 00 00 00 00 00 00
[PANVK_DEBUG_MVJ] +192: 00 00 00 00 03 00 00 00 00 00 00 00 00 00 00 00
[PANVK_DEBUG_MVJ] +208: 00 00 00 00 00 00 00 00 00 00 00 00 00 00 00 00
[PANVK_DEBUG_MVJ] +224: 04 d4 df ce 7a 00 00 00 40 c1 ed ce 7a 00 00 00
[PANVK_DEBUG_MVJ] +240: 00 d1 df ce 7a 00 00 00 b0 d4 df ce 7a 00 00 00
[PANVK_DEBUG_MVJ] +256: 00 00 00 00 0c 00 00 00 00 00 00 00 00 00 00 00
[PANVK_DEBUG_MVJ] +272: 00 00 00 00 00 00 00 00 00 00 00 00 00 00 00 00
[PANVK_DEBUG_MVJ] +288: 84 d3 df ce 7a 00 00 00 c0 c0 ed ce 7a 00 00 00
[PANVK_DEBUG_MVJ] +304: 00 d1 df ce 7a 00 00 00 50 d4 df ce 7a 00 00 00
[PANVK_DEBUG_MVJ] +320: 00 00 00 00 0c 00 00 00 00 00 00 00 00 00 00 00
[PANVK_DEBUG_MVJ] +336: 00 00 00 00 00 00 00 00 00 00 00 00 00 00 00 00
[PANVK_DEBUG_MVJ] +352: 84 d3 df ce 7a 00 00 00 00 c1 ed ce 7a 00 00 00
[PANVK_DEBUG_MVJ] +368: 00 d1 df ce 7a 00 00 00 50 d4 df ce 7a 00 00 00
[PANVK_DEBUG_MVJ] jc state: first_job=0x7acedfd600 job_index=1 tiler_dep=1
[PANVK_DEBUG_RTFMT] rt=0 fmt=84 rt_count=1
[PANVK_DEBUG_FBD] gpu=0x7acedfd000 size=256\n[PANVK_DEBUG_FBD] +000: 00 00 00 00 00 00 00 00 00 00 00 00 00 00 00 00\n[PANVK_DEBUG_FBD] +016: 00 f0 41 d0 7a 00 00 00 00 00 00 00 00 00 00 00\n[PANVK_DEBUG_FBD] +032: ff 01 ff 01 00 00 00 00 ff 01 ff 01 80 50 00 01\n[PANVK_DEBUG_FBD] +048: 00 00 22 00 00 00 80 3f 00 d5 df ce 7a 00 00 00\n[PANVK_DEBUG_FBD] +064: 00 00 00 00 00 00 00 00 00 00 00 00 00 00 00 00\n[PANVK_DEBUG_FBD] +080: 00 00 00 00 00 00 00 00 00 00 00 00 00 00 00 00\n[PANVK_DEBUG_FBD] +096: 00 00 00 00 00 00 00 00 00 00 00 00 00 00 00 00\n[PANVK_DEBUG_FBD] +112: 00 00 00 00 00 00 00 00 00 00 00 00 00 00 00 00\n[PANVK_DEBUG_FBD] +128: 00 00 00 00 00 00 00 00 00 00 00 00 00 00 00 00\n[PANVK_DEBUG_FBD] +144: 00 00 00 00 00 00 00 00 00 00 00 00 00 00 00 00\n[PANVK_DEBUG_FBD] +160: 00 00 00 00 00 00 00 00 00 00 00 00 00 00 00 00\n[PANVK_DEBUG_FBD] +176: 00 00 00 00 00 00 00 00 00 00 00 00 00 00 00 00\n[PANVK_DEBUG_FBD] +192: 00 00 00 04 99 8d 88 86 01 28 00 00 00 00 00 00\n[PANVK_DEBUG_FBD] +208: 00 00 00 00 00 00 00 00 00 00 00 00 00 00 00 00\n[PANVK_DEBUG_FBD] +224: 00 c0 cf 2a 78 00 00 00 00 10 00 00 00 40 00 00\n[PANVK_DEBUG_FBD] +240: 20 20 28 ff 20 20 28 ff 20 20 28 ff 20 20 28 ff\n[PANVK_DEBUG_FBD] tagged_ptr=0x7acedfd003 stride=256
[PANVK_DEBUG_FRAGJOB] gpu=0x7acedfd800 size=64\n[PANVK_DEBUG_FRAGJOB] +000: 00 00 00 00 00 00 00 00 00 00 00 00 00 00 00 00\n[PANVK_DEBUG_FRAGJOB] +016: 12 00 01 00 00 00 00 00 00 00 00 00 00 00 00 00\n[PANVK_DEBUG_FRAGJOB] +032: 00 00 00 00 1f 00 1f 00 03 d0 df ce 7a 00 00 00\n[PANVK_DEBUG_FRAGJOB] +048: 00 00 00 00 00 00 00 00 00 00 00 00 00 00 00 00\n[PANVK_DEBUG_SUBMIT] vtc_jc ret=0
[PANVK_DEBUG_JOBSTATUS] vtc_jc job[0] type=11 index=1 dep1=0 dep2=0 next=0x0 exception_status=0x01 (DONE) first_incomplete_task=0 fault_pointer=0x0
[PANVK_DEBUG_JOBSTATUS] vtc_jc job[1] type=9 index=1 dep1=0 dep2=0 next=0x0 exception_status=0x00 (NOT_STARTED) first_incomplete_task=0 fault_pointer=0x0
[PANVK_DEBUG_HEAP] SESUDAH vtc_jc (vertex+tiler) bo->flags=0x2 dev=0x7833800000 size=134217728 host=0x7833800000 mincore=absent -- UNREADABLE (I/O error) => halaman belum ter-commit, tiler tidak menulis apa pun
[PANVK_DEBUG_SUBMIT] frag_jc ret=0
[PANVK_DEBUG_JOBSTATUS] frag_jc job[0] type=11 index=1 dep1=0 dep2=0 next=0x0 exception_status=0x01 (DONE) first_incomplete_task=0 fault_pointer=0x0
[PANVK_DEBUG_JOBSTATUS] frag_jc job[1] type=9 index=1 dep1=0 dep2=0 next=0x0 exception_status=0x01 (DONE) first_incomplete_task=0 fault_pointer=0x0
[PANVK_DEBUG_HEAP] SESUDAH frag_jc (fragment) bo->flags=0x2 dev=0x7833800000 size=134217728 host=0x7833800000 mincore=absent -- UNREADABLE (I/O error) => halaman belum ter-commit, tiler tidak menulis apa pun
[PANVK_DEBUG_SUBMIT] vtc_jc ret=0
[PANVK_DEBUG_JOBSTATUS] vtc_jc job[0] type=4 index=1 dep1=0 dep2=0 next=0x0 exception_status=0x01 (DONE) first_incomplete_task=0 fault_pointer=0x0
[PANVK_DEBUG_JOBSTATUS] vtc_jc job[1] type=4 index=1 dep1=0 dep2=0 next=0x0 exception_status=0x01 (DONE) first_incomplete_task=0 fault_pointer=0x0
[PANVK_DEBUG_HEAP] SESUDAH vtc_jc (vertex+tiler) bo->flags=0x2 dev=0x7833800000 size=134217728 host=0x7833800000 mincore=absent -- UNREADABLE (I/O error) => halaman belum ter-commit, tiler tidak menulis apa pun
CUBEFP frame=028 deg= 280.0 bad=44454 exact_diff=45250 edge=1541 edge_diff=684 faces[R C G M B Y]=0 18849 2159 13423 1119 11063 first=(318,159) got=255,255,0 model=0,255,0
[PANVK_DEBUG_BLEND] rt=0 color_write_enables=0xff fmt=37 write_mask=0xf
[PANVK_DEBUG_BLENDFIX] blend_ptr.gpu=0x7aceec8440 bd_count=1 state.blend_descs[0]=0xed00000000019
[PANVK_DEBUG_VP] VkViewport: w=512.000000 h=512.000000 x=0.000000 y=0.000000
[PANVK_DEBUG_VP] computed scale: x=256.000000 y=256.000000
[PANVK_DEBUG_VP] computed offset: x=256.000000 y=256.000000
[PANVK_DEBUG_VSFAU] gpu=0x7aceec8450 count=12 bytes=96: 00 00 80 43 00 00 80 43 00 00 80 3f 00 00 80 43 00 00 80 43 00 00 00 00 48 a7 17 3f c3 cd 22 3f c4 0a 76 bf 17 70 5d bf 00 00 00 00 07 14 cc bf 58 48 de be e9 0d c8 be 0b 55 d0 bf dc 05 6d 3e 9e 1a b3 be 8e 31 a1 be 00 00 00 00 00 00 00 00 e4 38 8e 40 00 00 a0 40 00 00 00 c7 00 00 00 47
[PANVK_DEBUG_FSFAU] gpu=0x7aceec84b0 count=3 bytes=24: 00 00 00 00 00 00 00 00 00 00 00 00 00 00 00 00 19 00 00 00 00 d0 0e 00
[PANVK_DEBUG_TILERCTX] 192 byte Tiler Context desc: 00 00 00 00 00 00 00 00 ff 00 04 00 ff 01 ff 01 00 00 00 00 00 00 00 00 e0 84 ec ce 7a 00 00 00 00 00 00 00 00 00 00 00 00 00 00 00 00 00 00 00 00 00 00 00 00 00 00 00 00 00 00 00 00 00 00 00 00 00 00 00 00 00 00 00 00 00 00 00 00 00 00 00 00 00 00 00 00 00 00 00 00 00 00 00 00 00 00 00 00 00 00 00 00 00 00 00 00 00 00 00 00 00 00 00 00 00 00 00 00 00 00 00 00 00 00 00 00 00 00 00 00 00 00 00 00 00 00 00 00 00 00 00 00 00 00 00 00 00 00 00 00 00 00 00 00 00 00 00 00 00 00 00 00 00 00 00 00 00 00 00 00 00 00 00 00 00 00 00 00 00 00 00 00 00 00 00 00 00 00 00 00 00 00 00
[PANVK_DEBUG_TILERHEAP] 32 byte Tiler Heap desc: 29 03 00 00 00 00 00 08 00 00 80 33 78 00 00 00 00 00 80 33 78 00 00 00 00 00 80 3b 78 00 00 00
[PANVK_DEBUG_FLAGS1] sample_mask=0xffff render_target_mask=0x1 bound_attachments=0x101
[PANVK_DEBUG_DS] 32 byte Depth/stencil desc: 07 00 00 00 00 00 00 00 00 00 00 00 00 00 00 00 00 00 c0 e4 00 00 00 00 00 00 00 00 00 00 00 00
[PANVK_DEBUG_BLENDRAW] 16 byte Blend desc(s): 00 0a 00 00 22 21 12 f0 19 00 00 00 00 d0 0e 00
[PANVK_DEBUG_MVJ] sesudah pan_jc_add_job gpu=0x7aceec8600 header: type=11 (MALLOC_VERTEX == BENAR) index=1 dep1=0 dep2=0
[PANVK_DEBUG_MVJ] dump 384 byte job descriptor:
[PANVK_DEBUG_MVJ] +000: 00 00 00 00 00 00 00 00 00 00 00 00 00 00 00 00
[PANVK_DEBUG_MVJ] +016: 16 00 01 00 00 00 00 00 00 00 00 00 00 00 00 00
[PANVK_DEBUG_MVJ] +032: 08 80 07 00 00 00 00 00 00 00 00 00 24 00 00 00
[PANVK_DEBUG_MVJ] +048: 01 00 00 00 1c 00 0c 00 00 85 ec ce 7a 00 00 00
[PANVK_DEBUG_MVJ] +064: 00 00 00 00 00 00 00 00 00 00 00 00 00 00 00 00
[PANVK_DEBUG_MVJ] +080: 00 00 00 00 00 00 00 00 00 00 00 00 00 00 00 00
[PANVK_DEBUG_MVJ] +096: 00 00 00 00 00 00 00 00 00 00 00 00 ff 01 ff 01
[PANVK_DEBUG_MVJ] +112: 00 00 80 3f 00 00 00 00 00 00 00 00 00 00 00 00
[PANVK_DEBUG_MVJ] +128: 00 00 81 00 ff ff 01 00 01 00 00 00 00 00 00 00
[PANVK_DEBUG_MVJ] +144: 00 00 00 00 00 00 00 00 00 00 00 00 00 00 80 3f
[PANVK_DEBUG_MVJ] +160: 00 00 00 00 00 00 00 00 80 87 ec ce 7a 00 00 00
[PANVK_DEBUG_MVJ] +176: 41 84 ec ce 7a 00 00 00 00 00 00 00 00 00 00 00
[PANVK_DEBUG_MVJ] +192: 00 00 00 00 03 00 00 00 00 00 00 00 00 00 00 00
[PANVK_DEBUG_MVJ] +208: 00 00 00 00 00 00 00 00 00 00 00 00 00 00 00 00
[PANVK_DEBUG_MVJ] +224: 04 84 ec ce 7a 00 00 00 40 c1 ed ce 7a 00 00 00
[PANVK_DEBUG_MVJ] +240: 00 81 ec ce 7a 00 00 00 b0 84 ec ce 7a 00 00 00
[PANVK_DEBUG_MVJ] +256: 00 00 00 00 0c 00 00 00 00 00 00 00 00 00 00 00
[PANVK_DEBUG_MVJ] +272: 00 00 00 00 00 00 00 00 00 00 00 00 00 00 00 00
[PANVK_DEBUG_MVJ] +288: 84 83 ec ce 7a 00 00 00 c0 c0 ed ce 7a 00 00 00
[PANVK_DEBUG_MVJ] +304: 00 81 ec ce 7a 00 00 00 50 84 ec ce 7a 00 00 00
[PANVK_DEBUG_MVJ] +320: 00 00 00 00 0c 00 00 00 00 00 00 00 00 00 00 00
[PANVK_DEBUG_MVJ] +336: 00 00 00 00 00 00 00 00 00 00 00 00 00 00 00 00
[PANVK_DEBUG_MVJ] +352: 84 83 ec ce 7a 00 00 00 00 c1 ed ce 7a 00 00 00
[PANVK_DEBUG_MVJ] +368: 00 81 ec ce 7a 00 00 00 50 84 ec ce 7a 00 00 00
[PANVK_DEBUG_MVJ] jc state: first_job=0x7aceec8600 job_index=1 tiler_dep=1
[PANVK_DEBUG_RTFMT] rt=0 fmt=84 rt_count=1
[PANVK_DEBUG_FBD] gpu=0x7aceec8000 size=256\n[PANVK_DEBUG_FBD] +000: 00 00 00 00 00 00 00 00 00 00 00 00 00 00 00 00\n[PANVK_DEBUG_FBD] +016: 00 f0 41 d0 7a 00 00 00 00 00 00 00 00 00 00 00\n[PANVK_DEBUG_FBD] +032: ff 01 ff 01 00 00 00 00 ff 01 ff 01 80 50 00 01\n[PANVK_DEBUG_FBD] +048: 00 00 22 00 00 00 80 3f 00 85 ec ce 7a 00 00 00\n[PANVK_DEBUG_FBD] +064: 00 00 00 00 00 00 00 00 00 00 00 00 00 00 00 00\n[PANVK_DEBUG_FBD] +080: 00 00 00 00 00 00 00 00 00 00 00 00 00 00 00 00\n[PANVK_DEBUG_FBD] +096: 00 00 00 00 00 00 00 00 00 00 00 00 00 00 00 00\n[PANVK_DEBUG_FBD] +112: 00 00 00 00 00 00 00 00 00 00 00 00 00 00 00 00\n[PANVK_DEBUG_FBD] +128: 00 00 00 00 00 00 00 00 00 00 00 00 00 00 00 00\n[PANVK_DEBUG_FBD] +144: 00 00 00 00 00 00 00 00 00 00 00 00 00 00 00 00\n[PANVK_DEBUG_FBD] +160: 00 00 00 00 00 00 00 00 00 00 00 00 00 00 00 00\n[PANVK_DEBUG_FBD] +176: 00 00 00 00 00 00 00 00 00 00 00 00 00 00 00 00\n[PANVK_DEBUG_FBD] +192: 00 00 00 04 99 8d 88 86 01 28 00 00 00 00 00 00\n[PANVK_DEBUG_FBD] +208: 00 00 00 00 00 00 00 00 00 00 00 00 00 00 00 00\n[PANVK_DEBUG_FBD] +224: 00 c0 cf 2a 78 00 00 00 00 10 00 00 00 40 00 00\n[PANVK_DEBUG_FBD] +240: 20 20 28 ff 20 20 28 ff 20 20 28 ff 20 20 28 ff\n[PANVK_DEBUG_FBD] tagged_ptr=0x7aceec8003 stride=256
[PANVK_DEBUG_FRAGJOB] gpu=0x7aceec8800 size=64\n[PANVK_DEBUG_FRAGJOB] +000: 00 00 00 00 00 00 00 00 00 00 00 00 00 00 00 00\n[PANVK_DEBUG_FRAGJOB] +016: 12 00 01 00 00 00 00 00 00 00 00 00 00 00 00 00\n[PANVK_DEBUG_FRAGJOB] +032: 00 00 00 00 1f 00 1f 00 03 80 ec ce 7a 00 00 00\n[PANVK_DEBUG_FRAGJOB] +048: 00 00 00 00 00 00 00 00 00 00 00 00 00 00 00 00\n[PANVK_DEBUG_SUBMIT] vtc_jc ret=0
[PANVK_DEBUG_JOBSTATUS] vtc_jc job[0] type=11 index=1 dep1=0 dep2=0 next=0x0 exception_status=0x01 (DONE) first_incomplete_task=0 fault_pointer=0x0
[PANVK_DEBUG_JOBSTATUS] vtc_jc job[1] type=9 index=1 dep1=0 dep2=0 next=0x0 exception_status=0x00 (NOT_STARTED) first_incomplete_task=0 fault_pointer=0x0
[PANVK_DEBUG_HEAP] SESUDAH vtc_jc (vertex+tiler) bo->flags=0x2 dev=0x7833800000 size=134217728 host=0x7833800000 mincore=absent -- UNREADABLE (I/O error) => halaman belum ter-commit, tiler tidak menulis apa pun
[PANVK_DEBUG_SUBMIT] frag_jc ret=0
[PANVK_DEBUG_JOBSTATUS] frag_jc job[0] type=11 index=1 dep1=0 dep2=0 next=0x0 exception_status=0x01 (DONE) first_incomplete_task=0 fault_pointer=0x0
[PANVK_DEBUG_JOBSTATUS] frag_jc job[1] type=9 index=1 dep1=0 dep2=0 next=0x0 exception_status=0x01 (DONE) first_incomplete_task=0 fault_pointer=0x0
[PANVK_DEBUG_HEAP] SESUDAH frag_jc (fragment) bo->flags=0x2 dev=0x7833800000 size=134217728 host=0x7833800000 mincore=absent -- UNREADABLE (I/O error) => halaman belum ter-commit, tiler tidak menulis apa pun
[PANVK_DEBUG_SUBMIT] vtc_jc ret=0
[PANVK_DEBUG_JOBSTATUS] vtc_jc job[0] type=4 index=1 dep1=0 dep2=0 next=0x0 exception_status=0x01 (DONE) first_incomplete_task=0 fault_pointer=0x0
[PANVK_DEBUG_JOBSTATUS] vtc_jc job[1] type=4 index=1 dep1=0 dep2=0 next=0x0 exception_status=0x01 (DONE) first_incomplete_task=0 fault_pointer=0x0
[PANVK_DEBUG_HEAP] SESUDAH vtc_jc (vertex+tiler) bo->flags=0x2 dev=0x7833800000 size=134217728 host=0x7833800000 mincore=absent -- UNREADABLE (I/O error) => halaman belum ter-commit, tiler tidak menulis apa pun
CUBEFP frame=029 deg= 290.0 bad=39421 exact_diff=40165 edge=1842 edge_diff=916 faces[R C G M B Y]=0 11110 5959 14129 4415 14182 first=(302,148) got=255,255,0 model=0,255,0
[PANVK_DEBUG_BLEND] rt=0 color_write_enables=0xff fmt=37 write_mask=0xf
[PANVK_DEBUG_BLENDFIX] blend_ptr.gpu=0x7acedfd440 bd_count=1 state.blend_descs[0]=0xed00000000019
[PANVK_DEBUG_VP] VkViewport: w=512.000000 h=512.000000 x=0.000000 y=0.000000
[PANVK_DEBUG_VP] computed scale: x=256.000000 y=256.000000
[PANVK_DEBUG_VP] computed offset: x=256.000000 y=256.000000
[PANVK_DEBUG_VSFAU] gpu=0x7acedfd450 count=12 bytes=96: 00 00 80 43 00 00 80 43 00 00 80 3f 00 00 80 43 00 00 80 43 00 00 00 00 d7 b3 5d 3f 00 00 40 3f 55 55 55 bf 00 00 40 bf 00 00 00 00 00 00 c0 bf e4 38 0e bf 00 00 00 bf 00 00 c0 bf d7 b3 dd 3e 0c 56 f6 be d7 b3 dd be 00 00 00 00 00 00 00 00 e4 38 8e 40 00 00 a0 40 00 00 00 c7 00 00 00 47
[PANVK_DEBUG_FSFAU] gpu=0x7acedfd4b0 count=3 bytes=24: 00 00 00 00 00 00 00 00 00 00 00 00 00 00 00 00 19 00 00 00 00 d0 0e 00
[PANVK_DEBUG_TILERCTX] 192 byte Tiler Context desc: 00 00 00 00 00 00 00 00 ff 00 04 00 ff 01 ff 01 00 00 00 00 00 00 00 00 e0 d4 df ce 7a 00 00 00 00 00 00 00 00 00 00 00 00 00 00 00 00 00 00 00 00 00 00 00 00 00 00 00 00 00 00 00 00 00 00 00 00 00 00 00 00 00 00 00 00 00 00 00 00 00 00 00 00 00 00 00 00 00 00 00 00 00 00 00 00 00 00 00 00 00 00 00 00 00 00 00 00 00 00 00 00 00 00 00 00 00 00 00 00 00 00 00 00 00 00 00 00 00 00 00 00 00 00 00 00 00 00 00 00 00 00 00 00 00 00 00 00 00 00 00 00 00 00 00 00 00 00 00 00 00 00 00 00 00 00 00 00 00 00 00 00 00 00 00 00 00 00 00 00 00 00 00 00 00 00 00 00 00 00 00 00 00 00 00
[PANVK_DEBUG_TILERHEAP] 32 byte Tiler Heap desc: 29 03 00 00 00 00 00 08 00 00 80 33 78 00 00 00 00 00 80 33 78 00 00 00 00 00 80 3b 78 00 00 00
[PANVK_DEBUG_FLAGS1] sample_mask=0xffff render_target_mask=0x1 bound_attachments=0x101
[PANVK_DEBUG_DS] 32 byte Depth/stencil desc: 07 00 00 00 00 00 00 00 00 00 00 00 00 00 00 00 00 00 c0 e4 00 00 00 00 00 00 00 00 00 00 00 00
[PANVK_DEBUG_BLENDRAW] 16 byte Blend desc(s): 00 0a 00 00 22 21 12 f0 19 00 00 00 00 d0 0e 00
[PANVK_DEBUG_MVJ] sesudah pan_jc_add_job gpu=0x7acedfd600 header: type=11 (MALLOC_VERTEX == BENAR) index=1 dep1=0 dep2=0
[PANVK_DEBUG_MVJ] dump 384 byte job descriptor:
[PANVK_DEBUG_MVJ] +000: 00 00 00 00 00 00 00 00 00 00 00 00 00 00 00 00
[PANVK_DEBUG_MVJ] +016: 16 00 01 00 00 00 00 00 00 00 00 00 00 00 00 00
[PANVK_DEBUG_MVJ] +032: 08 80 07 00 00 00 00 00 00 00 00 00 24 00 00 00
[PANVK_DEBUG_MVJ] +048: 01 00 00 00 1c 00 0c 00 00 d5 df ce 7a 00 00 00
[PANVK_DEBUG_MVJ] +064: 00 00 00 00 00 00 00 00 00 00 00 00 00 00 00 00
[PANVK_DEBUG_MVJ] +080: 00 00 00 00 00 00 00 00 00 00 00 00 00 00 00 00
[PANVK_DEBUG_MVJ] +096: 00 00 00 00 00 00 00 00 00 00 00 00 ff 01 ff 01
[PANVK_DEBUG_MVJ] +112: 00 00 80 3f 00 00 00 00 00 00 00 00 00 00 00 00
[PANVK_DEBUG_MVJ] +128: 00 00 81 00 ff ff 01 00 01 00 00 00 00 00 00 00
[PANVK_DEBUG_MVJ] +144: 00 00 00 00 00 00 00 00 00 00 00 00 00 00 80 3f
[PANVK_DEBUG_MVJ] +160: 00 00 00 00 00 00 00 00 80 d7 df ce 7a 00 00 00
[PANVK_DEBUG_MVJ] +176: 41 d4 df ce 7a 00 00 00 00 00 00 00 00 00 00 00
[PANVK_DEBUG_MVJ] +192: 00 00 00 00 03 00 00 00 00 00 00 00 00 00 00 00
[PANVK_DEBUG_MVJ] +208: 00 00 00 00 00 00 00 00 00 00 00 00 00 00 00 00
[PANVK_DEBUG_MVJ] +224: 04 d4 df ce 7a 00 00 00 40 c1 ed ce 7a 00 00 00
[PANVK_DEBUG_MVJ] +240: 00 d1 df ce 7a 00 00 00 b0 d4 df ce 7a 00 00 00
[PANVK_DEBUG_MVJ] +256: 00 00 00 00 0c 00 00 00 00 00 00 00 00 00 00 00
[PANVK_DEBUG_MVJ] +272: 00 00 00 00 00 00 00 00 00 00 00 00 00 00 00 00
[PANVK_DEBUG_MVJ] +288: 84 d3 df ce 7a 00 00 00 c0 c0 ed ce 7a 00 00 00
[PANVK_DEBUG_MVJ] +304: 00 d1 df ce 7a 00 00 00 50 d4 df ce 7a 00 00 00
[PANVK_DEBUG_MVJ] +320: 00 00 00 00 0c 00 00 00 00 00 00 00 00 00 00 00
[PANVK_DEBUG_MVJ] +336: 00 00 00 00 00 00 00 00 00 00 00 00 00 00 00 00
[PANVK_DEBUG_MVJ] +352: 84 d3 df ce 7a 00 00 00 00 c1 ed ce 7a 00 00 00
[PANVK_DEBUG_MVJ] +368: 00 d1 df ce 7a 00 00 00 50 d4 df ce 7a 00 00 00
[PANVK_DEBUG_MVJ] jc state: first_job=0x7acedfd600 job_index=1 tiler_dep=1
[PANVK_DEBUG_RTFMT] rt=0 fmt=84 rt_count=1
[PANVK_DEBUG_FBD] gpu=0x7acedfd000 size=256\n[PANVK_DEBUG_FBD] +000: 00 00 00 00 00 00 00 00 00 00 00 00 00 00 00 00\n[PANVK_DEBUG_FBD] +016: 00 f0 41 d0 7a 00 00 00 00 00 00 00 00 00 00 00\n[PANVK_DEBUG_FBD] +032: ff 01 ff 01 00 00 00 00 ff 01 ff 01 80 50 00 01\n[PANVK_DEBUG_FBD] +048: 00 00 22 00 00 00 80 3f 00 d5 df ce 7a 00 00 00\n[PANVK_DEBUG_FBD] +064: 00 00 00 00 00 00 00 00 00 00 00 00 00 00 00 00\n[PANVK_DEBUG_FBD] +080: 00 00 00 00 00 00 00 00 00 00 00 00 00 00 00 00\n[PANVK_DEBUG_FBD] +096: 00 00 00 00 00 00 00 00 00 00 00 00 00 00 00 00\n[PANVK_DEBUG_FBD] +112: 00 00 00 00 00 00 00 00 00 00 00 00 00 00 00 00\n[PANVK_DEBUG_FBD] +128: 00 00 00 00 00 00 00 00 00 00 00 00 00 00 00 00\n[PANVK_DEBUG_FBD] +144: 00 00 00 00 00 00 00 00 00 00 00 00 00 00 00 00\n[PANVK_DEBUG_FBD] +160: 00 00 00 00 00 00 00 00 00 00 00 00 00 00 00 00\n[PANVK_DEBUG_FBD] +176: 00 00 00 00 00 00 00 00 00 00 00 00 00 00 00 00\n[PANVK_DEBUG_FBD] +192: 00 00 00 04 99 8d 88 86 01 28 00 00 00 00 00 00\n[PANVK_DEBUG_FBD] +208: 00 00 00 00 00 00 00 00 00 00 00 00 00 00 00 00\n[PANVK_DEBUG_FBD] +224: 00 c0 cf 2a 78 00 00 00 00 10 00 00 00 40 00 00\n[PANVK_DEBUG_FBD] +240: 20 20 28 ff 20 20 28 ff 20 20 28 ff 20 20 28 ff\n[PANVK_DEBUG_FBD] tagged_ptr=0x7acedfd003 stride=256
[PANVK_DEBUG_FRAGJOB] gpu=0x7acedfd800 size=64\n[PANVK_DEBUG_FRAGJOB] +000: 00 00 00 00 00 00 00 00 00 00 00 00 00 00 00 00\n[PANVK_DEBUG_FRAGJOB] +016: 12 00 01 00 00 00 00 00 00 00 00 00 00 00 00 00\n[PANVK_DEBUG_FRAGJOB] +032: 00 00 00 00 1f 00 1f 00 03 d0 df ce 7a 00 00 00\n[PANVK_DEBUG_FRAGJOB] +048: 00 00 00 00 00 00 00 00 00 00 00 00 00 00 00 00\n[PANVK_DEBUG_SUBMIT] vtc_jc ret=0
[PANVK_DEBUG_JOBSTATUS] vtc_jc job[0] type=11 index=1 dep1=0 dep2=0 next=0x0 exception_status=0x01 (DONE) first_incomplete_task=0 fault_pointer=0x0
[PANVK_DEBUG_JOBSTATUS] vtc_jc job[1] type=9 index=1 dep1=0 dep2=0 next=0x0 exception_status=0x00 (NOT_STARTED) first_incomplete_task=0 fault_pointer=0x0
[PANVK_DEBUG_HEAP] SESUDAH vtc_jc (vertex+tiler) bo->flags=0x2 dev=0x7833800000 size=134217728 host=0x7833800000 mincore=absent -- UNREADABLE (I/O error) => halaman belum ter-commit, tiler tidak menulis apa pun
[PANVK_DEBUG_SUBMIT] frag_jc ret=0
[PANVK_DEBUG_JOBSTATUS] frag_jc job[0] type=11 index=1 dep1=0 dep2=0 next=0x0 exception_status=0x01 (DONE) first_incomplete_task=0 fault_pointer=0x0
[PANVK_DEBUG_JOBSTATUS] frag_jc job[1] type=9 index=1 dep1=0 dep2=0 next=0x0 exception_status=0x01 (DONE) first_incomplete_task=0 fault_pointer=0x0
[PANVK_DEBUG_HEAP] SESUDAH frag_jc (fragment) bo->flags=0x2 dev=0x7833800000 size=134217728 host=0x7833800000 mincore=absent -- UNREADABLE (I/O error) => halaman belum ter-commit, tiler tidak menulis apa pun
[PANVK_DEBUG_SUBMIT] vtc_jc ret=0
[PANVK_DEBUG_JOBSTATUS] vtc_jc job[0] type=4 index=1 dep1=0 dep2=0 next=0x0 exception_status=0x01 (DONE) first_incomplete_task=0 fault_pointer=0x0
[PANVK_DEBUG_JOBSTATUS] vtc_jc job[1] type=4 index=1 dep1=0 dep2=0 next=0x0 exception_status=0x01 (DONE) first_incomplete_task=0 fault_pointer=0x0
[PANVK_DEBUG_HEAP] SESUDAH vtc_jc (vertex+tiler) bo->flags=0x2 dev=0x7833800000 size=134217728 host=0x7833800000 mincore=absent -- UNREADABLE (I/O error) => halaman belum ter-commit, tiler tidak menulis apa pun
CUBEFP frame=030 deg= 300.0 bad=33512 exact_diff=34197 edge=1799 edge_diff=907 faces[R C G M B Y]=0 3977 9099 13375 10054 16160 first=(285,136) got=255,255,0 model=0,255,0
[PANVK_DEBUG_BLEND] rt=0 color_write_enables=0xff fmt=37 write_mask=0xf
[PANVK_DEBUG_BLENDFIX] blend_ptr.gpu=0x7aceec8440 bd_count=1 state.blend_descs[0]=0xed00000000019
[PANVK_DEBUG_VP] VkViewport: w=512.000000 h=512.000000 x=0.000000 y=0.000000
[PANVK_DEBUG_VP] computed scale: x=256.000000 y=256.000000
[PANVK_DEBUG_VP] computed offset: x=256.000000 y=256.000000
[PANVK_DEBUG_VSFAU] gpu=0x7aceec8450 count=12 bytes=96: 00 00 80 43 00 00 80 43 00 00 80 3f 00 00 80 43 00 00 80 43 00 00 00 00 f4 81 8e 3f d2 6a 4c 3f 36 05 2e bf 4a 9e 1c bf 00 00 00 00 3b 0f b1 bf d5 2e 2b bf 8d 10 1a bf 7f d5 a9 bf c6 86 2b 3f 3a 05 12 bf 1a 6b 03 bf 00 00 00 00 00 00 00 00 e4 38 8e 40 00 00 a0 40 00 00 00 c7 00 00 00 47
[PANVK_DEBUG_FSFAU] gpu=0x7aceec84b0 count=3 bytes=24: 00 00 00 00 00 00 00 00 00 00 00 00 00 00 00 00 19 00 00 00 00 d0 0e 00
[PANVK_DEBUG_TILERCTX] 192 byte Tiler Context desc: 00 00 00 00 00 00 00 00 ff 00 04 00 ff 01 ff 01 00 00 00 00 00 00 00 00 e0 84 ec ce 7a 00 00 00 00 00 00 00 00 00 00 00 00 00 00 00 00 00 00 00 00 00 00 00 00 00 00 00 00 00 00 00 00 00 00 00 00 00 00 00 00 00 00 00 00 00 00 00 00 00 00 00 00 00 00 00 00 00 00 00 00 00 00 00 00 00 00 00 00 00 00 00 00 00 00 00 00 00 00 00 00 00 00 00 00 00 00 00 00 00 00 00 00 00 00 00 00 00 00 00 00 00 00 00 00 00 00 00 00 00 00 00 00 00 00 00 00 00 00 00 00 00 00 00 00 00 00 00 00 00 00 00 00 00 00 00 00 00 00 00 00 00 00 00 00 00 00 00 00 00 00 00 00 00 00 00 00 00 00 00 00 00 00 00
[PANVK_DEBUG_TILERHEAP] 32 byte Tiler Heap desc: 29 03 00 00 00 00 00 08 00 00 80 33 78 00 00 00 00 00 80 33 78 00 00 00 00 00 80 3b 78 00 00 00
[PANVK_DEBUG_FLAGS1] sample_mask=0xffff render_target_mask=0x1 bound_attachments=0x101
[PANVK_DEBUG_DS] 32 byte Depth/stencil desc: 07 00 00 00 00 00 00 00 00 00 00 00 00 00 00 00 00 00 c0 e4 00 00 00 00 00 00 00 00 00 00 00 00
[PANVK_DEBUG_BLENDRAW] 16 byte Blend desc(s): 00 0a 00 00 22 21 12 f0 19 00 00 00 00 d0 0e 00
[PANVK_DEBUG_MVJ] sesudah pan_jc_add_job gpu=0x7aceec8600 header: type=11 (MALLOC_VERTEX == BENAR) index=1 dep1=0 dep2=0
[PANVK_DEBUG_MVJ] dump 384 byte job descriptor:
[PANVK_DEBUG_MVJ] +000: 00 00 00 00 00 00 00 00 00 00 00 00 00 00 00 00
[PANVK_DEBUG_MVJ] +016: 16 00 01 00 00 00 00 00 00 00 00 00 00 00 00 00
[PANVK_DEBUG_MVJ] +032: 08 80 07 00 00 00 00 00 00 00 00 00 24 00 00 00
[PANVK_DEBUG_MVJ] +048: 01 00 00 00 1c 00 0c 00 00 85 ec ce 7a 00 00 00
[PANVK_DEBUG_MVJ] +064: 00 00 00 00 00 00 00 00 00 00 00 00 00 00 00 00
[PANVK_DEBUG_MVJ] +080: 00 00 00 00 00 00 00 00 00 00 00 00 00 00 00 00
[PANVK_DEBUG_MVJ] +096: 00 00 00 00 00 00 00 00 00 00 00 00 ff 01 ff 01
[PANVK_DEBUG_MVJ] +112: 00 00 80 3f 00 00 00 00 00 00 00 00 00 00 00 00
[PANVK_DEBUG_MVJ] +128: 00 00 81 00 ff ff 01 00 01 00 00 00 00 00 00 00
[PANVK_DEBUG_MVJ] +144: 00 00 00 00 00 00 00 00 00 00 00 00 00 00 80 3f
[PANVK_DEBUG_MVJ] +160: 00 00 00 00 00 00 00 00 80 87 ec ce 7a 00 00 00
[PANVK_DEBUG_MVJ] +176: 41 84 ec ce 7a 00 00 00 00 00 00 00 00 00 00 00
[PANVK_DEBUG_MVJ] +192: 00 00 00 00 03 00 00 00 00 00 00 00 00 00 00 00
[PANVK_DEBUG_MVJ] +208: 00 00 00 00 00 00 00 00 00 00 00 00 00 00 00 00
[PANVK_DEBUG_MVJ] +224: 04 84 ec ce 7a 00 00 00 40 c1 ed ce 7a 00 00 00
[PANVK_DEBUG_MVJ] +240: 00 81 ec ce 7a 00 00 00 b0 84 ec ce 7a 00 00 00
[PANVK_DEBUG_MVJ] +256: 00 00 00 00 0c 00 00 00 00 00 00 00 00 00 00 00
[PANVK_DEBUG_MVJ] +272: 00 00 00 00 00 00 00 00 00 00 00 00 00 00 00 00
[PANVK_DEBUG_MVJ] +288: 84 83 ec ce 7a 00 00 00 c0 c0 ed ce 7a 00 00 00
[PANVK_DEBUG_MVJ] +304: 00 81 ec ce 7a 00 00 00 50 84 ec ce 7a 00 00 00
[PANVK_DEBUG_MVJ] +320: 00 00 00 00 0c 00 00 00 00 00 00 00 00 00 00 00
[PANVK_DEBUG_MVJ] +336: 00 00 00 00 00 00 00 00 00 00 00 00 00 00 00 00
[PANVK_DEBUG_MVJ] +352: 84 83 ec ce 7a 00 00 00 00 c1 ed ce 7a 00 00 00
[PANVK_DEBUG_MVJ] +368: 00 81 ec ce 7a 00 00 00 50 84 ec ce 7a 00 00 00
[PANVK_DEBUG_MVJ] jc state: first_job=0x7aceec8600 job_index=1 tiler_dep=1
[PANVK_DEBUG_RTFMT] rt=0 fmt=84 rt_count=1
[PANVK_DEBUG_FBD] gpu=0x7aceec8000 size=256\n[PANVK_DEBUG_FBD] +000: 00 00 00 00 00 00 00 00 00 00 00 00 00 00 00 00\n[PANVK_DEBUG_FBD] +016: 00 f0 41 d0 7a 00 00 00 00 00 00 00 00 00 00 00\n[PANVK_DEBUG_FBD] +032: ff 01 ff 01 00 00 00 00 ff 01 ff 01 80 50 00 01\n[PANVK_DEBUG_FBD] +048: 00 00 22 00 00 00 80 3f 00 85 ec ce 7a 00 00 00\n[PANVK_DEBUG_FBD] +064: 00 00 00 00 00 00 00 00 00 00 00 00 00 00 00 00\n[PANVK_DEBUG_FBD] +080: 00 00 00 00 00 00 00 00 00 00 00 00 00 00 00 00\n[PANVK_DEBUG_FBD] +096: 00 00 00 00 00 00 00 00 00 00 00 00 00 00 00 00\n[PANVK_DEBUG_FBD] +112: 00 00 00 00 00 00 00 00 00 00 00 00 00 00 00 00\n[PANVK_DEBUG_FBD] +128: 00 00 00 00 00 00 00 00 00 00 00 00 00 00 00 00\n[PANVK_DEBUG_FBD] +144: 00 00 00 00 00 00 00 00 00 00 00 00 00 00 00 00\n[PANVK_DEBUG_FBD] +160: 00 00 00 00 00 00 00 00 00 00 00 00 00 00 00 00\n[PANVK_DEBUG_FBD] +176: 00 00 00 00 00 00 00 00 00 00 00 00 00 00 00 00\n[PANVK_DEBUG_FBD] +192: 00 00 00 04 99 8d 88 86 01 28 00 00 00 00 00 00\n[PANVK_DEBUG_FBD] +208: 00 00 00 00 00 00 00 00 00 00 00 00 00 00 00 00\n[PANVK_DEBUG_FBD] +224: 00 c0 cf 2a 78 00 00 00 00 10 00 00 00 40 00 00\n[PANVK_DEBUG_FBD] +240: 20 20 28 ff 20 20 28 ff 20 20 28 ff 20 20 28 ff\n[PANVK_DEBUG_FBD] tagged_ptr=0x7aceec8003 stride=256
[PANVK_DEBUG_FRAGJOB] gpu=0x7aceec8800 size=64\n[PANVK_DEBUG_FRAGJOB] +000: 00 00 00 00 00 00 00 00 00 00 00 00 00 00 00 00\n[PANVK_DEBUG_FRAGJOB] +016: 12 00 01 00 00 00 00 00 00 00 00 00 00 00 00 00\n[PANVK_DEBUG_FRAGJOB] +032: 00 00 00 00 1f 00 1f 00 03 80 ec ce 7a 00 00 00\n[PANVK_DEBUG_FRAGJOB] +048: 00 00 00 00 00 00 00 00 00 00 00 00 00 00 00 00\n[PANVK_DEBUG_SUBMIT] vtc_jc ret=0
[PANVK_DEBUG_JOBSTATUS] vtc_jc job[0] type=11 index=1 dep1=0 dep2=0 next=0x0 exception_status=0x01 (DONE) first_incomplete_task=0 fault_pointer=0x0
[PANVK_DEBUG_JOBSTATUS] vtc_jc job[1] type=9 index=1 dep1=0 dep2=0 next=0x0 exception_status=0x00 (NOT_STARTED) first_incomplete_task=0 fault_pointer=0x0
[PANVK_DEBUG_HEAP] SESUDAH vtc_jc (vertex+tiler) bo->flags=0x2 dev=0x7833800000 size=134217728 host=0x7833800000 mincore=absent -- UNREADABLE (I/O error) => halaman belum ter-commit, tiler tidak menulis apa pun
[PANVK_DEBUG_SUBMIT] frag_jc ret=0
[PANVK_DEBUG_JOBSTATUS] frag_jc job[0] type=11 index=1 dep1=0 dep2=0 next=0x0 exception_status=0x01 (DONE) first_incomplete_task=0 fault_pointer=0x0
[PANVK_DEBUG_JOBSTATUS] frag_jc job[1] type=9 index=1 dep1=0 dep2=0 next=0x0 exception_status=0x01 (DONE) first_incomplete_task=0 fault_pointer=0x0
[PANVK_DEBUG_HEAP] SESUDAH frag_jc (fragment) bo->flags=0x2 dev=0x7833800000 size=134217728 host=0x7833800000 mincore=absent -- UNREADABLE (I/O error) => halaman belum ter-commit, tiler tidak menulis apa pun
[PANVK_DEBUG_SUBMIT] vtc_jc ret=0
[PANVK_DEBUG_JOBSTATUS] vtc_jc job[0] type=4 index=1 dep1=0 dep2=0 next=0x0 exception_status=0x01 (DONE) first_incomplete_task=0 fault_pointer=0x0
[PANVK_DEBUG_JOBSTATUS] vtc_jc job[1] type=4 index=1 dep1=0 dep2=0 next=0x0 exception_status=0x01 (DONE) first_incomplete_task=0 fault_pointer=0x0
[PANVK_DEBUG_HEAP] SESUDAH vtc_jc (vertex+tiler) bo->flags=0x2 dev=0x7833800000 size=134217728 host=0x7833800000 mincore=absent -- UNREADABLE (I/O error) => halaman belum ter-commit, tiler tidak menulis apa pun
CUBEFP frame=031 deg= 310.0 bad=28481 exact_diff=29097 edge=1788 edge_diff=963 faces[R C G M B Y]=0 46 10965 11145 14313 17290 first=(266,125) got=255,255,0 model=0,255,0
[PANVK_DEBUG_BLEND] rt=0 color_write_enables=0xff fmt=37 write_mask=0xf
[PANVK_DEBUG_BLENDFIX] blend_ptr.gpu=0x7acedfd440 bd_count=1 state.blend_descs[0]=0xed00000000019
[PANVK_DEBUG_VP] VkViewport: w=512.000000 h=512.000000 x=0.000000 y=0.000000
[PANVK_DEBUG_VP] computed scale: x=256.000000 y=256.000000
[PANVK_DEBUG_VP] computed offset: x=256.000000 y=256.000000
[PANVK_DEBUG_VSFAU] gpu=0x7acedfd450 count=12 bytes=96: 00 00 80 43 00 00 80 43 00 00 80 3f 00 00 80 43 00 00 80 43 00 00 00 00 7f d5 a9 3f fc fc 45 3f ae 85 03 bf 6d bd ec be 00 00 00 00 bc 7a 9f bf 7b 97 45 bf 22 d5 31 bf f4 81 8e bf 04 f4 6b 3f f7 bd 1c bf 5e 11 0d bf 00 00 00 00 00 00 00 00 e4 38 8e 40 00 00 a0 40 00 00 00 c7 00 00 00 47
[PANVK_DEBUG_FSFAU] gpu=0x7acedfd4b0 count=3 bytes=24: 00 00 00 00 00 00 00 00 00 00 00 00 00 00 00 00 19 00 00 00 00 d0 0e 00
[PANVK_DEBUG_TILERCTX] 192 byte Tiler Context desc: 00 00 00 00 00 00 00 00 ff 00 04 00 ff 01 ff 01 00 00 00 00 00 00 00 00 e0 d4 df ce 7a 00 00 00 00 00 00 00 00 00 00 00 00 00 00 00 00 00 00 00 00 00 00 00 00 00 00 00 00 00 00 00 00 00 00 00 00 00 00 00 00 00 00 00 00 00 00 00 00 00 00 00 00 00 00 00 00 00 00 00 00 00 00 00 00 00 00 00 00 00 00 00 00 00 00 00 00 00 00 00 00 00 00 00 00 00 00 00 00 00 00 00 00 00 00 00 00 00 00 00 00 00 00 00 00 00 00 00 00 00 00 00 00 00 00 00 00 00 00 00 00 00 00 00 00 00 00 00 00 00 00 00 00 00 00 00 00 00 00 00 00 00 00 00 00 00 00 00 00 00 00 00 00 00 00 00 00 00 00 00 00 00 00 00
[PANVK_DEBUG_TILERHEAP] 32 byte Tiler Heap desc: 29 03 00 00 00 00 00 08 00 00 80 33 78 00 00 00 00 00 80 33 78 00 00 00 00 00 80 3b 78 00 00 00
[PANVK_DEBUG_FLAGS1] sample_mask=0xffff render_target_mask=0x1 bound_attachments=0x101
[PANVK_DEBUG_DS] 32 byte Depth/stencil desc: 07 00 00 00 00 00 00 00 00 00 00 00 00 00 00 00 00 00 c0 e4 00 00 00 00 00 00 00 00 00 00 00 00
[PANVK_DEBUG_BLENDRAW] 16 byte Blend desc(s): 00 0a 00 00 22 21 12 f0 19 00 00 00 00 d0 0e 00
[PANVK_DEBUG_MVJ] sesudah pan_jc_add_job gpu=0x7acedfd600 header: type=11 (MALLOC_VERTEX == BENAR) index=1 dep1=0 dep2=0
[PANVK_DEBUG_MVJ] dump 384 byte job descriptor:
[PANVK_DEBUG_MVJ] +000: 00 00 00 00 00 00 00 00 00 00 00 00 00 00 00 00
[PANVK_DEBUG_MVJ] +016: 16 00 01 00 00 00 00 00 00 00 00 00 00 00 00 00
[PANVK_DEBUG_MVJ] +032: 08 80 07 00 00 00 00 00 00 00 00 00 24 00 00 00
[PANVK_DEBUG_MVJ] +048: 01 00 00 00 1c 00 0c 00 00 d5 df ce 7a 00 00 00
[PANVK_DEBUG_MVJ] +064: 00 00 00 00 00 00 00 00 00 00 00 00 00 00 00 00
[PANVK_DEBUG_MVJ] +080: 00 00 00 00 00 00 00 00 00 00 00 00 00 00 00 00
[PANVK_DEBUG_MVJ] +096: 00 00 00 00 00 00 00 00 00 00 00 00 ff 01 ff 01
[PANVK_DEBUG_MVJ] +112: 00 00 80 3f 00 00 00 00 00 00 00 00 00 00 00 00
[PANVK_DEBUG_MVJ] +128: 00 00 81 00 ff ff 01 00 01 00 00 00 00 00 00 00
[PANVK_DEBUG_MVJ] +144: 00 00 00 00 00 00 00 00 00 00 00 00 00 00 80 3f
[PANVK_DEBUG_MVJ] +160: 00 00 00 00 00 00 00 00 80 d7 df ce 7a 00 00 00
[PANVK_DEBUG_MVJ] +176: 41 d4 df ce 7a 00 00 00 00 00 00 00 00 00 00 00
[PANVK_DEBUG_MVJ] +192: 00 00 00 00 03 00 00 00 00 00 00 00 00 00 00 00
[PANVK_DEBUG_MVJ] +208: 00 00 00 00 00 00 00 00 00 00 00 00 00 00 00 00
[PANVK_DEBUG_MVJ] +224: 04 d4 df ce 7a 00 00 00 40 c1 ed ce 7a 00 00 00
[PANVK_DEBUG_MVJ] +240: 00 d1 df ce 7a 00 00 00 b0 d4 df ce 7a 00 00 00
[PANVK_DEBUG_MVJ] +256: 00 00 00 00 0c 00 00 00 00 00 00 00 00 00 00 00
[PANVK_DEBUG_MVJ] +272: 00 00 00 00 00 00 00 00 00 00 00 00 00 00 00 00
[PANVK_DEBUG_MVJ] +288: 84 d3 df ce 7a 00 00 00 c0 c0 ed ce 7a 00 00 00
[PANVK_DEBUG_MVJ] +304: 00 d1 df ce 7a 00 00 00 50 d4 df ce 7a 00 00 00
[PANVK_DEBUG_MVJ] +320: 00 00 00 00 0c 00 00 00 00 00 00 00 00 00 00 00
[PANVK_DEBUG_MVJ] +336: 00 00 00 00 00 00 00 00 00 00 00 00 00 00 00 00
[PANVK_DEBUG_MVJ] +352: 84 d3 df ce 7a 00 00 00 00 c1 ed ce 7a 00 00 00
[PANVK_DEBUG_MVJ] +368: 00 d1 df ce 7a 00 00 00 50 d4 df ce 7a 00 00 00
[PANVK_DEBUG_MVJ] jc state: first_job=0x7acedfd600 job_index=1 tiler_dep=1
[PANVK_DEBUG_RTFMT] rt=0 fmt=84 rt_count=1
[PANVK_DEBUG_FBD] gpu=0x7acedfd000 size=256\n[PANVK_DEBUG_FBD] +000: 00 00 00 00 00 00 00 00 00 00 00 00 00 00 00 00\n[PANVK_DEBUG_FBD] +016: 00 f0 41 d0 7a 00 00 00 00 00 00 00 00 00 00 00\n[PANVK_DEBUG_FBD] +032: ff 01 ff 01 00 00 00 00 ff 01 ff 01 80 50 00 01\n[PANVK_DEBUG_FBD] +048: 00 00 22 00 00 00 80 3f 00 d5 df ce 7a 00 00 00\n[PANVK_DEBUG_FBD] +064: 00 00 00 00 00 00 00 00 00 00 00 00 00 00 00 00\n[PANVK_DEBUG_FBD] +080: 00 00 00 00 00 00 00 00 00 00 00 00 00 00 00 00\n[PANVK_DEBUG_FBD] +096: 00 00 00 00 00 00 00 00 00 00 00 00 00 00 00 00\n[PANVK_DEBUG_FBD] +112: 00 00 00 00 00 00 00 00 00 00 00 00 00 00 00 00\n[PANVK_DEBUG_FBD] +128: 00 00 00 00 00 00 00 00 00 00 00 00 00 00 00 00\n[PANVK_DEBUG_FBD] +144: 00 00 00 00 00 00 00 00 00 00 00 00 00 00 00 00\n[PANVK_DEBUG_FBD] +160: 00 00 00 00 00 00 00 00 00 00 00 00 00 00 00 00\n[PANVK_DEBUG_FBD] +176: 00 00 00 00 00 00 00 00 00 00 00 00 00 00 00 00\n[PANVK_DEBUG_FBD] +192: 00 00 00 04 99 8d 88 86 01 28 00 00 00 00 00 00\n[PANVK_DEBUG_FBD] +208: 00 00 00 00 00 00 00 00 00 00 00 00 00 00 00 00\n[PANVK_DEBUG_FBD] +224: 00 c0 cf 2a 78 00 00 00 00 10 00 00 00 40 00 00\n[PANVK_DEBUG_FBD] +240: 20 20 28 ff 20 20 28 ff 20 20 28 ff 20 20 28 ff\n[PANVK_DEBUG_FBD] tagged_ptr=0x7acedfd003 stride=256
[PANVK_DEBUG_FRAGJOB] gpu=0x7acedfd800 size=64\n[PANVK_DEBUG_FRAGJOB] +000: 00 00 00 00 00 00 00 00 00 00 00 00 00 00 00 00\n[PANVK_DEBUG_FRAGJOB] +016: 12 00 01 00 00 00 00 00 00 00 00 00 00 00 00 00\n[PANVK_DEBUG_FRAGJOB] +032: 00 00 00 00 1f 00 1f 00 03 d0 df ce 7a 00 00 00\n[PANVK_DEBUG_FRAGJOB] +048: 00 00 00 00 00 00 00 00 00 00 00 00 00 00 00 00\n[PANVK_DEBUG_SUBMIT] vtc_jc ret=0
[PANVK_DEBUG_JOBSTATUS] vtc_jc job[0] type=11 index=1 dep1=0 dep2=0 next=0x0 exception_status=0x01 (DONE) first_incomplete_task=0 fault_pointer=0x0
[PANVK_DEBUG_JOBSTATUS] vtc_jc job[1] type=9 index=1 dep1=0 dep2=0 next=0x0 exception_status=0x00 (NOT_STARTED) first_incomplete_task=0 fault_pointer=0x0
[PANVK_DEBUG_HEAP] SESUDAH vtc_jc (vertex+tiler) bo->flags=0x2 dev=0x7833800000 size=134217728 host=0x7833800000 mincore=absent -- UNREADABLE (I/O error) => halaman belum ter-commit, tiler tidak menulis apa pun
[PANVK_DEBUG_SUBMIT] frag_jc ret=0
[PANVK_DEBUG_JOBSTATUS] frag_jc job[0] type=11 index=1 dep1=0 dep2=0 next=0x0 exception_status=0x01 (DONE) first_incomplete_task=0 fault_pointer=0x0
[PANVK_DEBUG_JOBSTATUS] frag_jc job[1] type=9 index=1 dep1=0 dep2=0 next=0x0 exception_status=0x01 (DONE) first_incomplete_task=0 fault_pointer=0x0
[PANVK_DEBUG_HEAP] SESUDAH frag_jc (fragment) bo->flags=0x2 dev=0x7833800000 size=134217728 host=0x7833800000 mincore=absent -- UNREADABLE (I/O error) => halaman belum ter-commit, tiler tidak menulis apa pun
[PANVK_DEBUG_SUBMIT] vtc_jc ret=0
[PANVK_DEBUG_JOBSTATUS] vtc_jc job[0] type=4 index=1 dep1=0 dep2=0 next=0x0 exception_status=0x01 (DONE) first_incomplete_task=0 fault_pointer=0x0
[PANVK_DEBUG_JOBSTATUS] vtc_jc job[1] type=4 index=1 dep1=0 dep2=0 next=0x0 exception_status=0x01 (DONE) first_incomplete_task=0 fault_pointer=0x0
[PANVK_DEBUG_HEAP] SESUDAH vtc_jc (vertex+tiler) bo->flags=0x2 dev=0x7833800000 size=134217728 host=0x7833800000 mincore=absent -- UNREADABLE (I/O error) => halaman belum ter-commit, tiler tidak menulis apa pun
CUBEFP frame=032 deg= 320.0 bad=26268 exact_diff=27023 edge=1788 edge_diff=812 faces[R C G M B Y]=0 0 10606 8606 16418 17662 first=(246,115) got=255,255,0 model=0,255,0
[PANVK_DEBUG_BLEND] rt=0 color_write_enables=0xff fmt=37 write_mask=0xf
[PANVK_DEBUG_BLENDFIX] blend_ptr.gpu=0x7aceec8440 bd_count=1 state.blend_descs[0]=0xed00000000019
[PANVK_DEBUG_VP] VkViewport: w=512.000000 h=512.000000 x=0.000000 y=0.000000
[PANVK_DEBUG_VP] computed scale: x=256.000000 y=256.000000
[PANVK_DEBUG_VP] computed offset: x=256.000000 y=256.000000
[PANVK_DEBUG_VSFAU] gpu=0x7aceec8450 count=12 bytes=96: 00 00 80 43 00 00 80 43 00 00 80 3f 00 00 80 43 00 00 80 43 00 00 00 00 00 00 c0 3f 93 4b 2c 3f b6 01 b3 be 24 1b a1 be 00 00 00 00 9c 85 8b bf 0b 0e 5d bf 0a f3 46 bf d7 b3 5d bf 47 36 95 3f 3b 06 1b bf 9c 85 0b bf 00 00 00 00 00 00 00 00 e4 38 8e 40 00 00 a0 40 00 00 00 c7 00 00 00 47
[PANVK_DEBUG_FSFAU] gpu=0x7aceec84b0 count=3 bytes=24: 00 00 00 00 00 00 00 00 00 00 00 00 00 00 00 00 19 00 00 00 00 d0 0e 00
[PANVK_DEBUG_TILERCTX] 192 byte Tiler Context desc: 00 00 00 00 00 00 00 00 ff 00 04 00 ff 01 ff 01 00 00 00 00 00 00 00 00 e0 84 ec ce 7a 00 00 00 00 00 00 00 00 00 00 00 00 00 00 00 00 00 00 00 00 00 00 00 00 00 00 00 00 00 00 00 00 00 00 00 00 00 00 00 00 00 00 00 00 00 00 00 00 00 00 00 00 00 00 00 00 00 00 00 00 00 00 00 00 00 00 00 00 00 00 00 00 00 00 00 00 00 00 00 00 00 00 00 00 00 00 00 00 00 00 00 00 00 00 00 00 00 00 00 00 00 00 00 00 00 00 00 00 00 00 00 00 00 00 00 00 00 00 00 00 00 00 00 00 00 00 00 00 00 00 00 00 00 00 00 00 00 00 00 00 00 00 00 00 00 00 00 00 00 00 00 00 00 00 00 00 00 00 00 00 00 00 00
[PANVK_DEBUG_TILERHEAP] 32 byte Tiler Heap desc: 29 03 00 00 00 00 00 08 00 00 80 33 78 00 00 00 00 00 80 33 78 00 00 00 00 00 80 3b 78 00 00 00
[PANVK_DEBUG_FLAGS1] sample_mask=0xffff render_target_mask=0x1 bound_attachments=0x101
[PANVK_DEBUG_DS] 32 byte Depth/stencil desc: 07 00 00 00 00 00 00 00 00 00 00 00 00 00 00 00 00 00 c0 e4 00 00 00 00 00 00 00 00 00 00 00 00
[PANVK_DEBUG_BLENDRAW] 16 byte Blend desc(s): 00 0a 00 00 22 21 12 f0 19 00 00 00 00 d0 0e 00
[PANVK_DEBUG_MVJ] sesudah pan_jc_add_job gpu=0x7aceec8600 header: type=11 (MALLOC_VERTEX == BENAR) index=1 dep1=0 dep2=0
[PANVK_DEBUG_MVJ] dump 384 byte job descriptor:
[PANVK_DEBUG_MVJ] +000: 00 00 00 00 00 00 00 00 00 00 00 00 00 00 00 00
[PANVK_DEBUG_MVJ] +016: 16 00 01 00 00 00 00 00 00 00 00 00 00 00 00 00
[PANVK_DEBUG_MVJ] +032: 08 80 07 00 00 00 00 00 00 00 00 00 24 00 00 00
[PANVK_DEBUG_MVJ] +048: 01 00 00 00 1c 00 0c 00 00 85 ec ce 7a 00 00 00
[PANVK_DEBUG_MVJ] +064: 00 00 00 00 00 00 00 00 00 00 00 00 00 00 00 00
[PANVK_DEBUG_MVJ] +080: 00 00 00 00 00 00 00 00 00 00 00 00 00 00 00 00
[PANVK_DEBUG_MVJ] +096: 00 00 00 00 00 00 00 00 00 00 00 00 ff 01 ff 01
[PANVK_DEBUG_MVJ] +112: 00 00 80 3f 00 00 00 00 00 00 00 00 00 00 00 00
[PANVK_DEBUG_MVJ] +128: 00 00 81 00 ff ff 01 00 01 00 00 00 00 00 00 00
[PANVK_DEBUG_MVJ] +144: 00 00 00 00 00 00 00 00 00 00 00 00 00 00 80 3f
[PANVK_DEBUG_MVJ] +160: 00 00 00 00 00 00 00 00 80 87 ec ce 7a 00 00 00
[PANVK_DEBUG_MVJ] +176: 41 84 ec ce 7a 00 00 00 00 00 00 00 00 00 00 00
[PANVK_DEBUG_MVJ] +192: 00 00 00 00 03 00 00 00 00 00 00 00 00 00 00 00
[PANVK_DEBUG_MVJ] +208: 00 00 00 00 00 00 00 00 00 00 00 00 00 00 00 00
[PANVK_DEBUG_MVJ] +224: 04 84 ec ce 7a 00 00 00 40 c1 ed ce 7a 00 00 00
[PANVK_DEBUG_MVJ] +240: 00 81 ec ce 7a 00 00 00 b0 84 ec ce 7a 00 00 00
[PANVK_DEBUG_MVJ] +256: 00 00 00 00 0c 00 00 00 00 00 00 00 00 00 00 00
[PANVK_DEBUG_MVJ] +272: 00 00 00 00 00 00 00 00 00 00 00 00 00 00 00 00
[PANVK_DEBUG_MVJ] +288: 84 83 ec ce 7a 00 00 00 c0 c0 ed ce 7a 00 00 00
[PANVK_DEBUG_MVJ] +304: 00 81 ec ce 7a 00 00 00 50 84 ec ce 7a 00 00 00
[PANVK_DEBUG_MVJ] +320: 00 00 00 00 0c 00 00 00 00 00 00 00 00 00 00 00
[PANVK_DEBUG_MVJ] +336: 00 00 00 00 00 00 00 00 00 00 00 00 00 00 00 00
[PANVK_DEBUG_MVJ] +352: 84 83 ec ce 7a 00 00 00 00 c1 ed ce 7a 00 00 00
[PANVK_DEBUG_MVJ] +368: 00 81 ec ce 7a 00 00 00 50 84 ec ce 7a 00 00 00
[PANVK_DEBUG_MVJ] jc state: first_job=0x7aceec8600 job_index=1 tiler_dep=1
[PANVK_DEBUG_RTFMT] rt=0 fmt=84 rt_count=1
[PANVK_DEBUG_FBD] gpu=0x7aceec8000 size=256\n[PANVK_DEBUG_FBD] +000: 00 00 00 00 00 00 00 00 00 00 00 00 00 00 00 00\n[PANVK_DEBUG_FBD] +016: 00 f0 41 d0 7a 00 00 00 00 00 00 00 00 00 00 00\n[PANVK_DEBUG_FBD] +032: ff 01 ff 01 00 00 00 00 ff 01 ff 01 80 50 00 01\n[PANVK_DEBUG_FBD] +048: 00 00 22 00 00 00 80 3f 00 85 ec ce 7a 00 00 00\n[PANVK_DEBUG_FBD] +064: 00 00 00 00 00 00 00 00 00 00 00 00 00 00 00 00\n[PANVK_DEBUG_FBD] +080: 00 00 00 00 00 00 00 00 00 00 00 00 00 00 00 00\n[PANVK_DEBUG_FBD] +096: 00 00 00 00 00 00 00 00 00 00 00 00 00 00 00 00\n[PANVK_DEBUG_FBD] +112: 00 00 00 00 00 00 00 00 00 00 00 00 00 00 00 00\n[PANVK_DEBUG_FBD] +128: 00 00 00 00 00 00 00 00 00 00 00 00 00 00 00 00\n[PANVK_DEBUG_FBD] +144: 00 00 00 00 00 00 00 00 00 00 00 00 00 00 00 00\n[PANVK_DEBUG_FBD] +160: 00 00 00 00 00 00 00 00 00 00 00 00 00 00 00 00\n[PANVK_DEBUG_FBD] +176: 00 00 00 00 00 00 00 00 00 00 00 00 00 00 00 00\n[PANVK_DEBUG_FBD] +192: 00 00 00 04 99 8d 88 86 01 28 00 00 00 00 00 00\n[PANVK_DEBUG_FBD] +208: 00 00 00 00 00 00 00 00 00 00 00 00 00 00 00 00\n[PANVK_DEBUG_FBD] +224: 00 c0 cf 2a 78 00 00 00 00 10 00 00 00 40 00 00\n[PANVK_DEBUG_FBD] +240: 20 20 28 ff 20 20 28 ff 20 20 28 ff 20 20 28 ff\n[PANVK_DEBUG_FBD] tagged_ptr=0x7aceec8003 stride=256
[PANVK_DEBUG_FRAGJOB] gpu=0x7aceec8800 size=64\n[PANVK_DEBUG_FRAGJOB] +000: 00 00 00 00 00 00 00 00 00 00 00 00 00 00 00 00\n[PANVK_DEBUG_FRAGJOB] +016: 12 00 01 00 00 00 00 00 00 00 00 00 00 00 00 00\n[PANVK_DEBUG_FRAGJOB] +032: 00 00 00 00 1f 00 1f 00 03 80 ec ce 7a 00 00 00\n[PANVK_DEBUG_FRAGJOB] +048: 00 00 00 00 00 00 00 00 00 00 00 00 00 00 00 00\n[PANVK_DEBUG_SUBMIT] vtc_jc ret=0
[PANVK_DEBUG_JOBSTATUS] vtc_jc job[0] type=11 index=1 dep1=0 dep2=0 next=0x0 exception_status=0x01 (DONE) first_incomplete_task=0 fault_pointer=0x0
[PANVK_DEBUG_JOBSTATUS] vtc_jc job[1] type=9 index=1 dep1=0 dep2=0 next=0x0 exception_status=0x00 (NOT_STARTED) first_incomplete_task=0 fault_pointer=0x0
[PANVK_DEBUG_HEAP] SESUDAH vtc_jc (vertex+tiler) bo->flags=0x2 dev=0x7833800000 size=134217728 host=0x7833800000 mincore=absent -- UNREADABLE (I/O error) => halaman belum ter-commit, tiler tidak menulis apa pun
[PANVK_DEBUG_SUBMIT] frag_jc ret=0
[PANVK_DEBUG_JOBSTATUS] frag_jc job[0] type=11 index=1 dep1=0 dep2=0 next=0x0 exception_status=0x01 (DONE) first_incomplete_task=0 fault_pointer=0x0
[PANVK_DEBUG_JOBSTATUS] frag_jc job[1] type=9 index=1 dep1=0 dep2=0 next=0x0 exception_status=0x01 (DONE) first_incomplete_task=0 fault_pointer=0x0
[PANVK_DEBUG_HEAP] SESUDAH frag_jc (fragment) bo->flags=0x2 dev=0x7833800000 size=134217728 host=0x7833800000 mincore=absent -- UNREADABLE (I/O error) => halaman belum ter-commit, tiler tidak menulis apa pun
[PANVK_DEBUG_SUBMIT] vtc_jc ret=0
[PANVK_DEBUG_JOBSTATUS] vtc_jc job[0] type=4 index=1 dep1=0 dep2=0 next=0x0 exception_status=0x01 (DONE) first_incomplete_task=0 fault_pointer=0x0
[PANVK_DEBUG_JOBSTATUS] vtc_jc job[1] type=4 index=1 dep1=0 dep2=0 next=0x0 exception_status=0x01 (DONE) first_incomplete_task=0 fault_pointer=0x0
[PANVK_DEBUG_HEAP] SESUDAH vtc_jc (vertex+tiler) bo->flags=0x2 dev=0x7833800000 size=134217728 host=0x7833800000 mincore=absent -- UNREADABLE (I/O error) => halaman belum ter-commit, tiler tidak menulis apa pun
CUBEFP frame=033 deg= 330.0 bad=25541 exact_diff=26326 edge=1815 edge_diff=826 faces[R C G M B Y]=0 0 9856 7960 16045 17581 first=(225,109) got=255,255,0 model=0,255,0
[PANVK_DEBUG_BLEND] rt=0 color_write_enables=0xff fmt=37 write_mask=0xf
[PANVK_DEBUG_BLENDFIX] blend_ptr.gpu=0x7acedfd440 bd_count=1 state.blend_descs[0]=0xed00000000019
[PANVK_DEBUG_VP] VkViewport: w=512.000000 h=512.000000 x=0.000000 y=0.000000
[PANVK_DEBUG_VP] computed scale: x=256.000000 y=256.000000
[PANVK_DEBUG_VP] computed offset: x=256.000000 y=256.000000
[PANVK_DEBUG_VSFAU] gpu=0x7acedfd450 count=12 bytes=96: 00 00 80 43 00 00 80 43 00 00 80 3f 00 00 80 43 00 00 80 43 00 00 00 00 0b 55 d0 3f 03 9c 00 3f de 36 4e be c8 97 39 be 00 00 00 00 07 f8 6a bf fa 38 71 bf ae 19 59 bf 48 a7 17 bf fd ac b0 3f 6e a4 0d bf c6 f4 fe be 00 00 00 00 00 00 00 00 e4 38 8e 40 00 00 a0 40 00 00 00 c7 00 00 00 47
[PANVK_DEBUG_FSFAU] gpu=0x7acedfd4b0 count=3 bytes=24: 00 00 00 00 00 00 00 00 00 00 00 00 00 00 00 00 19 00 00 00 00 d0 0e 00
[PANVK_DEBUG_TILERCTX] 192 byte Tiler Context desc: 00 00 00 00 00 00 00 00 ff 00 04 00 ff 01 ff 01 00 00 00 00 00 00 00 00 e0 d4 df ce 7a 00 00 00 00 00 00 00 00 00 00 00 00 00 00 00 00 00 00 00 00 00 00 00 00 00 00 00 00 00 00 00 00 00 00 00 00 00 00 00 00 00 00 00 00 00 00 00 00 00 00 00 00 00 00 00 00 00 00 00 00 00 00 00 00 00 00 00 00 00 00 00 00 00 00 00 00 00 00 00 00 00 00 00 00 00 00 00 00 00 00 00 00 00 00 00 00 00 00 00 00 00 00 00 00 00 00 00 00 00 00 00 00 00 00 00 00 00 00 00 00 00 00 00 00 00 00 00 00 00 00 00 00 00 00 00 00 00 00 00 00 00 00 00 00 00 00 00 00 00 00 00 00 00 00 00 00 00 00 00 00 00 00 00
[PANVK_DEBUG_TILERHEAP] 32 byte Tiler Heap desc: 29 03 00 00 00 00 00 08 00 00 80 33 78 00 00 00 00 00 80 33 78 00 00 00 00 00 80 3b 78 00 00 00
[PANVK_DEBUG_FLAGS1] sample_mask=0xffff render_target_mask=0x1 bound_attachments=0x101
[PANVK_DEBUG_DS] 32 byte Depth/stencil desc: 07 00 00 00 00 00 00 00 00 00 00 00 00 00 00 00 00 00 c0 e4 00 00 00 00 00 00 00 00 00 00 00 00
[PANVK_DEBUG_BLENDRAW] 16 byte Blend desc(s): 00 0a 00 00 22 21 12 f0 19 00 00 00 00 d0 0e 00
[PANVK_DEBUG_MVJ] sesudah pan_jc_add_job gpu=0x7acedfd600 header: type=11 (MALLOC_VERTEX == BENAR) index=1 dep1=0 dep2=0
[PANVK_DEBUG_MVJ] dump 384 byte job descriptor:
[PANVK_DEBUG_MVJ] +000: 00 00 00 00 00 00 00 00 00 00 00 00 00 00 00 00
[PANVK_DEBUG_MVJ] +016: 16 00 01 00 00 00 00 00 00 00 00 00 00 00 00 00
[PANVK_DEBUG_MVJ] +032: 08 80 07 00 00 00 00 00 00 00 00 00 24 00 00 00
[PANVK_DEBUG_MVJ] +048: 01 00 00 00 1c 00 0c 00 00 d5 df ce 7a 00 00 00
[PANVK_DEBUG_MVJ] +064: 00 00 00 00 00 00 00 00 00 00 00 00 00 00 00 00
[PANVK_DEBUG_MVJ] +080: 00 00 00 00 00 00 00 00 00 00 00 00 00 00 00 00
[PANVK_DEBUG_MVJ] +096: 00 00 00 00 00 00 00 00 00 00 00 00 ff 01 ff 01
[PANVK_DEBUG_MVJ] +112: 00 00 80 3f 00 00 00 00 00 00 00 00 00 00 00 00
[PANVK_DEBUG_MVJ] +128: 00 00 81 00 ff ff 01 00 01 00 00 00 00 00 00 00
[PANVK_DEBUG_MVJ] +144: 00 00 00 00 00 00 00 00 00 00 00 00 00 00 80 3f
[PANVK_DEBUG_MVJ] +160: 00 00 00 00 00 00 00 00 80 d7 df ce 7a 00 00 00
[PANVK_DEBUG_MVJ] +176: 41 d4 df ce 7a 00 00 00 00 00 00 00 00 00 00 00
[PANVK_DEBUG_MVJ] +192: 00 00 00 00 03 00 00 00 00 00 00 00 00 00 00 00
[PANVK_DEBUG_MVJ] +208: 00 00 00 00 00 00 00 00 00 00 00 00 00 00 00 00
[PANVK_DEBUG_MVJ] +224: 04 d4 df ce 7a 00 00 00 40 c1 ed ce 7a 00 00 00
[PANVK_DEBUG_MVJ] +240: 00 d1 df ce 7a 00 00 00 b0 d4 df ce 7a 00 00 00
[PANVK_DEBUG_MVJ] +256: 00 00 00 00 0c 00 00 00 00 00 00 00 00 00 00 00
[PANVK_DEBUG_MVJ] +272: 00 00 00 00 00 00 00 00 00 00 00 00 00 00 00 00
[PANVK_DEBUG_MVJ] +288: 84 d3 df ce 7a 00 00 00 c0 c0 ed ce 7a 00 00 00
[PANVK_DEBUG_MVJ] +304: 00 d1 df ce 7a 00 00 00 50 d4 df ce 7a 00 00 00
[PANVK_DEBUG_MVJ] +320: 00 00 00 00 0c 00 00 00 00 00 00 00 00 00 00 00
[PANVK_DEBUG_MVJ] +336: 00 00 00 00 00 00 00 00 00 00 00 00 00 00 00 00
[PANVK_DEBUG_MVJ] +352: 84 d3 df ce 7a 00 00 00 00 c1 ed ce 7a 00 00 00
[PANVK_DEBUG_MVJ] +368: 00 d1 df ce 7a 00 00 00 50 d4 df ce 7a 00 00 00
[PANVK_DEBUG_MVJ] jc state: first_job=0x7acedfd600 job_index=1 tiler_dep=1
[PANVK_DEBUG_RTFMT] rt=0 fmt=84 rt_count=1
[PANVK_DEBUG_FBD] gpu=0x7acedfd000 size=256\n[PANVK_DEBUG_FBD] +000: 00 00 00 00 00 00 00 00 00 00 00 00 00 00 00 00\n[PANVK_DEBUG_FBD] +016: 00 f0 41 d0 7a 00 00 00 00 00 00 00 00 00 00 00\n[PANVK_DEBUG_FBD] +032: ff 01 ff 01 00 00 00 00 ff 01 ff 01 80 50 00 01\n[PANVK_DEBUG_FBD] +048: 00 00 22 00 00 00 80 3f 00 d5 df ce 7a 00 00 00\n[PANVK_DEBUG_FBD] +064: 00 00 00 00 00 00 00 00 00 00 00 00 00 00 00 00\n[PANVK_DEBUG_FBD] +080: 00 00 00 00 00 00 00 00 00 00 00 00 00 00 00 00\n[PANVK_DEBUG_FBD] +096: 00 00 00 00 00 00 00 00 00 00 00 00 00 00 00 00\n[PANVK_DEBUG_FBD] +112: 00 00 00 00 00 00 00 00 00 00 00 00 00 00 00 00\n[PANVK_DEBUG_FBD] +128: 00 00 00 00 00 00 00 00 00 00 00 00 00 00 00 00\n[PANVK_DEBUG_FBD] +144: 00 00 00 00 00 00 00 00 00 00 00 00 00 00 00 00\n[PANVK_DEBUG_FBD] +160: 00 00 00 00 00 00 00 00 00 00 00 00 00 00 00 00\n[PANVK_DEBUG_FBD] +176: 00 00 00 00 00 00 00 00 00 00 00 00 00 00 00 00\n[PANVK_DEBUG_FBD] +192: 00 00 00 04 99 8d 88 86 01 28 00 00 00 00 00 00\n[PANVK_DEBUG_FBD] +208: 00 00 00 00 00 00 00 00 00 00 00 00 00 00 00 00\n[PANVK_DEBUG_FBD] +224: 00 c0 cf 2a 78 00 00 00 00 10 00 00 00 40 00 00\n[PANVK_DEBUG_FBD] +240: 20 20 28 ff 20 20 28 ff 20 20 28 ff 20 20 28 ff\n[PANVK_DEBUG_FBD] tagged_ptr=0x7acedfd003 stride=256
[PANVK_DEBUG_FRAGJOB] gpu=0x7acedfd800 size=64\n[PANVK_DEBUG_FRAGJOB] +000: 00 00 00 00 00 00 00 00 00 00 00 00 00 00 00 00\n[PANVK_DEBUG_FRAGJOB] +016: 12 00 01 00 00 00 00 00 00 00 00 00 00 00 00 00\n[PANVK_DEBUG_FRAGJOB] +032: 00 00 00 00 1f 00 1f 00 03 d0 df ce 7a 00 00 00\n[PANVK_DEBUG_FRAGJOB] +048: 00 00 00 00 00 00 00 00 00 00 00 00 00 00 00 00\n[PANVK_DEBUG_SUBMIT] vtc_jc ret=0
[PANVK_DEBUG_JOBSTATUS] vtc_jc job[0] type=11 index=1 dep1=0 dep2=0 next=0x0 exception_status=0x01 (DONE) first_incomplete_task=0 fault_pointer=0x0
[PANVK_DEBUG_JOBSTATUS] vtc_jc job[1] type=9 index=1 dep1=0 dep2=0 next=0x0 exception_status=0x00 (NOT_STARTED) first_incomplete_task=0 fault_pointer=0x0
[PANVK_DEBUG_HEAP] SESUDAH vtc_jc (vertex+tiler) bo->flags=0x2 dev=0x7833800000 size=134217728 host=0x7833800000 mincore=absent -- UNREADABLE (I/O error) => halaman belum ter-commit, tiler tidak menulis apa pun
[PANVK_DEBUG_SUBMIT] frag_jc ret=0
[PANVK_DEBUG_JOBSTATUS] frag_jc job[0] type=11 index=1 dep1=0 dep2=0 next=0x0 exception_status=0x01 (DONE) first_incomplete_task=0 fault_pointer=0x0
[PANVK_DEBUG_JOBSTATUS] frag_jc job[1] type=9 index=1 dep1=0 dep2=0 next=0x0 exception_status=0x01 (DONE) first_incomplete_task=0 fault_pointer=0x0
[PANVK_DEBUG_HEAP] SESUDAH frag_jc (fragment) bo->flags=0x2 dev=0x7833800000 size=134217728 host=0x7833800000 mincore=absent -- UNREADABLE (I/O error) => halaman belum ter-commit, tiler tidak menulis apa pun
[PANVK_DEBUG_SUBMIT] vtc_jc ret=0
[PANVK_DEBUG_JOBSTATUS] vtc_jc job[0] type=4 index=1 dep1=0 dep2=0 next=0x0 exception_status=0x01 (DONE) first_incomplete_task=0 fault_pointer=0x0
[PANVK_DEBUG_JOBSTATUS] vtc_jc job[1] type=4 index=1 dep1=0 dep2=0 next=0x0 exception_status=0x01 (DONE) first_incomplete_task=0 fault_pointer=0x0
[PANVK_DEBUG_HEAP] SESUDAH vtc_jc (vertex+tiler) bo->flags=0x2 dev=0x7833800000 size=134217728 host=0x7833800000 mincore=absent -- UNREADABLE (I/O error) => halaman belum ter-commit, tiler tidak menulis apa pun
CUBEFP frame=034 deg= 340.0 bad=26942 exact_diff=27364 edge=1545 edge_diff=779 faces[R C G M B Y]=0 0 9224 9802 13394 17140 first=(202,108) got=255,255,0 model=0,255,0
[PANVK_DEBUG_BLEND] rt=0 color_write_enables=0xff fmt=37 write_mask=0xf
[PANVK_DEBUG_BLENDFIX] blend_ptr.gpu=0x7aceec8440 bd_count=1 state.blend_descs[0]=0xed00000000019
[PANVK_DEBUG_VP] VkViewport: w=512.000000 h=512.000000 x=0.000000 y=0.000000
[PANVK_DEBUG_VP] computed scale: x=256.000000 y=256.000000
[PANVK_DEBUG_VP] computed offset: x=256.000000 y=256.000000
[PANVK_DEBUG_VSFAU] gpu=0x7aceec8450 count=12 bytes=96: 00 00 80 43 00 00 80 43 00 00 80 3f 00 00 80 43 00 00 80 43 00 00 00 00 98 55 da 3f a4 90 8b 3e f6 fe a6 bd de 4b 96 bd 00 00 00 00 1c 64 3b bf a9 e5 80 bf ca 03 68 bf 31 fe 99 be cc e0 c5 3f 30 c5 ec be df 17 d5 be 00 00 00 00 00 00 00 00 e4 38 8e 40 00 00 a0 40 00 00 00 c7 00 00 00 47
[PANVK_DEBUG_FSFAU] gpu=0x7aceec84b0 count=3 bytes=24: 00 00 00 00 00 00 00 00 00 00 00 00 00 00 00 00 19 00 00 00 00 d0 0e 00
[PANVK_DEBUG_TILERCTX] 192 byte Tiler Context desc: 00 00 00 00 00 00 00 00 ff 00 04 00 ff 01 ff 01 00 00 00 00 00 00 00 00 e0 84 ec ce 7a 00 00 00 00 00 00 00 00 00 00 00 00 00 00 00 00 00 00 00 00 00 00 00 00 00 00 00 00 00 00 00 00 00 00 00 00 00 00 00 00 00 00 00 00 00 00 00 00 00 00 00 00 00 00 00 00 00 00 00 00 00 00 00 00 00 00 00 00 00 00 00 00 00 00 00 00 00 00 00 00 00 00 00 00 00 00 00 00 00 00 00 00 00 00 00 00 00 00 00 00 00 00 00 00 00 00 00 00 00 00 00 00 00 00 00 00 00 00 00 00 00 00 00 00 00 00 00 00 00 00 00 00 00 00 00 00 00 00 00 00 00 00 00 00 00 00 00 00 00 00 00 00 00 00 00 00 00 00 00 00 00 00 00
[PANVK_DEBUG_TILERHEAP] 32 byte Tiler Heap desc: 29 03 00 00 00 00 00 08 00 00 80 33 78 00 00 00 00 00 80 33 78 00 00 00 00 00 80 3b 78 00 00 00
[PANVK_DEBUG_FLAGS1] sample_mask=0xffff render_target_mask=0x1 bound_attachments=0x101
[PANVK_DEBUG_DS] 32 byte Depth/stencil desc: 07 00 00 00 00 00 00 00 00 00 00 00 00 00 00 00 00 00 c0 e4 00 00 00 00 00 00 00 00 00 00 00 00
[PANVK_DEBUG_BLENDRAW] 16 byte Blend desc(s): 00 0a 00 00 22 21 12 f0 19 00 00 00 00 d0 0e 00
[PANVK_DEBUG_MVJ] sesudah pan_jc_add_job gpu=0x7aceec8600 header: type=11 (MALLOC_VERTEX == BENAR) index=1 dep1=0 dep2=0
[PANVK_DEBUG_MVJ] dump 384 byte job descriptor:
[PANVK_DEBUG_MVJ] +000: 00 00 00 00 00 00 00 00 00 00 00 00 00 00 00 00
[PANVK_DEBUG_MVJ] +016: 16 00 01 00 00 00 00 00 00 00 00 00 00 00 00 00
[PANVK_DEBUG_MVJ] +032: 08 80 07 00 00 00 00 00 00 00 00 00 24 00 00 00
[PANVK_DEBUG_MVJ] +048: 01 00 00 00 1c 00 0c 00 00 85 ec ce 7a 00 00 00
[PANVK_DEBUG_MVJ] +064: 00 00 00 00 00 00 00 00 00 00 00 00 00 00 00 00
[PANVK_DEBUG_MVJ] +080: 00 00 00 00 00 00 00 00 00 00 00 00 00 00 00 00
[PANVK_DEBUG_MVJ] +096: 00 00 00 00 00 00 00 00 00 00 00 00 ff 01 ff 01
[PANVK_DEBUG_MVJ] +112: 00 00 80 3f 00 00 00 00 00 00 00 00 00 00 00 00
[PANVK_DEBUG_MVJ] +128: 00 00 81 00 ff ff 01 00 01 00 00 00 00 00 00 00
[PANVK_DEBUG_MVJ] +144: 00 00 00 00 00 00 00 00 00 00 00 00 00 00 80 3f
[PANVK_DEBUG_MVJ] +160: 00 00 00 00 00 00 00 00 80 87 ec ce 7a 00 00 00
[PANVK_DEBUG_MVJ] +176: 41 84 ec ce 7a 00 00 00 00 00 00 00 00 00 00 00
[PANVK_DEBUG_MVJ] +192: 00 00 00 00 03 00 00 00 00 00 00 00 00 00 00 00
[PANVK_DEBUG_MVJ] +208: 00 00 00 00 00 00 00 00 00 00 00 00 00 00 00 00
[PANVK_DEBUG_MVJ] +224: 04 84 ec ce 7a 00 00 00 40 c1 ed ce 7a 00 00 00
[PANVK_DEBUG_MVJ] +240: 00 81 ec ce 7a 00 00 00 b0 84 ec ce 7a 00 00 00
[PANVK_DEBUG_MVJ] +256: 00 00 00 00 0c 00 00 00 00 00 00 00 00 00 00 00
[PANVK_DEBUG_MVJ] +272: 00 00 00 00 00 00 00 00 00 00 00 00 00 00 00 00
[PANVK_DEBUG_MVJ] +288: 84 83 ec ce 7a 00 00 00 c0 c0 ed ce 7a 00 00 00
[PANVK_DEBUG_MVJ] +304: 00 81 ec ce 7a 00 00 00 50 84 ec ce 7a 00 00 00
[PANVK_DEBUG_MVJ] +320: 00 00 00 00 0c 00 00 00 00 00 00 00 00 00 00 00
[PANVK_DEBUG_MVJ] +336: 00 00 00 00 00 00 00 00 00 00 00 00 00 00 00 00
[PANVK_DEBUG_MVJ] +352: 84 83 ec ce 7a 00 00 00 00 c1 ed ce 7a 00 00 00
[PANVK_DEBUG_MVJ] +368: 00 81 ec ce 7a 00 00 00 50 84 ec ce 7a 00 00 00
[PANVK_DEBUG_MVJ] jc state: first_job=0x7aceec8600 job_index=1 tiler_dep=1
[PANVK_DEBUG_RTFMT] rt=0 fmt=84 rt_count=1
[PANVK_DEBUG_FBD] gpu=0x7aceec8000 size=256\n[PANVK_DEBUG_FBD] +000: 00 00 00 00 00 00 00 00 00 00 00 00 00 00 00 00\n[PANVK_DEBUG_FBD] +016: 00 f0 41 d0 7a 00 00 00 00 00 00 00 00 00 00 00\n[PANVK_DEBUG_FBD] +032: ff 01 ff 01 00 00 00 00 ff 01 ff 01 80 50 00 01\n[PANVK_DEBUG_FBD] +048: 00 00 22 00 00 00 80 3f 00 85 ec ce 7a 00 00 00\n[PANVK_DEBUG_FBD] +064: 00 00 00 00 00 00 00 00 00 00 00 00 00 00 00 00\n[PANVK_DEBUG_FBD] +080: 00 00 00 00 00 00 00 00 00 00 00 00 00 00 00 00\n[PANVK_DEBUG_FBD] +096: 00 00 00 00 00 00 00 00 00 00 00 00 00 00 00 00\n[PANVK_DEBUG_FBD] +112: 00 00 00 00 00 00 00 00 00 00 00 00 00 00 00 00\n[PANVK_DEBUG_FBD] +128: 00 00 00 00 00 00 00 00 00 00 00 00 00 00 00 00\n[PANVK_DEBUG_FBD] +144: 00 00 00 00 00 00 00 00 00 00 00 00 00 00 00 00\n[PANVK_DEBUG_FBD] +160: 00 00 00 00 00 00 00 00 00 00 00 00 00 00 00 00\n[PANVK_DEBUG_FBD] +176: 00 00 00 00 00 00 00 00 00 00 00 00 00 00 00 00\n[PANVK_DEBUG_FBD] +192: 00 00 00 04 99 8d 88 86 01 28 00 00 00 00 00 00\n[PANVK_DEBUG_FBD] +208: 00 00 00 00 00 00 00 00 00 00 00 00 00 00 00 00\n[PANVK_DEBUG_FBD] +224: 00 c0 cf 2a 78 00 00 00 00 10 00 00 00 40 00 00\n[PANVK_DEBUG_FBD] +240: 20 20 28 ff 20 20 28 ff 20 20 28 ff 20 20 28 ff\n[PANVK_DEBUG_FBD] tagged_ptr=0x7aceec8003 stride=256
[PANVK_DEBUG_FRAGJOB] gpu=0x7aceec8800 size=64\n[PANVK_DEBUG_FRAGJOB] +000: 00 00 00 00 00 00 00 00 00 00 00 00 00 00 00 00\n[PANVK_DEBUG_FRAGJOB] +016: 12 00 01 00 00 00 00 00 00 00 00 00 00 00 00 00\n[PANVK_DEBUG_FRAGJOB] +032: 00 00 00 00 1f 00 1f 00 03 80 ec ce 7a 00 00 00\n[PANVK_DEBUG_FRAGJOB] +048: 00 00 00 00 00 00 00 00 00 00 00 00 00 00 00 00\n[PANVK_DEBUG_SUBMIT] vtc_jc ret=0
[PANVK_DEBUG_JOBSTATUS] vtc_jc job[0] type=11 index=1 dep1=0 dep2=0 next=0x0 exception_status=0x01 (DONE) first_incomplete_task=0 fault_pointer=0x0
[PANVK_DEBUG_JOBSTATUS] vtc_jc job[1] type=9 index=1 dep1=0 dep2=0 next=0x0 exception_status=0x00 (NOT_STARTED) first_incomplete_task=0 fault_pointer=0x0
[PANVK_DEBUG_HEAP] SESUDAH vtc_jc (vertex+tiler) bo->flags=0x2 dev=0x7833800000 size=134217728 host=0x7833800000 mincore=absent -- UNREADABLE (I/O error) => halaman belum ter-commit, tiler tidak menulis apa pun
[PANVK_DEBUG_SUBMIT] frag_jc ret=0
[PANVK_DEBUG_JOBSTATUS] frag_jc job[0] type=11 index=1 dep1=0 dep2=0 next=0x0 exception_status=0x01 (DONE) first_incomplete_task=0 fault_pointer=0x0
[PANVK_DEBUG_JOBSTATUS] frag_jc job[1] type=9 index=1 dep1=0 dep2=0 next=0x0 exception_status=0x01 (DONE) first_incomplete_task=0 fault_pointer=0x0
[PANVK_DEBUG_HEAP] SESUDAH frag_jc (fragment) bo->flags=0x2 dev=0x7833800000 size=134217728 host=0x7833800000 mincore=absent -- UNREADABLE (I/O error) => halaman belum ter-commit, tiler tidak menulis apa pun
[PANVK_DEBUG_SUBMIT] vtc_jc ret=0
[PANVK_DEBUG_JOBSTATUS] vtc_jc job[0] type=4 index=1 dep1=0 dep2=0 next=0x0 exception_status=0x01 (DONE) first_incomplete_task=0 fault_pointer=0x0
[PANVK_DEBUG_JOBSTATUS] vtc_jc job[1] type=4 index=1 dep1=0 dep2=0 next=0x0 exception_status=0x01 (DONE) first_incomplete_task=0 fault_pointer=0x0
[PANVK_DEBUG_HEAP] SESUDAH vtc_jc (vertex+tiler) bo->flags=0x2 dev=0x7833800000 size=134217728 host=0x7833800000 mincore=absent -- UNREADABLE (I/O error) => halaman belum ter-commit, tiler tidak menulis apa pun
CUBEFP frame=035 deg= 350.0 bad=29537 exact_diff=29957 edge=1573 edge_diff=824 faces[R C G M B Y]=0 0 11137 13630 9117 15907 first=(179,114) got=255,255,0 model=0,255,0

--- result ---
frames=36 bad_frames=34 bad_pixels=851170 edge_pixels=57638 edge_diff=30798 gpu+wait=16.0 ms/frame wall=89.0 ms/frame
CUBESUM tiling=optimal frames=36 bad_frames=34 bad=851170 exact_diff=871567 max_exact_frame=48260 verdict=FAIL
DONE
