dEQP-VK.pipeline.monolithic.multisample.alpha_to_coverage.samples_16.alpha_invisible	NotSupported	Unsupported number of rasterization samples at vktPipelineMultisampleTests.cpp:884
dEQP-VK.pipeline.monolithic.multisample.alpha_to_coverage.samples_16.alpha_opaque	NotSupported	Unsupported number of rasterization samples at vktPipelineMultisampleTests.cpp:884
dEQP-VK.pipeline.monolithic.multisample.alpha_to_coverage.samples_2.alpha_invisible	NotSupported	Unsupported number of rasterization samples at vktPipelineMultisampleTests.cpp:884
dEQP-VK.pipeline.monolithic.multisample.alpha_to_coverage.samples_2.alpha_opaque	NotSupported	Unsupported number of rasterization samples at vktPipelineMultisampleTests.cpp:884
dEQP-VK.pipeline.monolithic.multisample.alpha_to_coverage.samples_32.alpha_invisible	NotSupported	Unsupported number of rasterization samples at vktPipelineMultisampleTests.cpp:884
dEQP-VK.pipeline.monolithic.multisample.alpha_to_coverage.samples_32.alpha_opaque	NotSupported	Unsupported number of rasterization samples at vktPipelineMultisampleTests.cpp:884
dEQP-VK.pipeline.monolithic.multisample.alpha_to_coverage.samples_4.alpha_invisible	Pass	Image matches reference value
dEQP-VK.pipeline.monolithic.multisample.alpha_to_coverage.samples_4.alpha_opaque	Pass	Image matches reference value
dEQP-VK.pipeline.monolithic.multisample.alpha_to_coverage.samples_64.alpha_invisible	NotSupported	Unsupported number of rasterization samples at vktPipelineMultisampleTests.cpp:884
dEQP-VK.pipeline.monolithic.multisample.alpha_to_coverage.samples_64.alpha_opaque	NotSupported	Unsupported number of rasterization samples at vktPipelineMultisampleTests.cpp:884
dEQP-VK.pipeline.monolithic.multisample.alpha_to_coverage.samples_8.alpha_invisible	Pass	Image matches reference value
dEQP-VK.pipeline.monolithic.multisample.alpha_to_coverage.samples_8.alpha_invisible_sparse_check_depth	NotSupported	Unsupported number of rasterization samples at vktPipelineMultisampleTests.cpp:884
dEQP-VK.pipeline.monolithic.multisample.alpha_to_coverage.samples_8.alpha_translucent	Pass	Image matches reference value
dEQP-VK.pipeline.monolithic.multisample.alpha_to_coverage_no_color_attachment.samples_16.alpha_opaque	NotSupported	Unsupported number of rasterization samples at vktPipelineMultisampleTests.cpp:884
dEQP-VK.pipeline.monolithic.multisample.alpha_to_coverage_no_color_attachment.samples_32.alpha_opaque	NotSupported	Unsupported number of rasterization samples at vktPipelineMultisampleTests.cpp:884
dEQP-VK.pipeline.monolithic.multisample.alpha_to_coverage_no_color_attachment.samples_64.alpha_opaque	NotSupported	Unsupported number of rasterization samples at vktPipelineMultisampleTests.cpp:884
dEQP-VK.pipeline.monolithic.multisample.alpha_to_coverage_no_color_attachment.samples_8.alpha_opaque_sparse	NotSupported	Unsupported number of rasterization samples at vktPipelineMultisampleTests.cpp:884
dEQP-VK.pipeline.monolithic.multisample.alpha_to_coverage_unused_attachment.samples_16.alpha_opaque	NotSupported	Unsupported number of rasterization samples at vktPipelineMultisampleTests.cpp:884
dEQP-VK.pipeline.monolithic.multisample.alpha_to_coverage_unused_attachment.samples_2.alpha_opaque	NotSupported	Unsupported number of rasterization samples at vktPipelineMultisampleTests.cpp:884
dEQP-VK.pipeline.monolithic.multisample.alpha_to_coverage_unused_attachment.samples_32.alpha_opaque	NotSupported	Unsupported number of rasterization samples at vktPipelineMultisampleTests.cpp:884
dEQP-VK.pipeline.monolithic.multisample.alpha_to_coverage_unused_attachment.samples_4.alpha_opaque	Pass	Pass
dEQP-VK.pipeline.monolithic.multisample.alpha_to_coverage_unused_attachment.samples_64.alpha_opaque	NotSupported	Unsupported number of rasterization samples at vktPipelineMultisampleTests.cpp:884
dEQP-VK.pipeline.monolithic.multisample.alpha_to_coverage_unused_attachment.samples_8.alpha_opaque	Pass	Pass
dEQP-VK.pipeline.monolithic.multisample.min_sample_shading.min_0_0.samples_16.primitive_point	NotSupported	Unsupported number of rasterization samples at vktPipelineMultisampleTests.cpp:884
dEQP-VK.pipeline.monolithic.multisample.min_sample_shading.min_0_0.samples_16.primitive_triangle	NotSupported	Unsupported number of rasterization samples at vktPipelineMultisampleTests.cpp:884
dEQP-VK.pipeline.monolithic.multisample.min_sample_shading.min_0_0.samples_2.primitive_point	NotSupported	Unsupported number of rasterization samples at vktPipelineMultisampleTests.cpp:884
dEQP-VK.pipeline.monolithic.multisample.min_sample_shading.min_0_0.samples_2.primitive_triangle	NotSupported	Unsupported number of rasterization samples at vktPipelineMultisampleTests.cpp:884
dEQP-VK.pipeline.monolithic.multisample.min_sample_shading.min_0_0.samples_32.primitive_point	NotSupported	Unsupported number of rasterization samples at vktPipelineMultisampleTests.cpp:884
dEQP-VK.pipeline.monolithic.multisample.min_sample_shading.min_0_0.samples_32.primitive_triangle	NotSupported	Unsupported number of rasterization samples at vktPipelineMultisampleTests.cpp:884
dEQP-VK.pipeline.monolithic.multisample.min_sample_shading.min_0_0.samples_4.primitive_point	Pass	Got proper count of unique colors
dEQP-VK.pipeline.monolithic.multisample.min_sample_shading.min_0_0.samples_4.primitive_triangle	Pass	Got proper count of unique colors
dEQP-VK.pipeline.monolithic.multisample.min_sample_shading.min_0_0.samples_64.primitive_point	NotSupported	Unsupported number of rasterization samples at vktPipelineMultisampleTests.cpp:884
dEQP-VK.pipeline.monolithic.multisample.min_sample_shading.min_0_0.samples_64.primitive_triangle	NotSupported	Unsupported number of rasterization samples at vktPipelineMultisampleTests.cpp:884
dEQP-VK.pipeline.monolithic.multisample.min_sample_shading.min_0_0.samples_8.primitive_line_sparse	NotSupported	Unsupported number of rasterization samples at vktPipelineMultisampleTests.cpp:884
dEQP-VK.pipeline.monolithic.multisample.min_sample_shading.min_0_0.samples_8.primitive_point_1px_sparse	NotSupported	Unsupported number of rasterization samples at vktPipelineMultisampleTests.cpp:884
dEQP-VK.pipeline.monolithic.multisample.min_sample_shading.min_0_0.samples_8.primitive_triangle_sparse	NotSupported	Unsupported number of rasterization samples at vktPipelineMultisampleTests.cpp:884
dEQP-VK.pipeline.monolithic.multisample.min_sample_shading.min_0_25.samples_16.primitive_point	NotSupported	Unsupported number of rasterization samples at vktPipelineMultisampleTests.cpp:884
dEQP-VK.pipeline.monolithic.multisample.min_sample_shading.min_0_25.samples_16.primitive_triangle	NotSupported	Unsupported number of rasterization samples at vktPipelineMultisampleTests.cpp:884
dEQP-VK.pipeline.monolithic.multisample.min_sample_shading.min_0_25.samples_2.primitive_point	NotSupported	Unsupported number of rasterization samples at vktPipelineMultisampleTests.cpp:884
dEQP-VK.pipeline.monolithic.multisample.min_sample_shading.min_0_25.samples_2.primitive_triangle	NotSupported	Unsupported number of rasterization samples at vktPipelineMultisampleTests.cpp:884
dEQP-VK.pipeline.monolithic.multisample.min_sample_shading.min_0_25.samples_32.primitive_point	NotSupported	Unsupported number of rasterization samples at vktPipelineMultisampleTests.cpp:884
dEQP-VK.pipeline.monolithic.multisample.min_sample_shading.min_0_25.samples_32.primitive_triangle	NotSupported	Unsupported number of rasterization samples at vktPipelineMultisampleTests.cpp:884
dEQP-VK.pipeline.monolithic.multisample.min_sample_shading.min_0_25.samples_4.primitive_point	Pass	Got proper count of unique colors
dEQP-VK.pipeline.monolithic.multisample.min_sample_shading.min_0_25.samples_4.primitive_triangle	Pass	Got proper count of unique colors
dEQP-VK.pipeline.monolithic.multisample.min_sample_shading.min_0_25.samples_64.primitive_point	NotSupported	Unsupported number of rasterization samples at vktPipelineMultisampleTests.cpp:884
dEQP-VK.pipeline.monolithic.multisample.min_sample_shading.min_0_25.samples_64.primitive_triangle	NotSupported	Unsupported number of rasterization samples at vktPipelineMultisampleTests.cpp:884
dEQP-VK.pipeline.monolithic.multisample.min_sample_shading.min_0_25.samples_8.primitive_point	Pass	Got proper count of unique colors
dEQP-VK.pipeline.monolithic.multisample.min_sample_shading.min_0_25.samples_8.primitive_point_sparse	NotSupported	Unsupported number of rasterization samples at vktPipelineMultisampleTests.cpp:884
dEQP-VK.pipeline.monolithic.multisample.min_sample_shading.min_0_5.samples_16.primitive_point	NotSupported	Unsupported number of rasterization samples at vktPipelineMultisampleTests.cpp:884
dEQP-VK.pipeline.monolithic.multisample.min_sample_shading.min_0_5.samples_16.primitive_triangle	NotSupported	Unsupported number of rasterization samples at vktPipelineMultisampleTests.cpp:884
dEQP-VK.pipeline.monolithic.multisample.min_sample_shading.min_0_5.samples_2.primitive_point	NotSupported	Unsupported number of rasterization samples at vktPipelineMultisampleTests.cpp:884
dEQP-VK.pipeline.monolithic.multisample.min_sample_shading.min_0_5.samples_2.primitive_triangle	NotSupported	Unsupported number of rasterization samples at vktPipelineMultisampleTests.cpp:884
dEQP-VK.pipeline.monolithic.multisample.min_sample_shading.min_0_5.samples_32.primitive_point	NotSupported	Unsupported number of rasterization samples at vktPipelineMultisampleTests.cpp:884
dEQP-VK.pipeline.monolithic.multisample.min_sample_shading.min_0_5.samples_32.primitive_triangle	NotSupported	Unsupported number of rasterization samples at vktPipelineMultisampleTests.cpp:884
dEQP-VK.pipeline.monolithic.multisample.min_sample_shading.min_0_5.samples_4.primitive_point	Pass	Got proper count of unique colors
dEQP-VK.pipeline.monolithic.multisample.min_sample_shading.min_0_5.samples_4.primitive_triangle	Pass	Got proper count of unique colors
dEQP-VK.pipeline.monolithic.multisample.min_sample_shading.min_0_5.samples_64.primitive_point	NotSupported	Unsupported number of rasterization samples at vktPipelineMultisampleTests.cpp:884
dEQP-VK.pipeline.monolithic.multisample.min_sample_shading.min_0_5.samples_64.primitive_triangle	NotSupported	Unsupported number of rasterization samples at vktPipelineMultisampleTests.cpp:884
dEQP-VK.pipeline.monolithic.multisample.min_sample_shading.min_0_5.samples_8.primitive_line	Pass	Got proper count of unique colors
dEQP-VK.pipeline.monolithic.multisample.min_sample_shading.min_0_5.samples_8.primitive_point_1px	Pass	Got proper count of unique colors
dEQP-VK.pipeline.monolithic.multisample.min_sample_shading.min_0_5.samples_8.primitive_triangle	Pass	Got proper count of unique colors
dEQP-VK.pipeline.monolithic.multisample.min_sample_shading.min_0_75.samples_16.primitive_point	NotSupported	Unsupported number of rasterization samples at vktPipelineMultisampleTests.cpp:884
dEQP-VK.pipeline.monolithic.multisample.min_sample_shading.min_0_75.samples_16.primitive_triangle	NotSupported	Unsupported number of rasterization samples at vktPipelineMultisampleTests.cpp:884
dEQP-VK.pipeline.monolithic.multisample.min_sample_shading.min_0_75.samples_2.primitive_point	NotSupported	Unsupported number of rasterization samples at vktPipelineMultisampleTests.cpp:884
dEQP-VK.pipeline.monolithic.multisample.min_sample_shading.min_0_75.samples_2.primitive_triangle	NotSupported	Unsupported number of rasterization samples at vktPipelineMultisampleTests.cpp:884
dEQP-VK.pipeline.monolithic.multisample.min_sample_shading.min_0_75.samples_32.primitive_point	NotSupported	Unsupported number of rasterization samples at vktPipelineMultisampleTests.cpp:884
dEQP-VK.pipeline.monolithic.multisample.min_sample_shading.min_0_75.samples_32.primitive_triangle	NotSupported	Unsupported number of rasterization samples at vktPipelineMultisampleTests.cpp:884
dEQP-VK.pipeline.monolithic.multisample.min_sample_shading.min_0_75.samples_4.primitive_point	Pass	Got proper count of unique colors
dEQP-VK.pipeline.monolithic.multisample.min_sample_shading.min_0_75.samples_4.primitive_triangle	Pass	Got proper count of unique colors
dEQP-VK.pipeline.monolithic.multisample.min_sample_shading.min_0_75.samples_64.primitive_point	NotSupported	Unsupported number of rasterization samples at vktPipelineMultisampleTests.cpp:884
dEQP-VK.pipeline.monolithic.multisample.min_sample_shading.min_0_75.samples_64.primitive_triangle	NotSupported	Unsupported number of rasterization samples at vktPipelineMultisampleTests.cpp:884
dEQP-VK.pipeline.monolithic.multisample.min_sample_shading.min_0_75.samples_8.primitive_line_sparse	NotSupported	Unsupported number of rasterization samples at vktPipelineMultisampleTests.cpp:884
dEQP-VK.pipeline.monolithic.multisample.min_sample_shading.min_0_75.samples_8.primitive_point_1px_sparse	NotSupported	Unsupported number of rasterization samples at vktPipelineMultisampleTests.cpp:884
dEQP-VK.pipeline.monolithic.multisample.min_sample_shading.min_0_75.samples_8.primitive_triangle_sparse	NotSupported	Unsupported number of rasterization samples at vktPipelineMultisampleTests.cpp:884
dEQP-VK.pipeline.monolithic.multisample.min_sample_shading.min_1_0.samples_16.primitive_point	NotSupported	Unsupported number of rasterization samples at vktPipelineMultisampleTests.cpp:884
dEQP-VK.pipeline.monolithic.multisample.min_sample_shading.min_1_0.samples_16.primitive_triangle	NotSupported	Unsupported number of rasterization samples at vktPipelineMultisampleTests.cpp:884
dEQP-VK.pipeline.monolithic.multisample.min_sample_shading.min_1_0.samples_2.primitive_point	NotSupported	Unsupported number of rasterization samples at vktPipelineMultisampleTests.cpp:884
dEQP-VK.pipeline.monolithic.multisample.min_sample_shading.min_1_0.samples_2.primitive_triangle	NotSupported	Unsupported number of rasterization samples at vktPipelineMultisampleTests.cpp:884
dEQP-VK.pipeline.monolithic.multisample.min_sample_shading.min_1_0.samples_32.primitive_point	NotSupported	Unsupported number of rasterization samples at vktPipelineMultisampleTests.cpp:884
dEQP-VK.pipeline.monolithic.multisample.min_sample_shading.min_1_0.samples_32.primitive_triangle	NotSupported	Unsupported number of rasterization samples at vktPipelineMultisampleTests.cpp:884
dEQP-VK.pipeline.monolithic.multisample.min_sample_shading.min_1_0.samples_4.primitive_point	Pass	Got proper count of unique colors
dEQP-VK.pipeline.monolithic.multisample.min_sample_shading.min_1_0.samples_4.primitive_triangle	Pass	Got proper count of unique colors
dEQP-VK.pipeline.monolithic.multisample.min_sample_shading.min_1_0.samples_64.primitive_point	NotSupported	Unsupported number of rasterization samples at vktPipelineMultisampleTests.cpp:884
dEQP-VK.pipeline.monolithic.multisample.min_sample_shading.min_1_0.samples_64.primitive_triangle	NotSupported	Unsupported number of rasterization samples at vktPipelineMultisampleTests.cpp:884
dEQP-VK.pipeline.monolithic.multisample.min_sample_shading.min_1_0.samples_8.primitive_point	Pass	Got proper count of unique colors
dEQP-VK.pipeline.monolithic.multisample.min_sample_shading.min_1_0.samples_8.primitive_point_sparse	NotSupported	Unsupported number of rasterization samples at vktPipelineMultisampleTests.cpp:884
dEQP-VK.pipeline.monolithic.multisample.min_sample_shading_disabled.min_0_0.samples_32.quad	NotSupported	Unsupported number of rasterization samples at vktPipelineMultisampleTests.cpp:884
dEQP-VK.pipeline.monolithic.multisample.min_sample_shading_disabled.min_0_0.samples_8.quad	Pass	Got proper count of unique colors
dEQP-VK.pipeline.monolithic.multisample.min_sample_shading_disabled.min_0_25.samples_2.quad	NotSupported	Unsupported number of rasterization samples at vktPipelineMultisampleTests.cpp:884
dEQP-VK.pipeline.monolithic.multisample.min_sample_shading_disabled.min_0_5.samples_16.quad	NotSupported	Unsupported number of rasterization samples at vktPipelineMultisampleTests.cpp:884
dEQP-VK.pipeline.monolithic.multisample.min_sample_shading_disabled.min_0_5.samples_64.quad	NotSupported	Unsupported number of rasterization samples at vktPipelineMultisampleTests.cpp:884
dEQP-VK.pipeline.monolithic.multisample.min_sample_shading_disabled.min_0_75.samples_4.quad	Pass	Got proper count of unique colors
dEQP-VK.pipeline.monolithic.multisample.min_sample_shading_disabled.min_0_75.samples_8.quad	Pass	Got proper count of unique colors
dEQP-VK.pipeline.monolithic.multisample.min_sample_shading_disabled.min_1_0.samples_32.quad	NotSupported	Unsupported number of rasterization samples at vktPipelineMultisampleTests.cpp:884
dEQP-VK.pipeline.monolithic.multisample.min_sample_shading_enabled.min_0_0.samples_2.quad	NotSupported	Unsupported number of rasterization samples at vktPipelineMultisampleTests.cpp:884
dEQP-VK.pipeline.monolithic.multisample.min_sample_shading_enabled.min_0_25.samples_16.quad	NotSupported	Unsupported number of rasterization samples at vktPipelineMultisampleTests.cpp:884
dEQP-VK.pipeline.monolithic.multisample.min_sample_shading_enabled.min_0_25.samples_64.quad	NotSupported	Unsupported number of rasterization samples at vktPipelineMultisampleTests.cpp:884
dEQP-VK.pipeline.monolithic.multisample.min_sample_shading_enabled.min_0_25.samples_8.quad	Pass	Got proper count of unique colors
dEQP-VK.pipeline.monolithic.multisample.min_sample_shading_enabled.min_0_5.samples_4.quad	Pass	Got proper count of unique colors
dEQP-VK.pipeline.monolithic.multisample.min_sample_shading_enabled.min_0_75.samples_32.quad	NotSupported	Unsupported number of rasterization samples at vktPipelineMultisampleTests.cpp:884
dEQP-VK.pipeline.monolithic.multisample.min_sample_shading_enabled.min_1_0.samples_2.quad	NotSupported	Unsupported number of rasterization samples at vktPipelineMultisampleTests.cpp:884
dEQP-VK.pipeline.monolithic.multisample.min_sample_shading_enabled.min_1_0.samples_8.quad	Pass	Got proper count of unique colors
dEQP-VK.pipeline.monolithic.multisample.misc.basic.r8g8b8a8_unorm_r16g16b16a16_sfloat_r16g16b16a16_sint_d16_unorm.16x.ds_resolve_max.sub_framebuffer.default	NotSupported	framebufferColorSampleCounts: sample count not supported at vktPipelineMultisampledRenderToSingleSampledTests.cpp:990
dEQP-VK.pipeline.monolithic.multisample.misc.basic.r8g8b8a8_unorm_r16g16b16a16_sfloat_r16g16b16a16_sint_d16_unorm.2x.ds_resolve_max.sub_framebuffer.default	NotSupported	VK_FORMAT_R8G8B8A8_UNORM: sample count not supported at vktPipelineMultisampledRenderToSingleSampledTests.cpp:1023
dEQP-VK.pipeline.monolithic.multisample.misc.basic.r8g8b8a8_unorm_r16g16b16a16_sfloat_r16g16b16a16_sint_d16_unorm.4x.ds_resolve_max.sub_framebuffer.default	Pass	Pass
dEQP-VK.pipeline.monolithic.multisample.misc.basic.r8g8b8a8_unorm_r16g16b16a16_sfloat_r16g16b16a16_sint_d16_unorm.8x.ds_resolve_max.sub_framebuffer.default	Pass	Pass
dEQP-VK.pipeline.monolithic.multisample.misc.basic.r8g8b8a8_unorm_r16g16b16a16_sfloat_r16g16b16a16_sint_d24_unorm_s8_uint.16x.ds_resolve_max.sub_framebuffer.default	NotSupported	framebufferColorSampleCounts: sample count not supported at vktPipelineMultisampledRenderToSingleSampledTests.cpp:990
dEQP-VK.pipeline.monolithic.multisample.misc.basic.r8g8b8a8_unorm_r16g16b16a16_sfloat_r16g16b16a16_sint_d24_unorm_s8_uint.2x.ds_resolve_max.sub_framebuffer.default	NotSupported	VK_FORMAT_R8G8B8A8_UNORM: sample count not supported at vktPipelineMultisampledRenderToSingleSampledTests.cpp:1023
dEQP-VK.pipeline.monolithic.multisample.misc.basic.r8g8b8a8_unorm_r16g16b16a16_sfloat_r16g16b16a16_sint_d24_unorm_s8_uint.4x.ds_resolve_max.sub_framebuffer.default	Pass	Pass
dEQP-VK.pipeline.monolithic.multisample.misc.basic.r8g8b8a8_unorm_r16g16b16a16_sfloat_r16g16b16a16_sint_d24_unorm_s8_uint.8x.ds_resolve_max.sub_framebuffer.default	Pass	Pass
dEQP-VK.pipeline.monolithic.multisample.misc.basic.r8g8b8a8_unorm_r16g16b16a16_sfloat_r16g16b16a16_sint_d32_sfloat_s8_uint.16x.ds_resolve_max.sub_framebuffer.default	NotSupported	framebufferColorSampleCounts: sample count not supported at vktPipelineMultisampledRenderToSingleSampledTests.cpp:990
dEQP-VK.pipeline.monolithic.multisample.misc.basic.r8g8b8a8_unorm_r16g16b16a16_sfloat_r16g16b16a16_sint_d32_sfloat_s8_uint.2x.ds_resolve_max.sub_framebuffer.default	NotSupported	VK_FORMAT_R8G8B8A8_UNORM: sample count not supported at vktPipelineMultisampledRenderToSingleSampledTests.cpp:1023
dEQP-VK.pipeline.monolithic.multisample.misc.basic.r8g8b8a8_unorm_r16g16b16a16_sfloat_r16g16b16a16_sint_d32_sfloat_s8_uint.4x.ds_resolve_max.sub_framebuffer.default	Pass	Pass
dEQP-VK.pipeline.monolithic.multisample.misc.basic.r8g8b8a8_unorm_r16g16b16a16_sfloat_r16g16b16a16_sint_d32_sfloat_s8_uint.8x.ds_resolve_max.sub_framebuffer.default	Pass	Pass
dEQP-VK.pipeline.monolithic.multisample.misc.basic.r8g8b8a8_unorm_r16g16b16a16_sfloat_r16g16b16a16_sint_s8_uint.16x.ds_resolve_max.sub_framebuffer.default	NotSupported	framebufferColorSampleCounts: sample count not supported at vktPipelineMultisampledRenderToSingleSampledTests.cpp:990
dEQP-VK.pipeline.monolithic.multisample.misc.basic.r8g8b8a8_unorm_r16g16b16a16_sfloat_r16g16b16a16_sint_s8_uint.2x.ds_resolve_max.sub_framebuffer.default	NotSupported	VK_FORMAT_R8G8B8A8_UNORM: sample count not supported at vktPipelineMultisampledRenderToSingleSampledTests.cpp:1023
dEQP-VK.pipeline.monolithic.multisample.misc.basic.r8g8b8a8_unorm_r16g16b16a16_sfloat_r16g16b16a16_sint_s8_uint.4x.ds_resolve_max.sub_framebuffer.default	Pass	Pass
dEQP-VK.pipeline.monolithic.multisample.misc.basic.r8g8b8a8_unorm_r16g16b16a16_sfloat_r16g16b16a16_sint_s8_uint.8x.ds_resolve_max.sub_framebuffer.default	Pass	Pass
dEQP-VK.pipeline.monolithic.multisample.misc.basic.r8g8b8a8_unorm_r16g16b16a16_sfloat_r32g32b32a32_uint_d16_unorm.16x.ds_resolve_max.sub_framebuffer.default	NotSupported	VK_FORMAT_R32G32B32A32_UINT: sample count not supported at vktPipelineMultisampledRenderToSingleSampledTests.cpp:1023
dEQP-VK.pipeline.monolithic.multisample.misc.basic.r8g8b8a8_unorm_r16g16b16a16_sfloat_r32g32b32a32_uint_d16_unorm.2x.ds_resolve_max.sub_framebuffer.default	NotSupported	VK_FORMAT_R8G8B8A8_UNORM: sample count not supported at vktPipelineMultisampledRenderToSingleSampledTests.cpp:1023
dEQP-VK.pipeline.monolithic.multisample.misc.basic.r8g8b8a8_unorm_r16g16b16a16_sfloat_r32g32b32a32_uint_d16_unorm.4x.ds_resolve_max.sub_framebuffer.default	Pass	Pass
dEQP-VK.pipeline.monolithic.multisample.misc.basic.r8g8b8a8_unorm_r16g16b16a16_sfloat_r32g32b32a32_uint_d16_unorm.8x.ds_resolve_max.sub_framebuffer.default	Pass	Pass
dEQP-VK.pipeline.monolithic.multisample.misc.basic.r8g8b8a8_unorm_r16g16b16a16_sfloat_r32g32b32a32_uint_d24_unorm_s8_uint.16x.ds_resolve_max.sub_framebuffer.default	NotSupported	VK_FORMAT_R32G32B32A32_UINT: sample count not supported at vktPipelineMultisampledRenderToSingleSampledTests.cpp:1023
dEQP-VK.pipeline.monolithic.multisample.misc.basic.r8g8b8a8_unorm_r16g16b16a16_sfloat_r32g32b32a32_uint_d24_unorm_s8_uint.2x.ds_resolve_max.sub_framebuffer.default	NotSupported	VK_FORMAT_R8G8B8A8_UNORM: sample count not supported at vktPipelineMultisampledRenderToSingleSampledTests.cpp:1023
dEQP-VK.pipeline.monolithic.multisample.misc.basic.r8g8b8a8_unorm_r16g16b16a16_sfloat_r32g32b32a32_uint_d24_unorm_s8_uint.4x.ds_resolve_max.sub_framebuffer.default	Pass	Pass
dEQP-VK.pipeline.monolithic.multisample.misc.basic.r8g8b8a8_unorm_r16g16b16a16_sfloat_r32g32b32a32_uint_d24_unorm_s8_uint.8x.ds_resolve_max.sub_framebuffer.default	Pass	Pass
dEQP-VK.pipeline.monolithic.multisample.misc.basic.r8g8b8a8_unorm_r16g16b16a16_sfloat_r32g32b32a32_uint_d32_sfloat_s8_uint.16x.ds_resolve_max.sub_framebuffer.default	NotSupported	VK_FORMAT_R32G32B32A32_UINT: sample count not supported at vktPipelineMultisampledRenderToSingleSampledTests.cpp:1023
dEQP-VK.pipeline.monolithic.multisample.misc.basic.r8g8b8a8_unorm_r16g16b16a16_sfloat_r32g32b32a32_uint_d32_sfloat_s8_uint.2x.ds_resolve_max.sub_framebuffer.default	NotSupported	VK_FORMAT_R8G8B8A8_UNORM: sample count not supported at vktPipelineMultisampledRenderToSingleSampledTests.cpp:1023
dEQP-VK.pipeline.monolithic.multisample.misc.basic.r8g8b8a8_unorm_r16g16b16a16_sfloat_r32g32b32a32_uint_d32_sfloat_s8_uint.4x.ds_resolve_max.sub_framebuffer.default	Pass	Pass
dEQP-VK.pipeline.monolithic.multisample.misc.basic.r8g8b8a8_unorm_r16g16b16a16_sfloat_r32g32b32a32_uint_d32_sfloat_s8_uint.8x.ds_resolve_max.sub_framebuffer.default	Pass	Pass
dEQP-VK.pipeline.monolithic.multisample.misc.basic.r8g8b8a8_unorm_r16g16b16a16_sfloat_r32g32b32a32_uint_s8_uint.16x.ds_resolve_max.sub_framebuffer.default	NotSupported	VK_FORMAT_R32G32B32A32_UINT: sample count not supported at vktPipelineMultisampledRenderToSingleSampledTests.cpp:1023
dEQP-VK.pipeline.monolithic.multisample.misc.basic.r8g8b8a8_unorm_r16g16b16a16_sfloat_r32g32b32a32_uint_s8_uint.2x.ds_resolve_max.sub_framebuffer.default	NotSupported	VK_FORMAT_R8G8B8A8_UNORM: sample count not supported at vktPipelineMultisampledRenderToSingleSampledTests.cpp:1023
dEQP-VK.pipeline.monolithic.multisample.misc.basic.r8g8b8a8_unorm_r16g16b16a16_sfloat_r32g32b32a32_uint_s8_uint.4x.ds_resolve_max.sub_framebuffer.default	Pass	Pass
dEQP-VK.pipeline.monolithic.multisample.misc.basic.r8g8b8a8_unorm_r16g16b16a16_sfloat_r32g32b32a32_uint_s8_uint.8x.ds_resolve_max.sub_framebuffer.default	Pass	Pass
dEQP-VK.pipeline.monolithic.multisample.misc.clear_attachments.r8g8b8a8_unorm_r16g16b16a16_sfloat_r16g16b16a16_sint_d16_unorm.16x.ds_resolve_max.sub_framebuffer	NotSupported	framebufferColorSampleCounts: sample count not supported at vktPipelineMultisampledRenderToSingleSampledTests.cpp:990
dEQP-VK.pipeline.monolithic.multisample.misc.clear_attachments.r8g8b8a8_unorm_r16g16b16a16_sfloat_r16g16b16a16_sint_d16_unorm.2x.ds_resolve_max.sub_framebuffer	NotSupported	VK_FORMAT_R8G8B8A8_UNORM: sample count not supported at vktPipelineMultisampledRenderToSingleSampledTests.cpp:1023
dEQP-VK.pipeline.monolithic.multisample.misc.clear_attachments.r8g8b8a8_unorm_r16g16b16a16_sfloat_r16g16b16a16_sint_d16_unorm.4x.ds_resolve_max.sub_framebuffer	Pass	Pass
dEQP-VK.pipeline.monolithic.multisample.misc.clear_attachments.r8g8b8a8_unorm_r16g16b16a16_sfloat_r16g16b16a16_sint_d16_unorm.8x.ds_resolve_max.sub_framebuffer	Pass	Pass
dEQP-VK.pipeline.monolithic.multisample.misc.clear_attachments.r8g8b8a8_unorm_r16g16b16a16_sfloat_r16g16b16a16_sint_d24_unorm_s8_uint.16x.ds_resolve_max.sub_framebuffer	NotSupported	framebufferColorSampleCounts: sample count not supported at vktPipelineMultisampledRenderToSingleSampledTests.cpp:990
dEQP-VK.pipeline.monolithic.multisample.misc.clear_attachments.r8g8b8a8_unorm_r16g16b16a16_sfloat_r16g16b16a16_sint_d24_unorm_s8_uint.2x.ds_resolve_max.sub_framebuffer	NotSupported	VK_FORMAT_R8G8B8A8_UNORM: sample count not supported at vktPipelineMultisampledRenderToSingleSampledTests.cpp:1023
dEQP-VK.pipeline.monolithic.multisample.misc.clear_attachments.r8g8b8a8_unorm_r16g16b16a16_sfloat_r16g16b16a16_sint_d24_unorm_s8_uint.4x.ds_resolve_max.sub_framebuffer	Pass	Pass
dEQP-VK.pipeline.monolithic.multisample.misc.clear_attachments.r8g8b8a8_unorm_r16g16b16a16_sfloat_r16g16b16a16_sint_d24_unorm_s8_uint.8x.ds_resolve_max.sub_framebuffer	Pass	Pass
dEQP-VK.pipeline.monolithic.multisample.misc.clear_attachments.r8g8b8a8_unorm_r16g16b16a16_sfloat_r16g16b16a16_sint_d32_sfloat_s8_uint.16x.ds_resolve_max.sub_framebuffer	NotSupported	framebufferColorSampleCounts: sample count not supported at vktPipelineMultisampledRenderToSingleSampledTests.cpp:990
dEQP-VK.pipeline.monolithic.multisample.misc.clear_attachments.r8g8b8a8_unorm_r16g16b16a16_sfloat_r16g16b16a16_sint_d32_sfloat_s8_uint.2x.ds_resolve_max.sub_framebuffer	NotSupported	VK_FORMAT_R8G8B8A8_UNORM: sample count not supported at vktPipelineMultisampledRenderToSingleSampledTests.cpp:1023
dEQP-VK.pipeline.monolithic.multisample.misc.clear_attachments.r8g8b8a8_unorm_r16g16b16a16_sfloat_r16g16b16a16_sint_d32_sfloat_s8_uint.4x.ds_resolve_max.sub_framebuffer	Pass	Pass
dEQP-VK.pipeline.monolithic.multisample.misc.clear_attachments.r8g8b8a8_unorm_r16g16b16a16_sfloat_r16g16b16a16_sint_d32_sfloat_s8_uint.8x.ds_resolve_max.sub_framebuffer	Pass	Pass
dEQP-VK.pipeline.monolithic.multisample.misc.clear_attachments.r8g8b8a8_unorm_r16g16b16a16_sfloat_r16g16b16a16_sint_s8_uint.16x.ds_resolve_max.sub_framebuffer	NotSupported	framebufferColorSampleCounts: sample count not supported at vktPipelineMultisampledRenderToSingleSampledTests.cpp:990
dEQP-VK.pipeline.monolithic.multisample.misc.clear_attachments.r8g8b8a8_unorm_r16g16b16a16_sfloat_r16g16b16a16_sint_s8_uint.2x.ds_resolve_max.sub_framebuffer	NotSupported	VK_FORMAT_R8G8B8A8_UNORM: sample count not supported at vktPipelineMultisampledRenderToSingleSampledTests.cpp:1023
dEQP-VK.pipeline.monolithic.multisample.misc.clear_attachments.r8g8b8a8_unorm_r16g16b16a16_sfloat_r16g16b16a16_sint_s8_uint.4x.ds_resolve_max.sub_framebuffer	Pass	Pass
dEQP-VK.pipeline.monolithic.multisample.misc.clear_attachments.r8g8b8a8_unorm_r16g16b16a16_sfloat_r16g16b16a16_sint_s8_uint.8x.ds_resolve_max.sub_framebuffer	Pass	Pass
dEQP-VK.pipeline.monolithic.multisample.misc.clear_attachments.r8g8b8a8_unorm_r16g16b16a16_sfloat_r32g32b32a32_uint_d16_unorm.16x.ds_resolve_max.sub_framebuffer	NotSupported	VK_FORMAT_R32G32B32A32_UINT: sample count not supported at vktPipelineMultisampledRenderToSingleSampledTests.cpp:1023
dEQP-VK.pipeline.monolithic.multisample.misc.clear_attachments.r8g8b8a8_unorm_r16g16b16a16_sfloat_r32g32b32a32_uint_d16_unorm.2x.ds_resolve_max.sub_framebuffer	NotSupported	VK_FORMAT_R8G8B8A8_UNORM: sample count not supported at vktPipelineMultisampledRenderToSingleSampledTests.cpp:1023
dEQP-VK.pipeline.monolithic.multisample.misc.clear_attachments.r8g8b8a8_unorm_r16g16b16a16_sfloat_r32g32b32a32_uint_d16_unorm.4x.ds_resolve_max.sub_framebuffer	Pass	Pass
dEQP-VK.pipeline.monolithic.multisample.misc.clear_attachments.r8g8b8a8_unorm_r16g16b16a16_sfloat_r32g32b32a32_uint_d16_unorm.8x.ds_resolve_max.sub_framebuffer	Pass	Pass
dEQP-VK.pipeline.monolithic.multisample.misc.clear_attachments.r8g8b8a8_unorm_r16g16b16a16_sfloat_r32g32b32a32_uint_d24_unorm_s8_uint.16x.ds_resolve_max.sub_framebuffer	NotSupported	VK_FORMAT_R32G32B32A32_UINT: sample count not supported at vktPipelineMultisampledRenderToSingleSampledTests.cpp:1023
dEQP-VK.pipeline.monolithic.multisample.misc.clear_attachments.r8g8b8a8_unorm_r16g16b16a16_sfloat_r32g32b32a32_uint_d24_unorm_s8_uint.2x.ds_resolve_max.sub_framebuffer	NotSupported	VK_FORMAT_R8G8B8A8_UNORM: sample count not supported at vktPipelineMultisampledRenderToSingleSampledTests.cpp:1023
dEQP-VK.pipeline.monolithic.multisample.misc.clear_attachments.r8g8b8a8_unorm_r16g16b16a16_sfloat_r32g32b32a32_uint_d24_unorm_s8_uint.4x.ds_resolve_max.sub_framebuffer	Pass	Pass
dEQP-VK.pipeline.monolithic.multisample.misc.clear_attachments.r8g8b8a8_unorm_r16g16b16a16_sfloat_r32g32b32a32_uint_d24_unorm_s8_uint.8x.ds_resolve_max.sub_framebuffer	Pass	Pass
dEQP-VK.pipeline.monolithic.multisample.misc.clear_attachments.r8g8b8a8_unorm_r16g16b16a16_sfloat_r32g32b32a32_uint_d32_sfloat_s8_uint.16x.ds_resolve_max.sub_framebuffer	NotSupported	VK_FORMAT_R32G32B32A32_UINT: sample count not supported at vktPipelineMultisampledRenderToSingleSampledTests.cpp:1023
dEQP-VK.pipeline.monolithic.multisample.misc.clear_attachments.r8g8b8a8_unorm_r16g16b16a16_sfloat_r32g32b32a32_uint_d32_sfloat_s8_uint.2x.ds_resolve_max.sub_framebuffer	NotSupported	VK_FORMAT_R8G8B8A8_UNORM: sample count not supported at vktPipelineMultisampledRenderToSingleSampledTests.cpp:1023
dEQP-VK.pipeline.monolithic.multisample.misc.clear_attachments.r8g8b8a8_unorm_r16g16b16a16_sfloat_r32g32b32a32_uint_d32_sfloat_s8_uint.4x.ds_resolve_max.sub_framebuffer	Pass	Pass
dEQP-VK.pipeline.monolithic.multisample.misc.clear_attachments.r8g8b8a8_unorm_r16g16b16a16_sfloat_r32g32b32a32_uint_d32_sfloat_s8_uint.8x.ds_resolve_max.sub_framebuffer	Pass	Pass
dEQP-VK.pipeline.monolithic.multisample.misc.clear_attachments.r8g8b8a8_unorm_r16g16b16a16_sfloat_r32g32b32a32_uint_s8_uint.16x.ds_resolve_max.sub_framebuffer	NotSupported	VK_FORMAT_R32G32B32A32_UINT: sample count not supported at vktPipelineMultisampledRenderToSingleSampledTests.cpp:1023
dEQP-VK.pipeline.monolithic.multisample.misc.clear_attachments.r8g8b8a8_unorm_r16g16b16a16_sfloat_r32g32b32a32_uint_s8_uint.2x.ds_resolve_max.sub_framebuffer	NotSupported	VK_FORMAT_R8G8B8A8_UNORM: sample count not supported at vktPipelineMultisampledRenderToSingleSampledTests.cpp:1023
dEQP-VK.pipeline.monolithic.multisample.misc.clear_attachments.r8g8b8a8_unorm_r16g16b16a16_sfloat_r32g32b32a32_uint_s8_uint.4x.ds_resolve_max.sub_framebuffer	Pass	Pass
dEQP-VK.pipeline.monolithic.multisample.misc.clear_attachments.r8g8b8a8_unorm_r16g16b16a16_sfloat_r32g32b32a32_uint_s8_uint.8x.ds_resolve_max.sub_framebuffer	Pass	Pass
dEQP-VK.pipeline.monolithic.multisample.misc.dynamic_rendering.basic.r8g8b8a8_unorm_r16g16b16a16_sfloat_r16g16b16a16_sint_d16_unorm.16x.ds_resolve_max.sub_framebuffer.default	NotSupported	framebufferColorSampleCounts: sample count not supported at vktPipelineMultisampledRenderToSingleSampledTests.cpp:990
dEQP-VK.pipeline.monolithic.multisample.misc.dynamic_rendering.basic.r8g8b8a8_unorm_r16g16b16a16_sfloat_r16g16b16a16_sint_d16_unorm.2x.ds_resolve_max.sub_framebuffer.default	NotSupported	VK_FORMAT_R8G8B8A8_UNORM: sample count not supported at vktPipelineMultisampledRenderToSingleSampledTests.cpp:1023
dEQP-VK.pipeline.monolithic.multisample.misc.dynamic_rendering.basic.r8g8b8a8_unorm_r16g16b16a16_sfloat_r16g16b16a16_sint_d16_unorm.4x.ds_resolve_max.sub_framebuffer.default	Pass	Pass
dEQP-VK.pipeline.monolithic.multisample.misc.dynamic_rendering.basic.r8g8b8a8_unorm_r16g16b16a16_sfloat_r16g16b16a16_sint_d16_unorm.8x.ds_resolve_max.sub_framebuffer.default	Pass	Pass
dEQP-VK.pipeline.monolithic.multisample.misc.dynamic_rendering.basic.r8g8b8a8_unorm_r16g16b16a16_sfloat_r16g16b16a16_sint_d24_unorm_s8_uint.16x.ds_resolve_max.sub_framebuffer.default	NotSupported	framebufferColorSampleCounts: sample count not supported at vktPipelineMultisampledRenderToSingleSampledTests.cpp:990
dEQP-VK.pipeline.monolithic.multisample.misc.dynamic_rendering.basic.r8g8b8a8_unorm_r16g16b16a16_sfloat_r16g16b16a16_sint_d24_unorm_s8_uint.2x.ds_resolve_max.sub_framebuffer.default	NotSupported	VK_FORMAT_R8G8B8A8_UNORM: sample count not supported at vktPipelineMultisampledRenderToSingleSampledTests.cpp:1023
dEQP-VK.pipeline.monolithic.multisample.misc.dynamic_rendering.basic.r8g8b8a8_unorm_r16g16b16a16_sfloat_r16g16b16a16_sint_d24_unorm_s8_uint.4x.ds_resolve_max.sub_framebuffer.default	Pass	Pass
dEQP-VK.pipeline.monolithic.multisample.misc.dynamic_rendering.basic.r8g8b8a8_unorm_r16g16b16a16_sfloat_r16g16b16a16_sint_d24_unorm_s8_uint.8x.ds_resolve_max.sub_framebuffer.default	Pass	Pass
dEQP-VK.pipeline.monolithic.multisample.misc.dynamic_rendering.basic.r8g8b8a8_unorm_r16g16b16a16_sfloat_r16g16b16a16_sint_d32_sfloat_s8_uint.16x.ds_resolve_max.sub_framebuffer.default	NotSupported	framebufferColorSampleCounts: sample count not supported at vktPipelineMultisampledRenderToSingleSampledTests.cpp:990
dEQP-VK.pipeline.monolithic.multisample.misc.dynamic_rendering.basic.r8g8b8a8_unorm_r16g16b16a16_sfloat_r16g16b16a16_sint_d32_sfloat_s8_uint.2x.ds_resolve_max.sub_framebuffer.default	NotSupported	VK_FORMAT_R8G8B8A8_UNORM: sample count not supported at vktPipelineMultisampledRenderToSingleSampledTests.cpp:1023
dEQP-VK.pipeline.monolithic.multisample.misc.dynamic_rendering.basic.r8g8b8a8_unorm_r16g16b16a16_sfloat_r16g16b16a16_sint_d32_sfloat_s8_uint.4x.ds_resolve_max.sub_framebuffer.default	Pass	Pass
dEQP-VK.pipeline.monolithic.multisample.misc.dynamic_rendering.basic.r8g8b8a8_unorm_r16g16b16a16_sfloat_r16g16b16a16_sint_d32_sfloat_s8_uint.8x.ds_resolve_max.sub_framebuffer.default	Pass	Pass
dEQP-VK.pipeline.monolithic.multisample.misc.dynamic_rendering.basic.r8g8b8a8_unorm_r16g16b16a16_sfloat_r16g16b16a16_sint_s8_uint.16x.ds_resolve_max.sub_framebuffer.default	NotSupported	framebufferColorSampleCounts: sample count not supported at vktPipelineMultisampledRenderToSingleSampledTests.cpp:990
dEQP-VK.pipeline.monolithic.multisample.misc.dynamic_rendering.basic.r8g8b8a8_unorm_r16g16b16a16_sfloat_r16g16b16a16_sint_s8_uint.2x.ds_resolve_max.sub_framebuffer.default	NotSupported	VK_FORMAT_R8G8B8A8_UNORM: sample count not supported at vktPipelineMultisampledRenderToSingleSampledTests.cpp:1023
dEQP-VK.pipeline.monolithic.multisample.misc.dynamic_rendering.basic.r8g8b8a8_unorm_r16g16b16a16_sfloat_r16g16b16a16_sint_s8_uint.4x.ds_resolve_max.sub_framebuffer.default	Pass	Pass
dEQP-VK.pipeline.monolithic.multisample.misc.dynamic_rendering.basic.r8g8b8a8_unorm_r16g16b16a16_sfloat_r16g16b16a16_sint_s8_uint.8x.ds_resolve_max.sub_framebuffer.default	Pass	Pass
dEQP-VK.pipeline.monolithic.multisample.misc.dynamic_rendering.basic.r8g8b8a8_unorm_r16g16b16a16_sfloat_r32g32b32a32_uint_d16_unorm.16x.ds_resolve_max.sub_framebuffer.default	NotSupported	VK_FORMAT_R32G32B32A32_UINT: sample count not supported at vktPipelineMultisampledRenderToSingleSampledTests.cpp:1023
dEQP-VK.pipeline.monolithic.multisample.misc.dynamic_rendering.basic.r8g8b8a8_unorm_r16g16b16a16_sfloat_r32g32b32a32_uint_d16_unorm.2x.ds_resolve_max.sub_framebuffer.default	NotSupported	VK_FORMAT_R8G8B8A8_UNORM: sample count not supported at vktPipelineMultisampledRenderToSingleSampledTests.cpp:1023
dEQP-VK.pipeline.monolithic.multisample.misc.dynamic_rendering.basic.r8g8b8a8_unorm_r16g16b16a16_sfloat_r32g32b32a32_uint_d16_unorm.4x.ds_resolve_max.sub_framebuffer.default	Pass	Pass
dEQP-VK.pipeline.monolithic.multisample.misc.dynamic_rendering.basic.r8g8b8a8_unorm_r16g16b16a16_sfloat_r32g32b32a32_uint_d16_unorm.8x.ds_resolve_max.sub_framebuffer.default	Pass	Pass
dEQP-VK.pipeline.monolithic.multisample.misc.dynamic_rendering.basic.r8g8b8a8_unorm_r16g16b16a16_sfloat_r32g32b32a32_uint_d24_unorm_s8_uint.16x.ds_resolve_max.sub_framebuffer.default	NotSupported	VK_FORMAT_R32G32B32A32_UINT: sample count not supported at vktPipelineMultisampledRenderToSingleSampledTests.cpp:1023
dEQP-VK.pipeline.monolithic.multisample.misc.dynamic_rendering.basic.r8g8b8a8_unorm_r16g16b16a16_sfloat_r32g32b32a32_uint_d24_unorm_s8_uint.2x.ds_resolve_max.sub_framebuffer.default	NotSupported	VK_FORMAT_R8G8B8A8_UNORM: sample count not supported at vktPipelineMultisampledRenderToSingleSampledTests.cpp:1023
dEQP-VK.pipeline.monolithic.multisample.misc.dynamic_rendering.basic.r8g8b8a8_unorm_r16g16b16a16_sfloat_r32g32b32a32_uint_d24_unorm_s8_uint.4x.ds_resolve_max.sub_framebuffer.default	Pass	Pass
dEQP-VK.pipeline.monolithic.multisample.misc.dynamic_rendering.basic.r8g8b8a8_unorm_r16g16b16a16_sfloat_r32g32b32a32_uint_d24_unorm_s8_uint.8x.ds_resolve_max.sub_framebuffer.default	Pass	Pass
dEQP-VK.pipeline.monolithic.multisample.misc.dynamic_rendering.basic.r8g8b8a8_unorm_r16g16b16a16_sfloat_r32g32b32a32_uint_d32_sfloat_s8_uint.16x.ds_resolve_max.sub_framebuffer.default	NotSupported	VK_FORMAT_R32G32B32A32_UINT: sample count not supported at vktPipelineMultisampledRenderToSingleSampledTests.cpp:1023
dEQP-VK.pipeline.monolithic.multisample.misc.dynamic_rendering.basic.r8g8b8a8_unorm_r16g16b16a16_sfloat_r32g32b32a32_uint_d32_sfloat_s8_uint.2x.ds_resolve_max.sub_framebuffer.default	NotSupported	VK_FORMAT_R8G8B8A8_UNORM: sample count not supported at vktPipelineMultisampledRenderToSingleSampledTests.cpp:1023
dEQP-VK.pipeline.monolithic.multisample.misc.dynamic_rendering.basic.r8g8b8a8_unorm_r16g16b16a16_sfloat_r32g32b32a32_uint_d32_sfloat_s8_uint.4x.ds_resolve_max.sub_framebuffer.default	Pass	Pass
dEQP-VK.pipeline.monolithic.multisample.misc.dynamic_rendering.basic.r8g8b8a8_unorm_r16g16b16a16_sfloat_r32g32b32a32_uint_d32_sfloat_s8_uint.8x.ds_resolve_max.sub_framebuffer.default	Pass	Pass
dEQP-VK.pipeline.monolithic.multisample.misc.dynamic_rendering.basic.r8g8b8a8_unorm_r16g16b16a16_sfloat_r32g32b32a32_uint_s8_uint.16x.ds_resolve_max.sub_framebuffer.default	NotSupported	VK_FORMAT_R32G32B32A32_UINT: sample count not supported at vktPipelineMultisampledRenderToSingleSampledTests.cpp:1023
dEQP-VK.pipeline.monolithic.multisample.misc.dynamic_rendering.basic.r8g8b8a8_unorm_r16g16b16a16_sfloat_r32g32b32a32_uint_s8_uint.2x.ds_resolve_max.sub_framebuffer.default	NotSupported	VK_FORMAT_R8G8B8A8_UNORM: sample count not supported at vktPipelineMultisampledRenderToSingleSampledTests.cpp:1023
dEQP-VK.pipeline.monolithic.multisample.misc.dynamic_rendering.basic.r8g8b8a8_unorm_r16g16b16a16_sfloat_r32g32b32a32_uint_s8_uint.4x.ds_resolve_max.sub_framebuffer.default	Pass	Pass
dEQP-VK.pipeline.monolithic.multisample.misc.dynamic_rendering.basic.r8g8b8a8_unorm_r16g16b16a16_sfloat_r32g32b32a32_uint_s8_uint.8x.ds_resolve_max.sub_framebuffer.default	Pass	Pass
dEQP-VK.pipeline.monolithic.multisample.misc.dynamic_rendering.clear_attachments.r8g8b8a8_unorm_r16g16b16a16_sfloat_r16g16b16a16_sint_d16_unorm.16x.ds_resolve_max.sub_framebuffer	NotSupported	framebufferColorSampleCounts: sample count not supported at vktPipelineMultisampledRenderToSingleSampledTests.cpp:990
dEQP-VK.pipeline.monolithic.multisample.misc.dynamic_rendering.clear_attachments.r8g8b8a8_unorm_r16g16b16a16_sfloat_r16g16b16a16_sint_d16_unorm.2x.ds_resolve_max.sub_framebuffer	NotSupported	VK_FORMAT_R8G8B8A8_UNORM: sample count not supported at vktPipelineMultisampledRenderToSingleSampledTests.cpp:1023
dEQP-VK.pipeline.monolithic.multisample.misc.dynamic_rendering.clear_attachments.r8g8b8a8_unorm_r16g16b16a16_sfloat_r16g16b16a16_sint_d16_unorm.4x.ds_resolve_max.sub_framebuffer	Pass	Pass
dEQP-VK.pipeline.monolithic.multisample.misc.dynamic_rendering.clear_attachments.r8g8b8a8_unorm_r16g16b16a16_sfloat_r16g16b16a16_sint_d16_unorm.8x.ds_resolve_max.sub_framebuffer	Pass	Pass
dEQP-VK.pipeline.monolithic.multisample.misc.dynamic_rendering.clear_attachments.r8g8b8a8_unorm_r16g16b16a16_sfloat_r16g16b16a16_sint_d24_unorm_s8_uint.16x.ds_resolve_max.sub_framebuffer	NotSupported	framebufferColorSampleCounts: sample count not supported at vktPipelineMultisampledRenderToSingleSampledTests.cpp:990
dEQP-VK.pipeline.monolithic.multisample.misc.dynamic_rendering.clear_attachments.r8g8b8a8_unorm_r16g16b16a16_sfloat_r16g16b16a16_sint_d24_unorm_s8_uint.2x.ds_resolve_max.sub_framebuffer	NotSupported	VK_FORMAT_R8G8B8A8_UNORM: sample count not supported at vktPipelineMultisampledRenderToSingleSampledTests.cpp:1023
dEQP-VK.pipeline.monolithic.multisample.misc.dynamic_rendering.clear_attachments.r8g8b8a8_unorm_r16g16b16a16_sfloat_r16g16b16a16_sint_d24_unorm_s8_uint.4x.ds_resolve_max.sub_framebuffer	Pass	Pass
dEQP-VK.pipeline.monolithic.multisample.misc.dynamic_rendering.clear_attachments.r8g8b8a8_unorm_r16g16b16a16_sfloat_r16g16b16a16_sint_d24_unorm_s8_uint.8x.ds_resolve_max.sub_framebuffer	Pass	Pass
dEQP-VK.pipeline.monolithic.multisample.misc.dynamic_rendering.clear_attachments.r8g8b8a8_unorm_r16g16b16a16_sfloat_r16g16b16a16_sint_d32_sfloat_s8_uint.16x.ds_resolve_max.sub_framebuffer	NotSupported	framebufferColorSampleCounts: sample count not supported at vktPipelineMultisampledRenderToSingleSampledTests.cpp:990
dEQP-VK.pipeline.monolithic.multisample.misc.dynamic_rendering.clear_attachments.r8g8b8a8_unorm_r16g16b16a16_sfloat_r16g16b16a16_sint_d32_sfloat_s8_uint.2x.ds_resolve_max.sub_framebuffer	NotSupported	VK_FORMAT_R8G8B8A8_UNORM: sample count not supported at vktPipelineMultisampledRenderToSingleSampledTests.cpp:1023
dEQP-VK.pipeline.monolithic.multisample.misc.dynamic_rendering.clear_attachments.r8g8b8a8_unorm_r16g16b16a16_sfloat_r16g16b16a16_sint_d32_sfloat_s8_uint.4x.ds_resolve_max.sub_framebuffer	Pass	Pass
dEQP-VK.pipeline.monolithic.multisample.misc.dynamic_rendering.clear_attachments.r8g8b8a8_unorm_r16g16b16a16_sfloat_r16g16b16a16_sint_d32_sfloat_s8_uint.8x.ds_resolve_max.sub_framebuffer	Pass	Pass
dEQP-VK.pipeline.monolithic.multisample.misc.dynamic_rendering.clear_attachments.r8g8b8a8_unorm_r16g16b16a16_sfloat_r16g16b16a16_sint_s8_uint.16x.ds_resolve_max.sub_framebuffer	NotSupported	framebufferColorSampleCounts: sample count not supported at vktPipelineMultisampledRenderToSingleSampledTests.cpp:990
dEQP-VK.pipeline.monolithic.multisample.misc.dynamic_rendering.clear_attachments.r8g8b8a8_unorm_r16g16b16a16_sfloat_r16g16b16a16_sint_s8_uint.2x.ds_resolve_max.sub_framebuffer	NotSupported	VK_FORMAT_R8G8B8A8_UNORM: sample count not supported at vktPipelineMultisampledRenderToSingleSampledTests.cpp:1023
dEQP-VK.pipeline.monolithic.multisample.misc.dynamic_rendering.clear_attachments.r8g8b8a8_unorm_r16g16b16a16_sfloat_r16g16b16a16_sint_s8_uint.4x.ds_resolve_max.sub_framebuffer	Pass	Pass
dEQP-VK.pipeline.monolithic.multisample.misc.dynamic_rendering.clear_attachments.r8g8b8a8_unorm_r16g16b16a16_sfloat_r16g16b16a16_sint_s8_uint.8x.ds_resolve_max.sub_framebuffer	Pass	Pass
dEQP-VK.pipeline.monolithic.multisample.misc.dynamic_rendering.clear_attachments.r8g8b8a8_unorm_r16g16b16a16_sfloat_r32g32b32a32_uint_d16_unorm.16x.ds_resolve_max.sub_framebuffer	NotSupported	VK_FORMAT_R32G32B32A32_UINT: sample count not supported at vktPipelineMultisampledRenderToSingleSampledTests.cpp:1023
dEQP-VK.pipeline.monolithic.multisample.misc.dynamic_rendering.clear_attachments.r8g8b8a8_unorm_r16g16b16a16_sfloat_r32g32b32a32_uint_d16_unorm.2x.ds_resolve_max.sub_framebuffer	NotSupported	VK_FORMAT_R8G8B8A8_UNORM: sample count not supported at vktPipelineMultisampledRenderToSingleSampledTests.cpp:1023
dEQP-VK.pipeline.monolithic.multisample.misc.dynamic_rendering.clear_attachments.r8g8b8a8_unorm_r16g16b16a16_sfloat_r32g32b32a32_uint_d16_unorm.4x.ds_resolve_max.sub_framebuffer	Pass	Pass
dEQP-VK.pipeline.monolithic.multisample.misc.dynamic_rendering.clear_attachments.r8g8b8a8_unorm_r16g16b16a16_sfloat_r32g32b32a32_uint_d16_unorm.8x.ds_resolve_max.sub_framebuffer	Pass	Pass
dEQP-VK.pipeline.monolithic.multisample.misc.dynamic_rendering.clear_attachments.r8g8b8a8_unorm_r16g16b16a16_sfloat_r32g32b32a32_uint_d24_unorm_s8_uint.16x.ds_resolve_max.sub_framebuffer	NotSupported	VK_FORMAT_R32G32B32A32_UINT: sample count not supported at vktPipelineMultisampledRenderToSingleSampledTests.cpp:1023
dEQP-VK.pipeline.monolithic.multisample.misc.dynamic_rendering.clear_attachments.r8g8b8a8_unorm_r16g16b16a16_sfloat_r32g32b32a32_uint_d24_unorm_s8_uint.2x.ds_resolve_max.sub_framebuffer	NotSupported	VK_FORMAT_R8G8B8A8_UNORM: sample count not supported at vktPipelineMultisampledRenderToSingleSampledTests.cpp:1023
dEQP-VK.pipeline.monolithic.multisample.misc.dynamic_rendering.clear_attachments.r8g8b8a8_unorm_r16g16b16a16_sfloat_r32g32b32a32_uint_d24_unorm_s8_uint.4x.ds_resolve_max.sub_framebuffer	Pass	Pass
dEQP-VK.pipeline.monolithic.multisample.misc.dynamic_rendering.clear_attachments.r8g8b8a8_unorm_r16g16b16a16_sfloat_r32g32b32a32_uint_d24_unorm_s8_uint.8x.ds_resolve_max.sub_framebuffer	Pass	Pass
dEQP-VK.pipeline.monolithic.multisample.misc.dynamic_rendering.clear_attachments.r8g8b8a8_unorm_r16g16b16a16_sfloat_r32g32b32a32_uint_d32_sfloat_s8_uint.16x.ds_resolve_max.sub_framebuffer	NotSupported	VK_FORMAT_R32G32B32A32_UINT: sample count not supported at vktPipelineMultisampledRenderToSingleSampledTests.cpp:1023
dEQP-VK.pipeline.monolithic.multisample.misc.dynamic_rendering.clear_attachments.r8g8b8a8_unorm_r16g16b16a16_sfloat_r32g32b32a32_uint_d32_sfloat_s8_uint.2x.ds_resolve_max.sub_framebuffer	NotSupported	VK_FORMAT_R8G8B8A8_UNORM: sample count not supported at vktPipelineMultisampledRenderToSingleSampledTests.cpp:1023
dEQP-VK.pipeline.monolithic.multisample.misc.dynamic_rendering.clear_attachments.r8g8b8a8_unorm_r16g16b16a16_sfloat_r32g32b32a32_uint_d32_sfloat_s8_uint.4x.ds_resolve_max.sub_framebuffer	Pass	Pass
dEQP-VK.pipeline.monolithic.multisample.misc.dynamic_rendering.clear_attachments.r8g8b8a8_unorm_r16g16b16a16_sfloat_r32g32b32a32_uint_d32_sfloat_s8_uint.8x.ds_resolve_max.sub_framebuffer	Pass	Pass
dEQP-VK.pipeline.monolithic.multisample.misc.dynamic_rendering.clear_attachments.r8g8b8a8_unorm_r16g16b16a16_sfloat_r32g32b32a32_uint_s8_uint.16x.ds_resolve_max.sub_framebuffer	NotSupported	VK_FORMAT_R32G32B32A32_UINT: sample count not supported at vktPipelineMultisampledRenderToSingleSampledTests.cpp:1023
dEQP-VK.pipeline.monolithic.multisample.misc.dynamic_rendering.clear_attachments.r8g8b8a8_unorm_r16g16b16a16_sfloat_r32g32b32a32_uint_s8_uint.2x.ds_resolve_max.sub_framebuffer	NotSupported	VK_FORMAT_R8G8B8A8_UNORM: sample count not supported at vktPipelineMultisampledRenderToSingleSampledTests.cpp:1023
dEQP-VK.pipeline.monolithic.multisample.misc.dynamic_rendering.clear_attachments.r8g8b8a8_unorm_r16g16b16a16_sfloat_r32g32b32a32_uint_s8_uint.4x.ds_resolve_max.sub_framebuffer	Pass	Pass
dEQP-VK.pipeline.monolithic.multisample.misc.dynamic_rendering.clear_attachments.r8g8b8a8_unorm_r16g16b16a16_sfloat_r32g32b32a32_uint_s8_uint.8x.ds_resolve_max.sub_framebuffer	Pass	Pass
dEQP-VK.pipeline.monolithic.multisample.misc.dynamic_rendering.multi_renderpass.r8g8b8a8_unorm_r16g16b16a16_sfloat_r16g16b16a16_sint_d32_sfloat_s8_uint.random_103	NotSupported	VK_FORMAT_R8G8B8A8_UNORM: sample count not supported at vktPipelineMultisampledRenderToSingleSampledTests.cpp:1023
dEQP-VK.pipeline.monolithic.multisample.misc.dynamic_rendering.multi_renderpass.r8g8b8a8_unorm_r16g16b16a16_sfloat_r16g16b16a16_sint_d32_sfloat_s8_uint.random_115	Pass	Pass
dEQP-VK.pipeline.monolithic.multisample.misc.dynamic_rendering.multi_renderpass.r8g8b8a8_unorm_r16g16b16a16_sfloat_r16g16b16a16_sint_d32_sfloat_s8_uint.random_131	Pass	Pass
dEQP-VK.pipeline.monolithic.multisample.misc.dynamic_rendering.multi_renderpass.r8g8b8a8_unorm_r16g16b16a16_sfloat_r16g16b16a16_sint_d32_sfloat_s8_uint.random_147	NotSupported	framebufferColorSampleCounts: sample count not supported at vktPipelineMultisampledRenderToSingleSampledTests.cpp:990
dEQP-VK.pipeline.monolithic.multisample.misc.dynamic_rendering.multi_renderpass.r8g8b8a8_unorm_r16g16b16a16_sfloat_r16g16b16a16_sint_d32_sfloat_s8_uint.random_159	NotSupported	framebufferColorSampleCounts: sample count not supported at vktPipelineMultisampledRenderToSingleSampledTests.cpp:990
dEQP-VK.pipeline.monolithic.multisample.misc.dynamic_rendering.multi_renderpass.r8g8b8a8_unorm_r16g16b16a16_sfloat_r16g16b16a16_sint_d32_sfloat_s8_uint.random_175	Pass	Pass
dEQP-VK.pipeline.monolithic.multisample.misc.dynamic_rendering.multi_renderpass.r8g8b8a8_unorm_r16g16b16a16_sfloat_r16g16b16a16_sint_d32_sfloat_s8_uint.random_19	Pass	Pass
dEQP-VK.pipeline.monolithic.multisample.misc.dynamic_rendering.multi_renderpass.r8g8b8a8_unorm_r16g16b16a16_sfloat_r16g16b16a16_sint_d32_sfloat_s8_uint.random_203	Pass	Pass
dEQP-VK.pipeline.monolithic.multisample.misc.dynamic_rendering.multi_renderpass.r8g8b8a8_unorm_r16g16b16a16_sfloat_r16g16b16a16_sint_d32_sfloat_s8_uint.random_219	Pass	Pass
dEQP-VK.pipeline.monolithic.multisample.misc.dynamic_rendering.multi_renderpass.r8g8b8a8_unorm_r16g16b16a16_sfloat_r16g16b16a16_sint_d32_sfloat_s8_uint.random_231	Pass	Pass
dEQP-VK.pipeline.monolithic.multisample.misc.dynamic_rendering.multi_renderpass.r8g8b8a8_unorm_r16g16b16a16_sfloat_r16g16b16a16_sint_d32_sfloat_s8_uint.random_247	NotSupported	framebufferColorSampleCounts: sample count not supported at vktPipelineMultisampledRenderToSingleSampledTests.cpp:990
dEQP-VK.pipeline.monolithic.multisample.misc.dynamic_rendering.multi_renderpass.r8g8b8a8_unorm_r16g16b16a16_sfloat_r16g16b16a16_sint_d32_sfloat_s8_uint.random_35	Pass	Pass
dEQP-VK.pipeline.monolithic.multisample.misc.dynamic_rendering.multi_renderpass.r8g8b8a8_unorm_r16g16b16a16_sfloat_r16g16b16a16_sint_d32_sfloat_s8_uint.random_51	Pass	Pass
dEQP-VK.pipeline.monolithic.multisample.misc.dynamic_rendering.multi_renderpass.r8g8b8a8_unorm_r16g16b16a16_sfloat_r16g16b16a16_sint_d32_sfloat_s8_uint.random_67	Pass	Pass
dEQP-VK.pipeline.monolithic.multisample.misc.dynamic_rendering.multi_renderpass.r8g8b8a8_unorm_r16g16b16a16_sfloat_r16g16b16a16_sint_d32_sfloat_s8_uint.random_79	Pass	Pass
dEQP-VK.pipeline.monolithic.multisample.misc.dynamic_rendering.multi_renderpass.r8g8b8a8_unorm_r16g16b16a16_sfloat_r16g16b16a16_sint_d32_sfloat_s8_uint.random_95	Pass	Pass
dEQP-VK.pipeline.monolithic.multisample.misc.dynamic_rendering.multi_renderpass.r8g8b8a8_unorm_r16g16b16a16_sfloat_r16g16b16a16_sint_s8_uint.random_105	NotSupported	VK_FORMAT_R8G8B8A8_UNORM: sample count not supported at vktPipelineMultisampledRenderToSingleSampledTests.cpp:1023
dEQP-VK.pipeline.monolithic.multisample.misc.dynamic_rendering.multi_renderpass.r8g8b8a8_unorm_r16g16b16a16_sfloat_r16g16b16a16_sint_s8_uint.random_121	NotSupported	framebufferColorSampleCounts: sample count not supported at vktPipelineMultisampledRenderToSingleSampledTests.cpp:990
dEQP-VK.pipeline.monolithic.multisample.misc.dynamic_rendering.multi_renderpass.r8g8b8a8_unorm_r16g16b16a16_sfloat_r16g16b16a16_sint_s8_uint.random_133	Pass	Pass
dEQP-VK.pipeline.monolithic.multisample.misc.dynamic_rendering.multi_renderpass.r8g8b8a8_unorm_r16g16b16a16_sfloat_r16g16b16a16_sint_s8_uint.random_149	NotSupported	framebufferColorSampleCounts: sample count not supported at vktPipelineMultisampledRenderToSingleSampledTests.cpp:990
dEQP-VK.pipeline.monolithic.multisample.misc.dynamic_rendering.multi_renderpass.r8g8b8a8_unorm_r16g16b16a16_sfloat_r16g16b16a16_sint_s8_uint.random_165	Pass	Pass
dEQP-VK.pipeline.monolithic.multisample.misc.dynamic_rendering.multi_renderpass.r8g8b8a8_unorm_r16g16b16a16_sfloat_r16g16b16a16_sint_s8_uint.random_177	Pass	Pass
dEQP-VK.pipeline.monolithic.multisample.misc.dynamic_rendering.multi_renderpass.r8g8b8a8_unorm_r16g16b16a16_sfloat_r16g16b16a16_sint_s8_uint.random_193	Pass	Pass
dEQP-VK.pipeline.monolithic.multisample.misc.dynamic_rendering.multi_renderpass.r8g8b8a8_unorm_r16g16b16a16_sfloat_r16g16b16a16_sint_s8_uint.random_209	Pass	Pass
dEQP-VK.pipeline.monolithic.multisample.misc.dynamic_rendering.multi_renderpass.r8g8b8a8_unorm_r16g16b16a16_sfloat_r16g16b16a16_sint_s8_uint.random_221	Pass	Pass
dEQP-VK.pipeline.monolithic.multisample.misc.dynamic_rendering.multi_renderpass.r8g8b8a8_unorm_r16g16b16a16_sfloat_r16g16b16a16_sint_s8_uint.random_237	Pass	Pass
dEQP-VK.pipeline.monolithic.multisample.misc.dynamic_rendering.multi_renderpass.r8g8b8a8_unorm_r16g16b16a16_sfloat_r16g16b16a16_sint_s8_uint.random_25	Pass	Pass
dEQP-VK.pipeline.monolithic.multisample.misc.dynamic_rendering.multi_renderpass.r8g8b8a8_unorm_r16g16b16a16_sfloat_r16g16b16a16_sint_s8_uint.random_41	Pass	Pass
dEQP-VK.pipeline.monolithic.multisample.misc.dynamic_rendering.multi_renderpass.r8g8b8a8_unorm_r16g16b16a16_sfloat_r16g16b16a16_sint_s8_uint.random_53	Pass	Pass
dEQP-VK.pipeline.monolithic.multisample.misc.dynamic_rendering.multi_renderpass.r8g8b8a8_unorm_r16g16b16a16_sfloat_r16g16b16a16_sint_s8_uint.random_69	NotSupported	framebufferColorSampleCounts: sample count not supported at vktPipelineMultisampledRenderToSingleSampledTests.cpp:990
dEQP-VK.pipeline.monolithic.multisample.misc.dynamic_rendering.multi_renderpass.r8g8b8a8_unorm_r16g16b16a16_sfloat_r16g16b16a16_sint_s8_uint.random_85	Pass	Pass
dEQP-VK.pipeline.monolithic.multisample.misc.dynamic_rendering.multi_renderpass.r8g8b8a8_unorm_r16g16b16a16_sfloat_r16g16b16a16_sint_s8_uint.random_97	Pass	Pass
dEQP-VK.pipeline.monolithic.multisample.misc.dynamic_rendering.multi_renderpass.r8g8b8a8_unorm_r16g16b16a16_sfloat_r32g32b32a32_uint_d16_unorm.random_108	NotSupported	VK_FORMAT_R8G8B8A8_UNORM: sample count not supported at vktPipelineMultisampledRenderToSingleSampledTests.cpp:1023
dEQP-VK.pipeline.monolithic.multisample.misc.dynamic_rendering.multi_renderpass.r8g8b8a8_unorm_r16g16b16a16_sfloat_r32g32b32a32_uint_d16_unorm.random_120	Pass	Pass
dEQP-VK.pipeline.monolithic.multisample.misc.dynamic_rendering.multi_renderpass.r8g8b8a8_unorm_r16g16b16a16_sfloat_r32g32b32a32_uint_d16_unorm.random_136	Pass	Pass
dEQP-VK.pipeline.monolithic.multisample.misc.dynamic_rendering.multi_renderpass.r8g8b8a8_unorm_r16g16b16a16_sfloat_r32g32b32a32_uint_d16_unorm.random_152	Pass	Pass
dEQP-VK.pipeline.monolithic.multisample.misc.dynamic_rendering.multi_renderpass.r8g8b8a8_unorm_r16g16b16a16_sfloat_r32g32b32a32_uint_d16_unorm.random_164	Pass	Pass
dEQP-VK.pipeline.monolithic.multisample.misc.dynamic_rendering.multi_renderpass.r8g8b8a8_unorm_r16g16b16a16_sfloat_r32g32b32a32_uint_d16_unorm.random_180	Pass	Pass
dEQP-VK.pipeline.monolithic.multisample.misc.dynamic_rendering.multi_renderpass.r8g8b8a8_unorm_r16g16b16a16_sfloat_r32g32b32a32_uint_d16_unorm.random_196	NotSupported	VK_FORMAT_R8G8B8A8_UNORM: sample count not supported at vktPipelineMultisampledRenderToSingleSampledTests.cpp:1023
dEQP-VK.pipeline.monolithic.multisample.misc.dynamic_rendering.multi_renderpass.r8g8b8a8_unorm_r16g16b16a16_sfloat_r32g32b32a32_uint_d16_unorm.random_208	Pass	Pass
dEQP-VK.pipeline.monolithic.multisample.misc.dynamic_rendering.multi_renderpass.r8g8b8a8_unorm_r16g16b16a16_sfloat_r32g32b32a32_uint_d16_unorm.random_224	NotSupported	VK_FORMAT_R32G32B32A32_UINT: sample count not supported at vktPipelineMultisampledRenderToSingleSampledTests.cpp:1023
dEQP-VK.pipeline.monolithic.multisample.misc.dynamic_rendering.multi_renderpass.r8g8b8a8_unorm_r16g16b16a16_sfloat_r32g32b32a32_uint_d16_unorm.random_24	NotSupported	VK_FORMAT_R32G32B32A32_UINT: sample count not supported at vktPipelineMultisampledRenderToSingleSampledTests.cpp:1023
dEQP-VK.pipeline.monolithic.multisample.misc.dynamic_rendering.multi_renderpass.r8g8b8a8_unorm_r16g16b16a16_sfloat_r32g32b32a32_uint_d16_unorm.random_28	NotSupported	VK_FORMAT_R8G8B8A8_UNORM: sample count not supported at vktPipelineMultisampledRenderToSingleSampledTests.cpp:1023
dEQP-VK.pipeline.monolithic.multisample.misc.dynamic_rendering.multi_renderpass.r8g8b8a8_unorm_r16g16b16a16_sfloat_r32g32b32a32_uint_d16_unorm.random_40	NotSupported	VK_FORMAT_R32G32B32A32_UINT: sample count not supported at vktPipelineMultisampledRenderToSingleSampledTests.cpp:1023
dEQP-VK.pipeline.monolithic.multisample.misc.dynamic_rendering.multi_renderpass.r8g8b8a8_unorm_r16g16b16a16_sfloat_r32g32b32a32_uint_d16_unorm.random_56	NotSupported	VK_FORMAT_R8G8B8A8_UNORM: sample count not supported at vktPipelineMultisampledRenderToSingleSampledTests.cpp:1023
dEQP-VK.pipeline.monolithic.multisample.misc.dynamic_rendering.multi_renderpass.r8g8b8a8_unorm_r16g16b16a16_sfloat_r32g32b32a32_uint_d16_unorm.random_72	NotSupported	VK_FORMAT_R32G32B32A32_UINT: sample count not supported at vktPipelineMultisampledRenderToSingleSampledTests.cpp:1023
dEQP-VK.pipeline.monolithic.multisample.misc.dynamic_rendering.multi_renderpass.r8g8b8a8_unorm_r16g16b16a16_sfloat_r32g32b32a32_uint_d16_unorm.random_88	Pass	Pass
dEQP-VK.pipeline.monolithic.multisample.misc.dynamic_rendering.multi_renderpass.r8g8b8a8_unorm_r16g16b16a16_sfloat_r32g32b32a32_uint_d24_unorm_s8_uint.random_102	Pass	Pass
dEQP-VK.pipeline.monolithic.multisample.misc.dynamic_rendering.multi_renderpass.r8g8b8a8_unorm_r16g16b16a16_sfloat_r32g32b32a32_uint_d24_unorm_s8_uint.random_118	Pass	Pass
dEQP-VK.pipeline.monolithic.multisample.misc.dynamic_rendering.multi_renderpass.r8g8b8a8_unorm_r16g16b16a16_sfloat_r32g32b32a32_uint_d24_unorm_s8_uint.random_134	Pass	Pass
dEQP-VK.pipeline.monolithic.multisample.misc.dynamic_rendering.multi_renderpass.r8g8b8a8_unorm_r16g16b16a16_sfloat_r32g32b32a32_uint_d24_unorm_s8_uint.random_146	NotSupported	VK_FORMAT_R8G8B8A8_UNORM: sample count not supported at vktPipelineMultisampledRenderToSingleSampledTests.cpp:1023
dEQP-VK.pipeline.monolithic.multisample.misc.dynamic_rendering.multi_renderpass.r8g8b8a8_unorm_r16g16b16a16_sfloat_r32g32b32a32_uint_d24_unorm_s8_uint.random_162	NotSupported	VK_FORMAT_R32G32B32A32_UINT: sample count not supported at vktPipelineMultisampledRenderToSingleSampledTests.cpp:1023
dEQP-VK.pipeline.monolithic.multisample.misc.dynamic_rendering.multi_renderpass.r8g8b8a8_unorm_r16g16b16a16_sfloat_r32g32b32a32_uint_d24_unorm_s8_uint.random_178	NotSupported	VK_FORMAT_R8G8B8A8_UNORM: sample count not supported at vktPipelineMultisampledRenderToSingleSampledTests.cpp:1023
dEQP-VK.pipeline.monolithic.multisample.misc.dynamic_rendering.multi_renderpass.r8g8b8a8_unorm_r16g16b16a16_sfloat_r32g32b32a32_uint_d24_unorm_s8_uint.random_190	Pass	Pass
dEQP-VK.pipeline.monolithic.multisample.misc.dynamic_rendering.multi_renderpass.r8g8b8a8_unorm_r16g16b16a16_sfloat_r32g32b32a32_uint_d24_unorm_s8_uint.random_202	Pass	Pass
dEQP-VK.pipeline.monolithic.multisample.misc.dynamic_rendering.multi_renderpass.r8g8b8a8_unorm_r16g16b16a16_sfloat_r32g32b32a32_uint_d24_unorm_s8_uint.random_218	Pass	Pass
dEQP-VK.pipeline.monolithic.multisample.misc.dynamic_rendering.multi_renderpass.r8g8b8a8_unorm_r16g16b16a16_sfloat_r32g32b32a32_uint_d24_unorm_s8_uint.random_230	Pass	Pass
dEQP-VK.pipeline.monolithic.multisample.misc.dynamic_rendering.multi_renderpass.r8g8b8a8_unorm_r16g16b16a16_sfloat_r32g32b32a32_uint_d24_unorm_s8_uint.random_246	Pass	Pass
dEQP-VK.pipeline.monolithic.multisample.misc.dynamic_rendering.multi_renderpass.r8g8b8a8_unorm_r16g16b16a16_sfloat_r32g32b32a32_uint_d24_unorm_s8_uint.random_38	Pass	Pass
dEQP-VK.pipeline.monolithic.multisample.misc.dynamic_rendering.multi_renderpass.r8g8b8a8_unorm_r16g16b16a16_sfloat_r32g32b32a32_uint_d24_unorm_s8_uint.random_54	Pass	Pass
dEQP-VK.pipeline.monolithic.multisample.misc.dynamic_rendering.multi_renderpass.r8g8b8a8_unorm_r16g16b16a16_sfloat_r32g32b32a32_uint_d24_unorm_s8_uint.random_66	NotSupported	VK_FORMAT_R8G8B8A8_UNORM: sample count not supported at vktPipelineMultisampledRenderToSingleSampledTests.cpp:1023
dEQP-VK.pipeline.monolithic.multisample.misc.dynamic_rendering.multi_renderpass.r8g8b8a8_unorm_r16g16b16a16_sfloat_r32g32b32a32_uint_d24_unorm_s8_uint.random_82	Pass	Pass
dEQP-VK.pipeline.monolithic.multisample.misc.dynamic_rendering.multi_renderpass.r8g8b8a8_unorm_r16g16b16a16_sfloat_r32g32b32a32_uint_d24_unorm_s8_uint.random_98	NotSupported	VK_FORMAT_R8G8B8A8_UNORM: sample count not supported at vktPipelineMultisampledRenderToSingleSampledTests.cpp:1023
dEQP-VK.pipeline.monolithic.multisample.misc.input_attachments.render_to.r8g8b8a8_unorm_r16g16b16a16_sfloat_r16g16b16a16_sint_d16_unorm.16x.ds_resolve_sample_zero.whole_framebuffer	NotSupported	framebufferColorSampleCounts: sample count not supported at vktPipelineMultisampledRenderToSingleSampledTests.cpp:990
dEQP-VK.pipeline.monolithic.multisample.misc.input_attachments.render_to.r8g8b8a8_unorm_r16g16b16a16_sfloat_r16g16b16a16_sint_d16_unorm.2x.ds_resolve_sample_zero.whole_framebuffer	NotSupported	VK_FORMAT_R8G8B8A8_UNORM: sample count not supported at vktPipelineMultisampledRenderToSingleSampledTests.cpp:1023
dEQP-VK.pipeline.monolithic.multisample.misc.input_attachments.render_to.r8g8b8a8_unorm_r16g16b16a16_sfloat_r16g16b16a16_sint_d16_unorm.4x.ds_resolve_sample_zero.whole_framebuffer	Pass	Pass
dEQP-VK.pipeline.monolithic.multisample.misc.input_attachments.render_to.r8g8b8a8_unorm_r16g16b16a16_sfloat_r16g16b16a16_sint_d16_unorm.8x.ds_resolve_sample_zero.whole_framebuffer	Pass	Pass
dEQP-VK.pipeline.monolithic.multisample.misc.input_attachments.render_to.r8g8b8a8_unorm_r16g16b16a16_sfloat_r16g16b16a16_sint_d24_unorm_s8_uint.16x.ds_resolve_sample_zero.whole_framebuffer	NotSupported	framebufferColorSampleCounts: sample count not supported at vktPipelineMultisampledRenderToSingleSampledTests.cpp:990
dEQP-VK.pipeline.monolithic.multisample.misc.input_attachments.render_to.r8g8b8a8_unorm_r16g16b16a16_sfloat_r16g16b16a16_sint_d24_unorm_s8_uint.2x.ds_resolve_sample_zero.whole_framebuffer	NotSupported	VK_FORMAT_R8G8B8A8_UNORM: sample count not supported at vktPipelineMultisampledRenderToSingleSampledTests.cpp:1023
dEQP-VK.pipeline.monolithic.multisample.misc.input_attachments.render_to.r8g8b8a8_unorm_r16g16b16a16_sfloat_r16g16b16a16_sint_d24_unorm_s8_uint.4x.ds_resolve_sample_zero.whole_framebuffer	Pass	Pass
dEQP-VK.pipeline.monolithic.multisample.misc.input_attachments.render_to.r8g8b8a8_unorm_r16g16b16a16_sfloat_r16g16b16a16_sint_d24_unorm_s8_uint.8x.ds_resolve_sample_zero.whole_framebuffer	Pass	Pass
dEQP-VK.pipeline.monolithic.multisample.misc.input_attachments.render_to.r8g8b8a8_unorm_r16g16b16a16_sfloat_r16g16b16a16_sint_d32_sfloat_s8_uint.16x.ds_resolve_sample_zero.whole_framebuffer	NotSupported	framebufferColorSampleCounts: sample count not supported at vktPipelineMultisampledRenderToSingleSampledTests.cpp:990
dEQP-VK.pipeline.monolithic.multisample.misc.input_attachments.render_to.r8g8b8a8_unorm_r16g16b16a16_sfloat_r16g16b16a16_sint_d32_sfloat_s8_uint.2x.ds_resolve_sample_zero.whole_framebuffer	NotSupported	VK_FORMAT_R8G8B8A8_UNORM: sample count not supported at vktPipelineMultisampledRenderToSingleSampledTests.cpp:1023
dEQP-VK.pipeline.monolithic.multisample.misc.input_attachments.render_to.r8g8b8a8_unorm_r16g16b16a16_sfloat_r16g16b16a16_sint_d32_sfloat_s8_uint.4x.ds_resolve_sample_zero.whole_framebuffer	Pass	Pass
dEQP-VK.pipeline.monolithic.multisample.misc.input_attachments.render_to.r8g8b8a8_unorm_r16g16b16a16_sfloat_r16g16b16a16_sint_d32_sfloat_s8_uint.8x.ds_resolve_sample_zero.whole_framebuffer	Pass	Pass
dEQP-VK.pipeline.monolithic.multisample.misc.input_attachments.render_to.r8g8b8a8_unorm_r16g16b16a16_sfloat_r16g16b16a16_sint_s8_uint.16x.ds_resolve_sample_zero.whole_framebuffer	NotSupported	framebufferColorSampleCounts: sample count not supported at vktPipelineMultisampledRenderToSingleSampledTests.cpp:990
dEQP-VK.pipeline.monolithic.multisample.misc.input_attachments.render_to.r8g8b8a8_unorm_r16g16b16a16_sfloat_r16g16b16a16_sint_s8_uint.2x.ds_resolve_sample_zero.whole_framebuffer	NotSupported	VK_FORMAT_R8G8B8A8_UNORM: sample count not supported at vktPipelineMultisampledRenderToSingleSampledTests.cpp:1023
dEQP-VK.pipeline.monolithic.multisample.misc.input_attachments.render_to.r8g8b8a8_unorm_r16g16b16a16_sfloat_r16g16b16a16_sint_s8_uint.4x.ds_resolve_sample_zero.whole_framebuffer	Pass	Pass
dEQP-VK.pipeline.monolithic.multisample.misc.input_attachments.render_to.r8g8b8a8_unorm_r16g16b16a16_sfloat_r16g16b16a16_sint_s8_uint.8x.ds_resolve_sample_zero.whole_framebuffer	Pass	Pass
dEQP-VK.pipeline.monolithic.multisample.misc.input_attachments.render_to.r8g8b8a8_unorm_r16g16b16a16_sfloat_r32g32b32a32_uint_d16_unorm.16x.ds_resolve_sample_zero.whole_framebuffer	NotSupported	VK_FORMAT_R32G32B32A32_UINT: sample count not supported at vktPipelineMultisampledRenderToSingleSampledTests.cpp:1023
dEQP-VK.pipeline.monolithic.multisample.misc.input_attachments.render_to.r8g8b8a8_unorm_r16g16b16a16_sfloat_r32g32b32a32_uint_d16_unorm.2x.ds_resolve_sample_zero.whole_framebuffer	NotSupported	VK_FORMAT_R8G8B8A8_UNORM: sample count not supported at vktPipelineMultisampledRenderToSingleSampledTests.cpp:1023
dEQP-VK.pipeline.monolithic.multisample.misc.input_attachments.render_to.r8g8b8a8_unorm_r16g16b16a16_sfloat_r32g32b32a32_uint_d16_unorm.4x.ds_resolve_sample_zero.whole_framebuffer	Pass	Pass
dEQP-VK.pipeline.monolithic.multisample.misc.input_attachments.render_to.r8g8b8a8_unorm_r16g16b16a16_sfloat_r32g32b32a32_uint_d16_unorm.8x.ds_resolve_sample_zero.whole_framebuffer	Pass	Pass
dEQP-VK.pipeline.monolithic.multisample.misc.input_attachments.render_to.r8g8b8a8_unorm_r16g16b16a16_sfloat_r32g32b32a32_uint_d24_unorm_s8_uint.16x.ds_resolve_sample_zero.whole_framebuffer	NotSupported	VK_FORMAT_R32G32B32A32_UINT: sample count not supported at vktPipelineMultisampledRenderToSingleSampledTests.cpp:1023
dEQP-VK.pipeline.monolithic.multisample.misc.input_attachments.render_to.r8g8b8a8_unorm_r16g16b16a16_sfloat_r32g32b32a32_uint_d24_unorm_s8_uint.2x.ds_resolve_sample_zero.whole_framebuffer	NotSupported	VK_FORMAT_R8G8B8A8_UNORM: sample count not supported at vktPipelineMultisampledRenderToSingleSampledTests.cpp:1023
dEQP-VK.pipeline.monolithic.multisample.misc.input_attachments.render_to.r8g8b8a8_unorm_r16g16b16a16_sfloat_r32g32b32a32_uint_d24_unorm_s8_uint.4x.ds_resolve_sample_zero.whole_framebuffer	Pass	Pass
dEQP-VK.pipeline.monolithic.multisample.misc.input_attachments.render_to.r8g8b8a8_unorm_r16g16b16a16_sfloat_r32g32b32a32_uint_d24_unorm_s8_uint.8x.ds_resolve_sample_zero.whole_framebuffer	Pass	Pass
dEQP-VK.pipeline.monolithic.multisample.misc.input_attachments.render_to.r8g8b8a8_unorm_r16g16b16a16_sfloat_r32g32b32a32_uint_d32_sfloat_s8_uint.16x.ds_resolve_sample_zero.whole_framebuffer	NotSupported	VK_FORMAT_R32G32B32A32_UINT: sample count not supported at vktPipelineMultisampledRenderToSingleSampledTests.cpp:1023
dEQP-VK.pipeline.monolithic.multisample.misc.input_attachments.render_to.r8g8b8a8_unorm_r16g16b16a16_sfloat_r32g32b32a32_uint_d32_sfloat_s8_uint.2x.ds_resolve_sample_zero.whole_framebuffer	NotSupported	VK_FORMAT_R8G8B8A8_UNORM: sample count not supported at vktPipelineMultisampledRenderToSingleSampledTests.cpp:1023
dEQP-VK.pipeline.monolithic.multisample.misc.input_attachments.render_to.r8g8b8a8_unorm_r16g16b16a16_sfloat_r32g32b32a32_uint_d32_sfloat_s8_uint.4x.ds_resolve_sample_zero.whole_framebuffer	Pass	Pass
dEQP-VK.pipeline.monolithic.multisample.misc.input_attachments.render_to.r8g8b8a8_unorm_r16g16b16a16_sfloat_r32g32b32a32_uint_d32_sfloat_s8_uint.8x.ds_resolve_sample_zero.whole_framebuffer	Pass	Pass
dEQP-VK.pipeline.monolithic.multisample.misc.input_attachments.render_to.r8g8b8a8_unorm_r16g16b16a16_sfloat_r32g32b32a32_uint_s8_uint.16x.ds_resolve_sample_zero.whole_framebuffer	NotSupported	VK_FORMAT_R32G32B32A32_UINT: sample count not supported at vktPipelineMultisampledRenderToSingleSampledTests.cpp:1023
dEQP-VK.pipeline.monolithic.multisample.misc.input_attachments.render_to.r8g8b8a8_unorm_r16g16b16a16_sfloat_r32g32b32a32_uint_s8_uint.2x.ds_resolve_sample_zero.whole_framebuffer	NotSupported	VK_FORMAT_R8G8B8A8_UNORM: sample count not supported at vktPipelineMultisampledRenderToSingleSampledTests.cpp:1023
dEQP-VK.pipeline.monolithic.multisample.misc.input_attachments.render_to.r8g8b8a8_unorm_r16g16b16a16_sfloat_r32g32b32a32_uint_s8_uint.4x.ds_resolve_sample_zero.whole_framebuffer	Pass	Pass
dEQP-VK.pipeline.monolithic.multisample.misc.input_attachments.render_to.r8g8b8a8_unorm_r16g16b16a16_sfloat_r32g32b32a32_uint_s8_uint.8x.ds_resolve_sample_zero.whole_framebuffer	Pass	Pass
dEQP-VK.pipeline.monolithic.multisample.misc.multi_renderpass.r8g8b8a8_unorm_r16g16b16a16_sfloat_r16g16b16a16_sint_d32_sfloat_s8_uint.random_111	Pass	Pass
dEQP-VK.pipeline.monolithic.multisample.misc.multi_renderpass.r8g8b8a8_unorm_r16g16b16a16_sfloat_r16g16b16a16_sint_d32_sfloat_s8_uint.random_127	Pass	Pass
dEQP-VK.pipeline.monolithic.multisample.misc.multi_renderpass.r8g8b8a8_unorm_r16g16b16a16_sfloat_r16g16b16a16_sint_d32_sfloat_s8_uint.random_143	Pass	Pass
dEQP-VK.pipeline.monolithic.multisample.misc.multi_renderpass.r8g8b8a8_unorm_r16g16b16a16_sfloat_r16g16b16a16_sint_d32_sfloat_s8_uint.random_155	Pass	Pass
dEQP-VK.pipeline.monolithic.multisample.misc.multi_renderpass.r8g8b8a8_unorm_r16g16b16a16_sfloat_r16g16b16a16_sint_d32_sfloat_s8_uint.random_171	Pass	Pass
dEQP-VK.pipeline.monolithic.multisample.misc.multi_renderpass.r8g8b8a8_unorm_r16g16b16a16_sfloat_r16g16b16a16_sint_d32_sfloat_s8_uint.random_187	Pass	Pass
dEQP-VK.pipeline.monolithic.multisample.misc.multi_renderpass.r8g8b8a8_unorm_r16g16b16a16_sfloat_r16g16b16a16_sint_d32_sfloat_s8_uint.random_199	NotSupported	VK_FORMAT_R8G8B8A8_UNORM: sample count not supported at vktPipelineMultisampledRenderToSingleSampledTests.cpp:1023
dEQP-VK.pipeline.monolithic.multisample.misc.multi_renderpass.r8g8b8a8_unorm_r16g16b16a16_sfloat_r16g16b16a16_sint_d32_sfloat_s8_uint.random_215	NotSupported	framebufferColorSampleCounts: sample count not supported at vktPipelineMultisampledRenderToSingleSampledTests.cpp:990
dEQP-VK.pipeline.monolithic.multisample.misc.multi_renderpass.r8g8b8a8_unorm_r16g16b16a16_sfloat_r16g16b16a16_sint_d32_sfloat_s8_uint.random_23	NotSupported	framebufferColorSampleCounts: sample count not supported at vktPipelineMultisampledRenderToSingleSampledTests.cpp:990
dEQP-VK.pipeline.monolithic.multisample.misc.multi_renderpass.r8g8b8a8_unorm_r16g16b16a16_sfloat_r16g16b16a16_sint_d32_sfloat_s8_uint.random_243	Pass	Pass
dEQP-VK.pipeline.monolithic.multisample.misc.multi_renderpass.r8g8b8a8_unorm_r16g16b16a16_sfloat_r16g16b16a16_sint_d32_sfloat_s8_uint.random_31	Pass	Pass
dEQP-VK.pipeline.monolithic.multisample.misc.multi_renderpass.r8g8b8a8_unorm_r16g16b16a16_sfloat_r16g16b16a16_sint_d32_sfloat_s8_uint.random_47	NotSupported	VK_FORMAT_R8G8B8A8_UNORM: sample count not supported at vktPipelineMultisampledRenderToSingleSampledTests.cpp:1023
dEQP-VK.pipeline.monolithic.multisample.misc.multi_renderpass.r8g8b8a8_unorm_r16g16b16a16_sfloat_r16g16b16a16_sint_d32_sfloat_s8_uint.random_63	Pass	Pass
dEQP-VK.pipeline.monolithic.multisample.misc.multi_renderpass.r8g8b8a8_unorm_r16g16b16a16_sfloat_r16g16b16a16_sint_d32_sfloat_s8_uint.random_75	Pass	Pass
dEQP-VK.pipeline.monolithic.multisample.misc.multi_renderpass.r8g8b8a8_unorm_r16g16b16a16_sfloat_r16g16b16a16_sint_d32_sfloat_s8_uint.random_91	Pass	Pass
dEQP-VK.pipeline.monolithic.multisample.misc.multi_renderpass.r8g8b8a8_unorm_r16g16b16a16_sfloat_r16g16b16a16_sint_s8_uint.random_101	Pass	Pass
dEQP-VK.pipeline.monolithic.multisample.misc.multi_renderpass.r8g8b8a8_unorm_r16g16b16a16_sfloat_r16g16b16a16_sint_s8_uint.random_117	Pass	Pass
dEQP-VK.pipeline.monolithic.multisample.misc.multi_renderpass.r8g8b8a8_unorm_r16g16b16a16_sfloat_r16g16b16a16_sint_s8_uint.random_13	Pass	Pass
dEQP-VK.pipeline.monolithic.multisample.misc.multi_renderpass.r8g8b8a8_unorm_r16g16b16a16_sfloat_r16g16b16a16_sint_s8_uint.random_145	Pass	Pass
dEQP-VK.pipeline.monolithic.multisample.misc.multi_renderpass.r8g8b8a8_unorm_r16g16b16a16_sfloat_r16g16b16a16_sint_s8_uint.random_161	Pass	Pass
dEQP-VK.pipeline.monolithic.multisample.misc.multi_renderpass.r8g8b8a8_unorm_r16g16b16a16_sfloat_r16g16b16a16_sint_s8_uint.random_173	Pass	Pass
dEQP-VK.pipeline.monolithic.multisample.misc.multi_renderpass.r8g8b8a8_unorm_r16g16b16a16_sfloat_r16g16b16a16_sint_s8_uint.random_189	Pass	Pass
dEQP-VK.pipeline.monolithic.multisample.misc.multi_renderpass.r8g8b8a8_unorm_r16g16b16a16_sfloat_r16g16b16a16_sint_s8_uint.random_205	Pass	Pass
dEQP-VK.pipeline.monolithic.multisample.misc.multi_renderpass.r8g8b8a8_unorm_r16g16b16a16_sfloat_r16g16b16a16_sint_s8_uint.random_217	Pass	Pass
dEQP-VK.pipeline.monolithic.multisample.misc.multi_renderpass.r8g8b8a8_unorm_r16g16b16a16_sfloat_r16g16b16a16_sint_s8_uint.random_233	NotSupported	framebufferColorSampleCounts: sample count not supported at vktPipelineMultisampledRenderToSingleSampledTests.cpp:990
dEQP-VK.pipeline.monolithic.multisample.misc.multi_renderpass.r8g8b8a8_unorm_r16g16b16a16_sfloat_r16g16b16a16_sint_s8_uint.random_249	Pass	Pass
dEQP-VK.pipeline.monolithic.multisample.misc.multi_renderpass.r8g8b8a8_unorm_r16g16b16a16_sfloat_r16g16b16a16_sint_s8_uint.random_37	Pass	Pass
dEQP-VK.pipeline.monolithic.multisample.misc.multi_renderpass.r8g8b8a8_unorm_r16g16b16a16_sfloat_r16g16b16a16_sint_s8_uint.random_5	Pass	Pass
dEQP-VK.pipeline.monolithic.multisample.misc.multi_renderpass.r8g8b8a8_unorm_r16g16b16a16_sfloat_r16g16b16a16_sint_s8_uint.random_65	Pass	Pass
dEQP-VK.pipeline.monolithic.multisample.misc.multi_renderpass.r8g8b8a8_unorm_r16g16b16a16_sfloat_r16g16b16a16_sint_s8_uint.random_81	Pass	Pass
dEQP-VK.pipeline.monolithic.multisample.misc.multi_renderpass.r8g8b8a8_unorm_r16g16b16a16_sfloat_r16g16b16a16_sint_s8_uint.random_93	NotSupported	VK_FORMAT_R8G8B8A8_UNORM: sample count not supported at vktPipelineMultisampledRenderToSingleSampledTests.cpp:1023
dEQP-VK.pipeline.monolithic.multisample.misc.multi_renderpass.r8g8b8a8_unorm_r16g16b16a16_sfloat_r32g32b32a32_uint_d16_unorm.random_104	Pass	Pass
dEQP-VK.pipeline.monolithic.multisample.misc.multi_renderpass.r8g8b8a8_unorm_r16g16b16a16_sfloat_r32g32b32a32_uint_d16_unorm.random_12	Pass	Pass
dEQP-VK.pipeline.monolithic.multisample.misc.multi_renderpass.r8g8b8a8_unorm_r16g16b16a16_sfloat_r32g32b32a32_uint_d16_unorm.random_132	Pass	Pass
dEQP-VK.pipeline.monolithic.multisample.misc.multi_renderpass.r8g8b8a8_unorm_r16g16b16a16_sfloat_r32g32b32a32_uint_d16_unorm.random_148	Pass	Pass
dEQP-VK.pipeline.monolithic.multisample.misc.multi_renderpass.r8g8b8a8_unorm_r16g16b16a16_sfloat_r32g32b32a32_uint_d16_unorm.random_160	Pass	Pass
dEQP-VK.pipeline.monolithic.multisample.misc.multi_renderpass.r8g8b8a8_unorm_r16g16b16a16_sfloat_r32g32b32a32_uint_d16_unorm.random_176	NotSupported	VK_FORMAT_R32G32B32A32_UINT: sample count not supported at vktPipelineMultisampledRenderToSingleSampledTests.cpp:1023
dEQP-VK.pipeline.monolithic.multisample.misc.multi_renderpass.r8g8b8a8_unorm_r16g16b16a16_sfloat_r32g32b32a32_uint_d16_unorm.random_192	NotSupported	VK_FORMAT_R32G32B32A32_UINT: sample count not supported at vktPipelineMultisampledRenderToSingleSampledTests.cpp:1023
dEQP-VK.pipeline.monolithic.multisample.misc.multi_renderpass.r8g8b8a8_unorm_r16g16b16a16_sfloat_r32g32b32a32_uint_d16_unorm.random_204	Pass	Pass
dEQP-VK.pipeline.monolithic.multisample.misc.multi_renderpass.r8g8b8a8_unorm_r16g16b16a16_sfloat_r32g32b32a32_uint_d16_unorm.random_220	Pass	Pass
dEQP-VK.pipeline.monolithic.multisample.misc.multi_renderpass.r8g8b8a8_unorm_r16g16b16a16_sfloat_r32g32b32a32_uint_d16_unorm.random_236	NotSupported	VK_FORMAT_R8G8B8A8_UNORM: sample count not supported at vktPipelineMultisampledRenderToSingleSampledTests.cpp:1023
dEQP-VK.pipeline.monolithic.multisample.misc.multi_renderpass.r8g8b8a8_unorm_r16g16b16a16_sfloat_r32g32b32a32_uint_d16_unorm.random_248	Pass	Pass
dEQP-VK.pipeline.monolithic.multisample.misc.multi_renderpass.r8g8b8a8_unorm_r16g16b16a16_sfloat_r32g32b32a32_uint_d16_unorm.random_4	NotSupported	VK_FORMAT_R32G32B32A32_UINT: sample count not supported at vktPipelineMultisampledRenderToSingleSampledTests.cpp:1023
dEQP-VK.pipeline.monolithic.multisample.misc.multi_renderpass.r8g8b8a8_unorm_r16g16b16a16_sfloat_r32g32b32a32_uint_d16_unorm.random_52	Pass	Pass
dEQP-VK.pipeline.monolithic.multisample.misc.multi_renderpass.r8g8b8a8_unorm_r16g16b16a16_sfloat_r32g32b32a32_uint_d16_unorm.random_68	Pass	Pass
dEQP-VK.pipeline.monolithic.multisample.misc.multi_renderpass.r8g8b8a8_unorm_r16g16b16a16_sfloat_r32g32b32a32_uint_d16_unorm.random_84	NotSupported	VK_FORMAT_R32G32B32A32_UINT: sample count not supported at vktPipelineMultisampledRenderToSingleSampledTests.cpp:1023
dEQP-VK.pipeline.monolithic.multisample.misc.multi_renderpass.r8g8b8a8_unorm_r16g16b16a16_sfloat_r32g32b32a32_uint_d24_unorm_s8_uint.random_10	Pass	Pass
dEQP-VK.pipeline.monolithic.multisample.misc.multi_renderpass.r8g8b8a8_unorm_r16g16b16a16_sfloat_r32g32b32a32_uint_d24_unorm_s8_uint.random_114	NotSupported	VK_FORMAT_R32G32B32A32_UINT: sample count not supported at vktPipelineMultisampledRenderToSingleSampledTests.cpp:1023
dEQP-VK.pipeline.monolithic.multisample.misc.multi_renderpass.r8g8b8a8_unorm_r16g16b16a16_sfloat_r32g32b32a32_uint_d24_unorm_s8_uint.random_130	Pass	Pass
dEQP-VK.pipeline.monolithic.multisample.misc.multi_renderpass.r8g8b8a8_unorm_r16g16b16a16_sfloat_r32g32b32a32_uint_d24_unorm_s8_uint.random_142	NotSupported	VK_FORMAT_R8G8B8A8_UNORM: sample count not supported at vktPipelineMultisampledRenderToSingleSampledTests.cpp:1023
dEQP-VK.pipeline.monolithic.multisample.misc.multi_renderpass.r8g8b8a8_unorm_r16g16b16a16_sfloat_r32g32b32a32_uint_d24_unorm_s8_uint.random_158	Pass	Pass
dEQP-VK.pipeline.monolithic.multisample.misc.multi_renderpass.r8g8b8a8_unorm_r16g16b16a16_sfloat_r32g32b32a32_uint_d24_unorm_s8_uint.random_174	Pass	Pass
dEQP-VK.pipeline.monolithic.multisample.misc.multi_renderpass.r8g8b8a8_unorm_r16g16b16a16_sfloat_r32g32b32a32_uint_d24_unorm_s8_uint.random_186	Pass	Pass
dEQP-VK.pipeline.monolithic.multisample.misc.multi_renderpass.r8g8b8a8_unorm_r16g16b16a16_sfloat_r32g32b32a32_uint_d24_unorm_s8_uint.random_2	Pass	Pass
dEQP-VK.pipeline.monolithic.multisample.misc.multi_renderpass.r8g8b8a8_unorm_r16g16b16a16_sfloat_r32g32b32a32_uint_d24_unorm_s8_uint.random_214	Pass	Pass
dEQP-VK.pipeline.monolithic.multisample.misc.multi_renderpass.r8g8b8a8_unorm_r16g16b16a16_sfloat_r32g32b32a32_uint_d24_unorm_s8_uint.random_226	Pass	Pass
dEQP-VK.pipeline.monolithic.multisample.misc.multi_renderpass.r8g8b8a8_unorm_r16g16b16a16_sfloat_r32g32b32a32_uint_d24_unorm_s8_uint.random_242	NotSupported	VK_FORMAT_R32G32B32A32_UINT: sample count not supported at vktPipelineMultisampledRenderToSingleSampledTests.cpp:1023
dEQP-VK.pipeline.monolithic.multisample.misc.multi_renderpass.r8g8b8a8_unorm_r16g16b16a16_sfloat_r32g32b32a32_uint_d24_unorm_s8_uint.random_34	NotSupported	VK_FORMAT_R32G32B32A32_UINT: sample count not supported at vktPipelineMultisampledRenderToSingleSampledTests.cpp:1023
dEQP-VK.pipeline.monolithic.multisample.misc.multi_renderpass.r8g8b8a8_unorm_r16g16b16a16_sfloat_r32g32b32a32_uint_d24_unorm_s8_uint.random_50	NotSupported	VK_FORMAT_R8G8B8A8_UNORM: sample count not supported at vktPipelineMultisampledRenderToSingleSampledTests.cpp:1023
dEQP-VK.pipeline.monolithic.multisample.misc.multi_renderpass.r8g8b8a8_unorm_r16g16b16a16_sfloat_r32g32b32a32_uint_d24_unorm_s8_uint.random_62	Pass	Pass
dEQP-VK.pipeline.monolithic.multisample.misc.multi_renderpass.r8g8b8a8_unorm_r16g16b16a16_sfloat_r32g32b32a32_uint_d24_unorm_s8_uint.random_78	Pass	Pass
dEQP-VK.pipeline.monolithic.multisample.misc.multi_renderpass.r8g8b8a8_unorm_r16g16b16a16_sfloat_r32g32b32a32_uint_d24_unorm_s8_uint.random_94	Pass	Pass
dEQP-VK.pipeline.monolithic.multisample.misc.multi_subpass.r8g8b8a8_unorm_r16g16b16a16_sfloat_r16g16b16a16_sint_d32_sfloat_s8_uint.random_11	NotSupported	framebufferColorSampleCounts: sample count not supported at vktPipelineMultisampledRenderToSingleSampledTests.cpp:990
dEQP-VK.pipeline.monolithic.multisample.misc.multi_subpass.r8g8b8a8_unorm_r16g16b16a16_sfloat_r16g16b16a16_sint_d32_sfloat_s8_uint.random_123	Pass	Pass
dEQP-VK.pipeline.monolithic.multisample.misc.multi_subpass.r8g8b8a8_unorm_r16g16b16a16_sfloat_r16g16b16a16_sint_d32_sfloat_s8_uint.random_139	Pass	Pass
dEQP-VK.pipeline.monolithic.multisample.misc.multi_subpass.r8g8b8a8_unorm_r16g16b16a16_sfloat_r16g16b16a16_sint_d32_sfloat_s8_uint.random_151	Pass	Pass
dEQP-VK.pipeline.monolithic.multisample.misc.multi_subpass.r8g8b8a8_unorm_r16g16b16a16_sfloat_r16g16b16a16_sint_d32_sfloat_s8_uint.random_167	Pass	Pass
dEQP-VK.pipeline.monolithic.multisample.misc.multi_subpass.r8g8b8a8_unorm_r16g16b16a16_sfloat_r16g16b16a16_sint_d32_sfloat_s8_uint.random_183	Pass	Pass
dEQP-VK.pipeline.monolithic.multisample.misc.multi_subpass.r8g8b8a8_unorm_r16g16b16a16_sfloat_r16g16b16a16_sint_d32_sfloat_s8_uint.random_195	NotSupported	VK_FORMAT_R8G8B8A8_UNORM: sample count not supported at vktPipelineMultisampledRenderToSingleSampledTests.cpp:1023
dEQP-VK.pipeline.monolithic.multisample.misc.multi_subpass.r8g8b8a8_unorm_r16g16b16a16_sfloat_r16g16b16a16_sint_d32_sfloat_s8_uint.random_211	Pass	Pass
dEQP-VK.pipeline.monolithic.multisample.misc.multi_subpass.r8g8b8a8_unorm_r16g16b16a16_sfloat_r16g16b16a16_sint_d32_sfloat_s8_uint.random_227	Pass	Pass
dEQP-VK.pipeline.monolithic.multisample.misc.multi_subpass.r8g8b8a8_unorm_r16g16b16a16_sfloat_r16g16b16a16_sint_d32_sfloat_s8_uint.random_239	NotSupported	framebufferColorSampleCounts: sample count not supported at vktPipelineMultisampledRenderToSingleSampledTests.cpp:990
dEQP-VK.pipeline.monolithic.multisample.misc.multi_subpass.r8g8b8a8_unorm_r16g16b16a16_sfloat_r16g16b16a16_sint_d32_sfloat_s8_uint.random_3	NotSupported	framebufferColorSampleCounts: sample count not supported at vktPipelineMultisampledRenderToSingleSampledTests.cpp:990
dEQP-VK.pipeline.monolithic.multisample.misc.multi_subpass.r8g8b8a8_unorm_r16g16b16a16_sfloat_r16g16b16a16_sint_d32_sfloat_s8_uint.random_43	NotSupported	VK_FORMAT_R8G8B8A8_UNORM: sample count not supported at vktPipelineMultisampledRenderToSingleSampledTests.cpp:1023
dEQP-VK.pipeline.monolithic.multisample.misc.multi_subpass.r8g8b8a8_unorm_r16g16b16a16_sfloat_r16g16b16a16_sint_d32_sfloat_s8_uint.random_59	Pass	Pass
dEQP-VK.pipeline.monolithic.multisample.misc.multi_subpass.r8g8b8a8_unorm_r16g16b16a16_sfloat_r16g16b16a16_sint_d32_sfloat_s8_uint.random_71	NotSupported	framebufferColorSampleCounts: sample count not supported at vktPipelineMultisampledRenderToSingleSampledTests.cpp:990
dEQP-VK.pipeline.monolithic.multisample.misc.multi_subpass.r8g8b8a8_unorm_r16g16b16a16_sfloat_r16g16b16a16_sint_d32_sfloat_s8_uint.random_87	Pass	Pass
dEQP-VK.pipeline.monolithic.multisample.misc.multi_subpass.r8g8b8a8_unorm_r16g16b16a16_sfloat_r16g16b16a16_sint_s8_uint.random_1	Pass	Pass
dEQP-VK.pipeline.monolithic.multisample.misc.multi_subpass.r8g8b8a8_unorm_r16g16b16a16_sfloat_r16g16b16a16_sint_s8_uint.random_113	NotSupported	VK_FORMAT_R8G8B8A8_UNORM: sample count not supported at vktPipelineMultisampledRenderToSingleSampledTests.cpp:1023
dEQP-VK.pipeline.monolithic.multisample.misc.multi_subpass.r8g8b8a8_unorm_r16g16b16a16_sfloat_r16g16b16a16_sint_s8_uint.random_129	NotSupported	framebufferColorSampleCounts: sample count not supported at vktPipelineMultisampledRenderToSingleSampledTests.cpp:990
dEQP-VK.pipeline.monolithic.multisample.misc.multi_subpass.r8g8b8a8_unorm_r16g16b16a16_sfloat_r16g16b16a16_sint_s8_uint.random_141	Pass	Pass
dEQP-VK.pipeline.monolithic.multisample.misc.multi_subpass.r8g8b8a8_unorm_r16g16b16a16_sfloat_r16g16b16a16_sint_s8_uint.random_157	Pass	Pass
dEQP-VK.pipeline.monolithic.multisample.misc.multi_subpass.r8g8b8a8_unorm_r16g16b16a16_sfloat_r16g16b16a16_sint_s8_uint.random_17	Pass	Pass
dEQP-VK.pipeline.monolithic.multisample.misc.multi_subpass.r8g8b8a8_unorm_r16g16b16a16_sfloat_r16g16b16a16_sint_s8_uint.random_185	Pass	Pass
dEQP-VK.pipeline.monolithic.multisample.misc.multi_subpass.r8g8b8a8_unorm_r16g16b16a16_sfloat_r16g16b16a16_sint_s8_uint.random_201	Pass	Pass
dEQP-VK.pipeline.monolithic.multisample.misc.multi_subpass.r8g8b8a8_unorm_r16g16b16a16_sfloat_r16g16b16a16_sint_s8_uint.random_213	Pass	Pass
dEQP-VK.pipeline.monolithic.multisample.misc.multi_subpass.r8g8b8a8_unorm_r16g16b16a16_sfloat_r16g16b16a16_sint_s8_uint.random_229	Pass	Pass
dEQP-VK.pipeline.monolithic.multisample.misc.multi_subpass.r8g8b8a8_unorm_r16g16b16a16_sfloat_r16g16b16a16_sint_s8_uint.random_245	NotSupported	VK_FORMAT_R8G8B8A8_UNORM: sample count not supported at vktPipelineMultisampledRenderToSingleSampledTests.cpp:1023
dEQP-VK.pipeline.monolithic.multisample.misc.multi_subpass.r8g8b8a8_unorm_r16g16b16a16_sfloat_r16g16b16a16_sint_s8_uint.random_33	Pass	Pass
dEQP-VK.pipeline.monolithic.multisample.misc.multi_subpass.r8g8b8a8_unorm_r16g16b16a16_sfloat_r16g16b16a16_sint_s8_uint.random_49	Pass	Pass
dEQP-VK.pipeline.monolithic.multisample.misc.multi_subpass.r8g8b8a8_unorm_r16g16b16a16_sfloat_r16g16b16a16_sint_s8_uint.random_61	Pass	Pass
dEQP-VK.pipeline.monolithic.multisample.misc.multi_subpass.r8g8b8a8_unorm_r16g16b16a16_sfloat_r16g16b16a16_sint_s8_uint.random_77	Pass	Pass
dEQP-VK.pipeline.monolithic.multisample.misc.multi_subpass.r8g8b8a8_unorm_r16g16b16a16_sfloat_r16g16b16a16_sint_s8_uint.random_9	NotSupported	framebufferColorSampleCounts: sample count not supported at vktPipelineMultisampledRenderToSingleSampledTests.cpp:990
dEQP-VK.pipeline.monolithic.multisample.misc.multi_subpass.r8g8b8a8_unorm_r16g16b16a16_sfloat_r32g32b32a32_uint_d16_unorm.random_100	Pass	Pass
dEQP-VK.pipeline.monolithic.multisample.misc.multi_subpass.r8g8b8a8_unorm_r16g16b16a16_sfloat_r32g32b32a32_uint_d16_unorm.random_116	NotSupported	VK_FORMAT_R32G32B32A32_UINT: sample count not supported at vktPipelineMultisampledRenderToSingleSampledTests.cpp:1023
dEQP-VK.pipeline.monolithic.multisample.misc.multi_subpass.r8g8b8a8_unorm_r16g16b16a16_sfloat_r32g32b32a32_uint_d16_unorm.random_128	Pass	Pass
dEQP-VK.pipeline.monolithic.multisample.misc.multi_subpass.r8g8b8a8_unorm_r16g16b16a16_sfloat_r32g32b32a32_uint_d16_unorm.random_144	NotSupported	VK_FORMAT_R8G8B8A8_UNORM: sample count not supported at vktPipelineMultisampledRenderToSingleSampledTests.cpp:1023
dEQP-VK.pipeline.monolithic.multisample.misc.multi_subpass.r8g8b8a8_unorm_r16g16b16a16_sfloat_r32g32b32a32_uint_d16_unorm.random_16	NotSupported	VK_FORMAT_R8G8B8A8_UNORM: sample count not supported at vktPipelineMultisampledRenderToSingleSampledTests.cpp:1023
dEQP-VK.pipeline.monolithic.multisample.misc.multi_subpass.r8g8b8a8_unorm_r16g16b16a16_sfloat_r32g32b32a32_uint_d16_unorm.random_172	NotSupported	VK_FORMAT_R32G32B32A32_UINT: sample count not supported at vktPipelineMultisampledRenderToSingleSampledTests.cpp:1023
dEQP-VK.pipeline.monolithic.multisample.misc.multi_subpass.r8g8b8a8_unorm_r16g16b16a16_sfloat_r32g32b32a32_uint_d16_unorm.random_188	Pass	Pass
dEQP-VK.pipeline.monolithic.multisample.misc.multi_subpass.r8g8b8a8_unorm_r16g16b16a16_sfloat_r32g32b32a32_uint_d16_unorm.random_200	NotSupported	VK_FORMAT_R32G32B32A32_UINT: sample count not supported at vktPipelineMultisampledRenderToSingleSampledTests.cpp:1023
dEQP-VK.pipeline.monolithic.multisample.misc.multi_subpass.r8g8b8a8_unorm_r16g16b16a16_sfloat_r32g32b32a32_uint_d16_unorm.random_216	Pass	Pass
dEQP-VK.pipeline.monolithic.multisample.misc.multi_subpass.r8g8b8a8_unorm_r16g16b16a16_sfloat_r32g32b32a32_uint_d16_unorm.random_232	Pass	Pass
dEQP-VK.pipeline.monolithic.multisample.misc.multi_subpass.r8g8b8a8_unorm_r16g16b16a16_sfloat_r32g32b32a32_uint_d16_unorm.random_244	Pass	Pass
dEQP-VK.pipeline.monolithic.multisample.misc.multi_subpass.r8g8b8a8_unorm_r16g16b16a16_sfloat_r32g32b32a32_uint_d16_unorm.random_36	Pass	Pass
dEQP-VK.pipeline.monolithic.multisample.misc.multi_subpass.r8g8b8a8_unorm_r16g16b16a16_sfloat_r32g32b32a32_uint_d16_unorm.random_48	Pass	Pass
dEQP-VK.pipeline.monolithic.multisample.misc.multi_subpass.r8g8b8a8_unorm_r16g16b16a16_sfloat_r32g32b32a32_uint_d16_unorm.random_64	Pass	Pass
dEQP-VK.pipeline.monolithic.multisample.misc.multi_subpass.r8g8b8a8_unorm_r16g16b16a16_sfloat_r32g32b32a32_uint_d16_unorm.random_8	Pass	Pass
dEQP-VK.pipeline.monolithic.multisample.misc.multi_subpass.r8g8b8a8_unorm_r16g16b16a16_sfloat_r32g32b32a32_uint_d16_unorm.random_80	NotSupported	VK_FORMAT_R8G8B8A8_UNORM: sample count not supported at vktPipelineMultisampledRenderToSingleSampledTests.cpp:1023
dEQP-VK.pipeline.monolithic.multisample.misc.multi_subpass.r8g8b8a8_unorm_r16g16b16a16_sfloat_r32g32b32a32_uint_d16_unorm.random_96	NotSupported	VK_FORMAT_R8G8B8A8_UNORM: sample count not supported at vktPipelineMultisampledRenderToSingleSampledTests.cpp:1023
dEQP-VK.pipeline.monolithic.multisample.misc.multi_subpass.r8g8b8a8_unorm_r16g16b16a16_sfloat_r32g32b32a32_uint_d24_unorm_s8_uint.random_110	Pass	Pass
dEQP-VK.pipeline.monolithic.multisample.misc.multi_subpass.r8g8b8a8_unorm_r16g16b16a16_sfloat_r32g32b32a32_uint_d24_unorm_s8_uint.random_126	Pass	Pass
dEQP-VK.pipeline.monolithic.multisample.misc.multi_subpass.r8g8b8a8_unorm_r16g16b16a16_sfloat_r32g32b32a32_uint_d24_unorm_s8_uint.random_14	NotSupported	VK_FORMAT_R32G32B32A32_UINT: sample count not supported at vktPipelineMultisampledRenderToSingleSampledTests.cpp:1023
dEQP-VK.pipeline.monolithic.multisample.misc.multi_subpass.r8g8b8a8_unorm_r16g16b16a16_sfloat_r32g32b32a32_uint_d24_unorm_s8_uint.random_154	NotSupported	VK_FORMAT_R8G8B8A8_UNORM: sample count not supported at vktPipelineMultisampledRenderToSingleSampledTests.cpp:1023
dEQP-VK.pipeline.monolithic.multisample.misc.multi_subpass.r8g8b8a8_unorm_r16g16b16a16_sfloat_r32g32b32a32_uint_d24_unorm_s8_uint.random_170	NotSupported	VK_FORMAT_R8G8B8A8_UNORM: sample count not supported at vktPipelineMultisampledRenderToSingleSampledTests.cpp:1023
dEQP-VK.pipeline.monolithic.multisample.misc.multi_subpass.r8g8b8a8_unorm_r16g16b16a16_sfloat_r32g32b32a32_uint_d24_unorm_s8_uint.random_182	Pass	Pass
dEQP-VK.pipeline.monolithic.multisample.misc.multi_subpass.r8g8b8a8_unorm_r16g16b16a16_sfloat_r32g32b32a32_uint_d24_unorm_s8_uint.random_198	Pass	Pass
dEQP-VK.pipeline.monolithic.multisample.misc.multi_subpass.r8g8b8a8_unorm_r16g16b16a16_sfloat_r32g32b32a32_uint_d24_unorm_s8_uint.random_210	NotSupported	VK_FORMAT_R8G8B8A8_UNORM: sample count not supported at vktPipelineMultisampledRenderToSingleSampledTests.cpp:1023
dEQP-VK.pipeline.monolithic.multisample.misc.multi_subpass.r8g8b8a8_unorm_r16g16b16a16_sfloat_r32g32b32a32_uint_d24_unorm_s8_uint.random_222	NotSupported	VK_FORMAT_R32G32B32A32_UINT: sample count not supported at vktPipelineMultisampledRenderToSingleSampledTests.cpp:1023
dEQP-VK.pipeline.monolithic.multisample.misc.multi_subpass.r8g8b8a8_unorm_r16g16b16a16_sfloat_r32g32b32a32_uint_d24_unorm_s8_uint.random_238	Pass	Pass
dEQP-VK.pipeline.monolithic.multisample.misc.multi_subpass.r8g8b8a8_unorm_r16g16b16a16_sfloat_r32g32b32a32_uint_d24_unorm_s8_uint.random_30	Pass	Pass
dEQP-VK.pipeline.monolithic.multisample.misc.multi_subpass.r8g8b8a8_unorm_r16g16b16a16_sfloat_r32g32b32a32_uint_d24_unorm_s8_uint.random_46	Pass	Pass
dEQP-VK.pipeline.monolithic.multisample.misc.multi_subpass.r8g8b8a8_unorm_r16g16b16a16_sfloat_r32g32b32a32_uint_d24_unorm_s8_uint.random_6	Pass	Pass
dEQP-VK.pipeline.monolithic.multisample.misc.multi_subpass.r8g8b8a8_unorm_r16g16b16a16_sfloat_r32g32b32a32_uint_d24_unorm_s8_uint.random_74	Pass	Pass
dEQP-VK.pipeline.monolithic.multisample.misc.multi_subpass.r8g8b8a8_unorm_r16g16b16a16_sfloat_r32g32b32a32_uint_d24_unorm_s8_uint.random_90	NotSupported	VK_FORMAT_R32G32B32A32_UINT: sample count not supported at vktPipelineMultisampledRenderToSingleSampledTests.cpp:1023
dEQP-VK.pipeline.monolithic.multisample.resolve.renderpass_renderarea.diamond_samples_2	NotSupported	Format does not support this number of samples at vktPipelineMultisampleResolveRenderAreaTests.cpp:519
dEQP-VK.pipeline.monolithic.multisample.resolve.renderpass_renderarea.parallelogram_samples_4	Pass	Success
dEQP-VK.pipeline.monolithic.multisample.resolve.renderpass_renderarea.rectangle_samples_8	Pass	Success
dEQP-VK.pipeline.monolithic.multisample.sample_mask.mask_all_off.samples_16.primitive_line	NotSupported	Unsupported number of rasterization samples at vktPipelineMultisampleTests.cpp:884
dEQP-VK.pipeline.monolithic.multisample.sample_mask.mask_all_off.samples_16.primitive_point_1px_sparse	NotSupported	Unsupported number of rasterization samples at vktPipelineMultisampleTests.cpp:884
dEQP-VK.pipeline.monolithic.multisample.sample_mask.mask_all_off.samples_2.primitive_line	NotSupported	Unsupported number of rasterization samples at vktPipelineMultisampleTests.cpp:884
dEQP-VK.pipeline.monolithic.multisample.sample_mask.mask_all_off.samples_2.primitive_point_1px_sparse	NotSupported	Unsupported number of rasterization samples at vktPipelineMultisampleTests.cpp:884
dEQP-VK.pipeline.monolithic.multisample.sample_mask.mask_all_off.samples_32.primitive_line	NotSupported	Unsupported number of rasterization samples at vktPipelineMultisampleTests.cpp:884
dEQP-VK.pipeline.monolithic.multisample.sample_mask.mask_all_off.samples_32.primitive_point_1px_sparse	NotSupported	Unsupported number of rasterization samples at vktPipelineMultisampleTests.cpp:884
dEQP-VK.pipeline.monolithic.multisample.sample_mask.mask_all_off.samples_4.primitive_line	Pass	Unique colors within expected bounds
dEQP-VK.pipeline.monolithic.multisample.sample_mask.mask_all_off.samples_4.primitive_point_1px_sparse	NotSupported	Unsupported number of rasterization samples at vktPipelineMultisampleTests.cpp:884
dEQP-VK.pipeline.monolithic.multisample.sample_mask.mask_all_off.samples_64.primitive_line	NotSupported	Unsupported number of rasterization samples at vktPipelineMultisampleTests.cpp:884
dEQP-VK.pipeline.monolithic.multisample.sample_mask.mask_all_off.samples_64.primitive_point_1px_sparse	NotSupported	Unsupported number of rasterization samples at vktPipelineMultisampleTests.cpp:884
dEQP-VK.pipeline.monolithic.multisample.sample_mask.mask_all_off.samples_8.primitive_point	Pass	Unique colors within expected bounds
dEQP-VK.pipeline.monolithic.multisample.sample_mask.mask_all_off.samples_8.primitive_point_sparse	NotSupported	Unsupported number of rasterization samples at vktPipelineMultisampleTests.cpp:884
dEQP-VK.pipeline.monolithic.multisample.sample_mask.mask_all_on.samples_16.primitive_line	NotSupported	Unsupported number of rasterization samples at vktPipelineMultisampleTests.cpp:884
dEQP-VK.pipeline.monolithic.multisample.sample_mask.mask_all_on.samples_16.primitive_point_1px_sparse	NotSupported	Unsupported number of rasterization samples at vktPipelineMultisampleTests.cpp:884
dEQP-VK.pipeline.monolithic.multisample.sample_mask.mask_all_on.samples_2.primitive_line	NotSupported	Unsupported number of rasterization samples at vktPipelineMultisampleTests.cpp:884
dEQP-VK.pipeline.monolithic.multisample.sample_mask.mask_all_on.samples_2.primitive_point_1px_sparse	NotSupported	Unsupported number of rasterization samples at vktPipelineMultisampleTests.cpp:884
dEQP-VK.pipeline.monolithic.multisample.sample_mask.mask_all_on.samples_32.primitive_line	NotSupported	Unsupported number of rasterization samples at vktPipelineMultisampleTests.cpp:884
dEQP-VK.pipeline.monolithic.multisample.sample_mask.mask_all_on.samples_32.primitive_point_1px_sparse	NotSupported	Unsupported number of rasterization samples at vktPipelineMultisampleTests.cpp:884
dEQP-VK.pipeline.monolithic.multisample.sample_mask.mask_all_on.samples_4.primitive_line	Pass	Unique colors within expected bounds
dEQP-VK.pipeline.monolithic.multisample.sample_mask.mask_all_on.samples_4.primitive_point_1px_sparse	NotSupported	Unsupported number of rasterization samples at vktPipelineMultisampleTests.cpp:884
dEQP-VK.pipeline.monolithic.multisample.sample_mask.mask_all_on.samples_64.primitive_line	NotSupported	Unsupported number of rasterization samples at vktPipelineMultisampleTests.cpp:884
dEQP-VK.pipeline.monolithic.multisample.sample_mask.mask_all_on.samples_64.primitive_point_1px_sparse	NotSupported	Unsupported number of rasterization samples at vktPipelineMultisampleTests.cpp:884
dEQP-VK.pipeline.monolithic.multisample.sample_mask.mask_all_on.samples_8.primitive_line	Pass	Unique colors within expected bounds
dEQP-VK.pipeline.monolithic.multisample.sample_mask.mask_all_on.samples_8.primitive_point_1px	Pass	Unique colors within expected bounds
dEQP-VK.pipeline.monolithic.multisample.sample_mask.mask_all_on.samples_8.primitive_triangle	Pass	Unique colors within expected bounds
dEQP-VK.pipeline.monolithic.multisample.sample_mask.mask_one.samples_16.primitive_line	NotSupported	Unsupported number of rasterization samples at vktPipelineMultisampleTests.cpp:884
dEQP-VK.pipeline.monolithic.multisample.sample_mask.mask_one.samples_16.primitive_point_1px_sparse	NotSupported	Unsupported number of rasterization samples at vktPipelineMultisampleTests.cpp:884
dEQP-VK.pipeline.monolithic.multisample.sample_mask.mask_one.samples_2.primitive_line	NotSupported	Unsupported number of rasterization samples at vktPipelineMultisampleTests.cpp:884
dEQP-VK.pipeline.monolithic.multisample.sample_mask.mask_one.samples_2.primitive_point_1px_sparse	NotSupported	Unsupported number of rasterization samples at vktPipelineMultisampleTests.cpp:884
dEQP-VK.pipeline.monolithic.multisample.sample_mask.mask_one.samples_32.primitive_line	NotSupported	Unsupported number of rasterization samples at vktPipelineMultisampleTests.cpp:884
dEQP-VK.pipeline.monolithic.multisample.sample_mask.mask_one.samples_32.primitive_point_1px_sparse	NotSupported	Unsupported number of rasterization samples at vktPipelineMultisampleTests.cpp:884
dEQP-VK.pipeline.monolithic.multisample.sample_mask.mask_one.samples_4.primitive_line	Pass	Unique colors within expected bounds
dEQP-VK.pipeline.monolithic.multisample.sample_mask.mask_one.samples_4.primitive_point_1px_sparse	NotSupported	Unsupported number of rasterization samples at vktPipelineMultisampleTests.cpp:884
dEQP-VK.pipeline.monolithic.multisample.sample_mask.mask_one.samples_64.primitive_line	NotSupported	Unsupported number of rasterization samples at vktPipelineMultisampleTests.cpp:884
dEQP-VK.pipeline.monolithic.multisample.sample_mask.mask_one.samples_64.primitive_point_1px_sparse	NotSupported	Unsupported number of rasterization samples at vktPipelineMultisampleTests.cpp:884
dEQP-VK.pipeline.monolithic.multisample.sample_mask.mask_one.samples_8.primitive_line_sparse	NotSupported	Unsupported number of rasterization samples at vktPipelineMultisampleTests.cpp:884
dEQP-VK.pipeline.monolithic.multisample.sample_mask.mask_one.samples_8.primitive_point_1px_sparse	NotSupported	Unsupported number of rasterization samples at vktPipelineMultisampleTests.cpp:884
dEQP-VK.pipeline.monolithic.multisample.sample_mask.mask_one.samples_8.primitive_triangle_sparse	NotSupported	Unsupported number of rasterization samples at vktPipelineMultisampleTests.cpp:884
dEQP-VK.pipeline.monolithic.multisample.sample_mask.mask_random.samples_16.primitive_line	NotSupported	Unsupported number of rasterization samples at vktPipelineMultisampleTests.cpp:884
dEQP-VK.pipeline.monolithic.multisample.sample_mask.mask_random.samples_16.primitive_point_1px_sparse	NotSupported	Unsupported number of rasterization samples at vktPipelineMultisampleTests.cpp:884
dEQP-VK.pipeline.monolithic.multisample.sample_mask.mask_random.samples_2.primitive_line	NotSupported	Unsupported number of rasterization samples at vktPipelineMultisampleTests.cpp:884
dEQP-VK.pipeline.monolithic.multisample.sample_mask.mask_random.samples_2.primitive_point_1px_sparse	NotSupported	Unsupported number of rasterization samples at vktPipelineMultisampleTests.cpp:884
dEQP-VK.pipeline.monolithic.multisample.sample_mask.mask_random.samples_32.primitive_line	NotSupported	Unsupported number of rasterization samples at vktPipelineMultisampleTests.cpp:884
dEQP-VK.pipeline.monolithic.multisample.sample_mask.mask_random.samples_32.primitive_point_1px_sparse	NotSupported	Unsupported number of rasterization samples at vktPipelineMultisampleTests.cpp:884
dEQP-VK.pipeline.monolithic.multisample.sample_mask.mask_random.samples_4.primitive_line	Pass	Unique colors within expected bounds
dEQP-VK.pipeline.monolithic.multisample.sample_mask.mask_random.samples_4.primitive_point_1px_sparse	NotSupported	Unsupported number of rasterization samples at vktPipelineMultisampleTests.cpp:884
dEQP-VK.pipeline.monolithic.multisample.sample_mask.mask_random.samples_64.primitive_line	NotSupported	Unsupported number of rasterization samples at vktPipelineMultisampleTests.cpp:884
dEQP-VK.pipeline.monolithic.multisample.sample_mask.mask_random.samples_64.primitive_point_1px_sparse	NotSupported	Unsupported number of rasterization samples at vktPipelineMultisampleTests.cpp:884
dEQP-VK.pipeline.monolithic.multisample.sample_mask.mask_random.samples_8.primitive_point	Pass	Unique colors within expected bounds
dEQP-VK.pipeline.monolithic.multisample.sample_mask.mask_random.samples_8.primitive_point_sparse	NotSupported	Unsupported number of rasterization samples at vktPipelineMultisampleTests.cpp:884
dEQP-VK.pipeline.monolithic.multisample.sample_mask_with_depth_test.samples_16	NotSupported	VK_EXT_post_depth_coverage is not supported at vktTestCase.cpp:1394
dEQP-VK.pipeline.monolithic.multisample.sample_mask_with_depth_test.samples_4	NotSupported	VK_EXT_post_depth_coverage is not supported at vktTestCase.cpp:1394
dEQP-VK.pipeline.monolithic.multisample.sample_mask_with_depth_test.samples_8	NotSupported	VK_EXT_post_depth_coverage is not supported at vktTestCase.cpp:1394
dEQP-VK.pipeline.monolithic.multisample.sampled_image.64x64_1.r16g16_sint.samples_32	NotSupported	Requested sample count is not supported at vktPipelineMultisampleImageTests.cpp:610
dEQP-VK.pipeline.monolithic.multisample.sampled_image.64x64_1.r32_uint.samples_2	NotSupported	Requested sample count is not supported at vktPipelineMultisampleImageTests.cpp:610
dEQP-VK.pipeline.monolithic.multisample.sampled_image.64x64_1.r32_uint.samples_8	Pass	OK
dEQP-VK.pipeline.monolithic.multisample.sampled_image.64x64_1.r32g32b32a32_sfloat.samples_16	NotSupported	Requested sample count is not supported at vktPipelineMultisampleImageTests.cpp:610
dEQP-VK.pipeline.monolithic.multisample.sampled_image.64x64_1.r32g32b32a32_sfloat.samples_64	NotSupported	Requested sample count is not supported at vktPipelineMultisampleImageTests.cpp:610
dEQP-VK.pipeline.monolithic.multisample.sampled_image.64x64_1.r8g8b8a8_unorm.samples_4	Pass	OK
dEQP-VK.pipeline.monolithic.multisample.sampled_image.64x64_4.r16g16_sint.samples_32	NotSupported	Requested sample count is not supported at vktPipelineMultisampleImageTests.cpp:610
dEQP-VK.pipeline.monolithic.multisample.sampled_image.64x64_4.r16g16_sint.samples_8	Pass	OK
dEQP-VK.pipeline.monolithic.multisample.sampled_image.64x64_4.r32_uint.samples_2	NotSupported	Requested sample count is not supported at vktPipelineMultisampleImageTests.cpp:610
dEQP-VK.pipeline.monolithic.multisample.sampled_image.64x64_4.r32g32b32a32_sfloat.samples_16	NotSupported	Requested sample count is not supported at vktPipelineMultisampleImageTests.cpp:610
dEQP-VK.pipeline.monolithic.multisample.sampled_image.64x64_4.r32g32b32a32_sfloat.samples_64	NotSupported	Requested sample count is not supported at vktPipelineMultisampleImageTests.cpp:610
dEQP-VK.pipeline.monolithic.multisample.sampled_image.64x64_4.r8g8b8a8_unorm.samples_4	Pass	OK
dEQP-VK.pipeline.monolithic.multisample.sampled_image.64x64_4.r8g8b8a8_unorm.samples_8	Pass	OK
dEQP-VK.pipeline.monolithic.multisample.sampled_image.79x31_1.r16g16_sint.samples_32	NotSupported	Requested sample count is not supported at vktPipelineMultisampleImageTests.cpp:610
dEQP-VK.pipeline.monolithic.multisample.sampled_image.79x31_1.r32_uint.samples_2	NotSupported	Requested sample count is not supported at vktPipelineMultisampleImageTests.cpp:610
dEQP-VK.pipeline.monolithic.multisample.sampled_image.79x31_1.r32g32b32a32_sfloat.samples_16	NotSupported	Requested sample count is not supported at vktPipelineMultisampleImageTests.cpp:610
dEQP-VK.pipeline.monolithic.multisample.sampled_image.79x31_1.r32g32b32a32_sfloat.samples_64	NotSupported	Requested sample count is not supported at vktPipelineMultisampleImageTests.cpp:610
dEQP-VK.pipeline.monolithic.multisample.sampled_image.79x31_1.r32g32b32a32_sfloat.samples_8	Pass	OK
dEQP-VK.pipeline.monolithic.multisample.sampled_image.79x31_1.r8g8b8a8_unorm.samples_4	Pass	OK
dEQP-VK.pipeline.monolithic.multisample.sampled_image.79x31_4.r16g16_sint.samples_32	NotSupported	Requested sample count is not supported at vktPipelineMultisampleImageTests.cpp:610
dEQP-VK.pipeline.monolithic.multisample.sampled_image.79x31_4.r32_uint.samples_2	NotSupported	Requested sample count is not supported at vktPipelineMultisampleImageTests.cpp:610
dEQP-VK.pipeline.monolithic.multisample.sampled_image.79x31_4.r32_uint.samples_8	Pass	OK
dEQP-VK.pipeline.monolithic.multisample.sampled_image.79x31_4.r32g32b32a32_sfloat.samples_16	NotSupported	Requested sample count is not supported at vktPipelineMultisampleImageTests.cpp:610
dEQP-VK.pipeline.monolithic.multisample.sampled_image.79x31_4.r32g32b32a32_sfloat.samples_64	NotSupported	Requested sample count is not supported at vktPipelineMultisampleImageTests.cpp:610
dEQP-VK.pipeline.monolithic.multisample.sampled_image.79x31_4.r8g8b8a8_unorm.samples_4	Pass	OK
dEQP-VK.pipeline.monolithic.multisample.samples_mapping_order.samples_32	NotSupported	Requested sample count is not supported at vktPipelineMultisampleImageTests.cpp:610
dEQP-VK.pipeline.monolithic.multisample.samples_mapping_order.samples_8	NotSupported	Device does not support shaderStorageImageMultisample. at vktPipelineMultisampleImageTests.cpp:2547
dEQP-VK.pipeline.monolithic.multisample.shader_fragment_mask.samples_16.image_2d.r32_uint	NotSupported	VK_AMD_shader_fragment_mask not supported at vktPipelineMultisampleShaderFragmentMaskTests.cpp:335
dEQP-VK.pipeline.monolithic.multisample.shader_fragment_mask.samples_16.image_2d_array.r8g8b8a8_unorm	NotSupported	VK_AMD_shader_fragment_mask not supported at vktPipelineMultisampleShaderFragmentMaskTests.cpp:335
dEQP-VK.pipeline.monolithic.multisample.shader_fragment_mask.samples_2.image_2d.r32_sint	NotSupported	VK_AMD_shader_fragment_mask not supported at vktPipelineMultisampleShaderFragmentMaskTests.cpp:335
dEQP-VK.pipeline.monolithic.multisample.shader_fragment_mask.samples_2.image_2d_array.r32_uint	NotSupported	VK_AMD_shader_fragment_mask not supported at vktPipelineMultisampleShaderFragmentMaskTests.cpp:335
dEQP-VK.pipeline.monolithic.multisample.shader_fragment_mask.samples_2.subpass_input.r8g8b8a8_unorm	NotSupported	VK_AMD_shader_fragment_mask not supported at vktPipelineMultisampleShaderFragmentMaskTests.cpp:335
dEQP-VK.pipeline.monolithic.multisample.shader_fragment_mask.samples_4.image_2d_array.r32_sint	NotSupported	VK_AMD_shader_fragment_mask not supported at vktPipelineMultisampleShaderFragmentMaskTests.cpp:335
dEQP-VK.pipeline.monolithic.multisample.shader_fragment_mask.samples_4.subpass_input.r32_uint	NotSupported	VK_AMD_shader_fragment_mask not supported at vktPipelineMultisampleShaderFragmentMaskTests.cpp:335
dEQP-VK.pipeline.monolithic.multisample.shader_fragment_mask.samples_8.image_2d.r8g8b8a8_unorm	NotSupported	VK_AMD_shader_fragment_mask not supported at vktPipelineMultisampleShaderFragmentMaskTests.cpp:335
dEQP-VK.pipeline.monolithic.multisample.shader_fragment_mask.samples_8.image_2d_array.r8g8b8a8_unorm	NotSupported	VK_AMD_shader_fragment_mask not supported at vktPipelineMultisampleShaderFragmentMaskTests.cpp:335
dEQP-VK.pipeline.monolithic.multisample.shader_fragment_mask.samples_8.subpass_input.r8g8b8a8_unorm	NotSupported	VK_AMD_shader_fragment_mask not supported at vktPipelineMultisampleShaderFragmentMaskTests.cpp:335
dEQP-VK.pipeline.monolithic.multisample.standardsampleposition.r32g32b32a32_sfloat.samples_32	NotSupported	Requested sample count is not supported at vktPipelineMultisampleImageTests.cpp:610
dEQP-VK.pipeline.monolithic.multisample.standardsampleposition.r8g8b8a8_unorm.samples_2	NotSupported	Requested sample count is not supported at vktPipelineMultisampleImageTests.cpp:610
dEQP-VK.pipeline.monolithic.multisample.std_sample_locations.draw.color.samples_1.same_subpass_clear_attachments_same_pattern	Pass	Pass
dEQP-VK.pipeline.monolithic.multisample.std_sample_locations.draw.color.samples_1.separate_renderpass_clear_attachments_same_pattern	Pass	Pass
dEQP-VK.pipeline.monolithic.multisample.std_sample_locations.draw.color.samples_1.separate_renderpass_clear_attachments_same_pattern_secondary_cmd_buf	Pass	Pass
dEQP-VK.pipeline.monolithic.multisample.std_sample_locations.draw.color.samples_1.separate_renderpass_clear_image_same_pattern_event	Pass	Pass
dEQP-VK.pipeline.monolithic.multisample.std_sample_locations.draw.color.samples_1.separate_renderpass_clear_image_same_pattern_secondary_cmd_buf_general_layout	Pass	Pass
dEQP-VK.pipeline.monolithic.multisample.std_sample_locations.draw.color.samples_1.separate_renderpass_load_op_clear_same_pattern_general_layout	Pass	Pass
dEQP-VK.pipeline.monolithic.multisample.std_sample_locations.draw.color.samples_1.separate_renderpass_load_op_clear_same_pattern_secondary_cmd_buf_general_layout_event	Pass	Pass
dEQP-VK.pipeline.monolithic.multisample.std_sample_locations.draw.color.samples_1.separate_renderpass_no_clear_same_pattern_general_layout_event	Pass	Pass
dEQP-VK.pipeline.monolithic.multisample.std_sample_locations.draw.color.samples_1.separate_subpass_clear_attachments_same_pattern	Pass	Pass
dEQP-VK.pipeline.monolithic.multisample.std_sample_locations.draw.color.samples_1.separate_subpass_no_clear_same_pattern	Pass	Pass
dEQP-VK.pipeline.monolithic.multisample.std_sample_locations.draw.color.samples_16.same_subpass_clear_attachments_same_pattern	NotSupported	framebufferColorSampleCounts: sample count not supported at vktPipelineMultisampleSampleLocationsExtTests.cpp:2074
dEQP-VK.pipeline.monolithic.multisample.std_sample_locations.draw.color.samples_16.separate_renderpass_clear_attachments_same_pattern	NotSupported	framebufferColorSampleCounts: sample count not supported at vktPipelineMultisampleSampleLocationsExtTests.cpp:2074
dEQP-VK.pipeline.monolithic.multisample.std_sample_locations.draw.color.samples_16.separate_renderpass_clear_attachments_same_pattern_secondary_cmd_buf	NotSupported	framebufferColorSampleCounts: sample count not supported at vktPipelineMultisampleSampleLocationsExtTests.cpp:2074
dEQP-VK.pipeline.monolithic.multisample.std_sample_locations.draw.color.samples_16.separate_renderpass_clear_image_same_pattern_event	NotSupported	framebufferColorSampleCounts: sample count not supported at vktPipelineMultisampleSampleLocationsExtTests.cpp:2074
dEQP-VK.pipeline.monolithic.multisample.std_sample_locations.draw.color.samples_16.separate_renderpass_clear_image_same_pattern_secondary_cmd_buf_general_layout	NotSupported	framebufferColorSampleCounts: sample count not supported at vktPipelineMultisampleSampleLocationsExtTests.cpp:2074
dEQP-VK.pipeline.monolithic.multisample.std_sample_locations.draw.color.samples_16.separate_renderpass_load_op_clear_same_pattern_general_layout	NotSupported	framebufferColorSampleCounts: sample count not supported at vktPipelineMultisampleSampleLocationsExtTests.cpp:2074
dEQP-VK.pipeline.monolithic.multisample.std_sample_locations.draw.color.samples_16.separate_renderpass_load_op_clear_same_pattern_secondary_cmd_buf_general_layout_event	NotSupported	framebufferColorSampleCounts: sample count not supported at vktPipelineMultisampleSampleLocationsExtTests.cpp:2074
dEQP-VK.pipeline.monolithic.multisample.std_sample_locations.draw.color.samples_16.separate_renderpass_no_clear_same_pattern_general_layout_event	NotSupported	framebufferColorSampleCounts: sample count not supported at vktPipelineMultisampleSampleLocationsExtTests.cpp:2074
dEQP-VK.pipeline.monolithic.multisample.std_sample_locations.draw.color.samples_16.separate_subpass_clear_attachments_same_pattern	NotSupported	framebufferColorSampleCounts: sample count not supported at vktPipelineMultisampleSampleLocationsExtTests.cpp:2074
dEQP-VK.pipeline.monolithic.multisample.std_sample_locations.draw.color.samples_16.separate_subpass_no_clear_same_pattern	NotSupported	framebufferColorSampleCounts: sample count not supported at vktPipelineMultisampleSampleLocationsExtTests.cpp:2074
dEQP-VK.pipeline.monolithic.multisample.std_sample_locations.draw.color.samples_2.same_subpass_clear_attachments_same_pattern	NotSupported	framebufferColorSampleCounts: sample count not supported at vktPipelineMultisampleSampleLocationsExtTests.cpp:2074
dEQP-VK.pipeline.monolithic.multisample.std_sample_locations.draw.color.samples_2.separate_renderpass_clear_attachments_same_pattern	NotSupported	framebufferColorSampleCounts: sample count not supported at vktPipelineMultisampleSampleLocationsExtTests.cpp:2074
dEQP-VK.pipeline.monolithic.multisample.std_sample_locations.draw.color.samples_2.separate_renderpass_clear_attachments_same_pattern_secondary_cmd_buf	NotSupported	framebufferColorSampleCounts: sample count not supported at vktPipelineMultisampleSampleLocationsExtTests.cpp:2074
dEQP-VK.pipeline.monolithic.multisample.std_sample_locations.draw.color.samples_2.separate_renderpass_clear_image_same_pattern_event	NotSupported	framebufferColorSampleCounts: sample count not supported at vktPipelineMultisampleSampleLocationsExtTests.cpp:2074
dEQP-VK.pipeline.monolithic.multisample.std_sample_locations.draw.color.samples_2.separate_renderpass_clear_image_same_pattern_secondary_cmd_buf_general_layout	NotSupported	framebufferColorSampleCounts: sample count not supported at vktPipelineMultisampleSampleLocationsExtTests.cpp:2074
dEQP-VK.pipeline.monolithic.multisample.std_sample_locations.draw.color.samples_2.separate_renderpass_load_op_clear_same_pattern_general_layout	NotSupported	framebufferColorSampleCounts: sample count not supported at vktPipelineMultisampleSampleLocationsExtTests.cpp:2074
dEQP-VK.pipeline.monolithic.multisample.std_sample_locations.draw.color.samples_2.separate_renderpass_load_op_clear_same_pattern_secondary_cmd_buf_general_layout_event	NotSupported	framebufferColorSampleCounts: sample count not supported at vktPipelineMultisampleSampleLocationsExtTests.cpp:2074
dEQP-VK.pipeline.monolithic.multisample.std_sample_locations.draw.color.samples_2.separate_renderpass_no_clear_same_pattern_general_layout_event	NotSupported	framebufferColorSampleCounts: sample count not supported at vktPipelineMultisampleSampleLocationsExtTests.cpp:2074
dEQP-VK.pipeline.monolithic.multisample.std_sample_locations.draw.color.samples_2.separate_subpass_clear_attachments_same_pattern	NotSupported	framebufferColorSampleCounts: sample count not supported at vktPipelineMultisampleSampleLocationsExtTests.cpp:2074
dEQP-VK.pipeline.monolithic.multisample.std_sample_locations.draw.color.samples_2.separate_subpass_no_clear_same_pattern	NotSupported	framebufferColorSampleCounts: sample count not supported at vktPipelineMultisampleSampleLocationsExtTests.cpp:2074
dEQP-VK.pipeline.monolithic.multisample.std_sample_locations.draw.color.samples_4.same_subpass_clear_attachments_same_pattern	Pass	Pass
dEQP-VK.pipeline.monolithic.multisample.std_sample_locations.draw.color.samples_4.separate_renderpass_clear_attachments_same_pattern	Pass	Pass
dEQP-VK.pipeline.monolithic.multisample.std_sample_locations.draw.color.samples_4.separate_renderpass_clear_attachments_same_pattern_secondary_cmd_buf	Pass	Pass
dEQP-VK.pipeline.monolithic.multisample.std_sample_locations.draw.color.samples_4.separate_renderpass_clear_image_same_pattern_event	Pass	Pass
dEQP-VK.pipeline.monolithic.multisample.std_sample_locations.draw.color.samples_4.separate_renderpass_clear_image_same_pattern_secondary_cmd_buf_general_layout	Pass	Pass
dEQP-VK.pipeline.monolithic.multisample.std_sample_locations.draw.color.samples_4.separate_renderpass_load_op_clear_same_pattern_general_layout	Pass	Pass
dEQP-VK.pipeline.monolithic.multisample.std_sample_locations.draw.color.samples_4.separate_renderpass_load_op_clear_same_pattern_secondary_cmd_buf_general_layout_event	Pass	Pass
dEQP-VK.pipeline.monolithic.multisample.std_sample_locations.draw.color.samples_4.separate_renderpass_no_clear_same_pattern_general_layout_event	Pass	Pass
dEQP-VK.pipeline.monolithic.multisample.std_sample_locations.draw.color.samples_4.separate_subpass_clear_attachments_same_pattern	Pass	Pass
dEQP-VK.pipeline.monolithic.multisample.std_sample_locations.draw.color.samples_4.separate_subpass_no_clear_same_pattern	Pass	Pass
dEQP-VK.pipeline.monolithic.multisample.std_sample_locations.draw.color.samples_8.same_subpass_clear_attachments_same_pattern	Pass	Pass
dEQP-VK.pipeline.monolithic.multisample.std_sample_locations.draw.color.samples_8.same_subpass_no_clear_same_pattern_secondary_cmd_buf	Pass	Pass
dEQP-VK.pipeline.monolithic.multisample.std_sample_locations.draw.color.samples_8.separate_renderpass_clear_attachments_same_pattern_general_layout	Pass	Pass
dEQP-VK.pipeline.monolithic.multisample.std_sample_locations.draw.color.samples_8.separate_renderpass_clear_attachments_same_pattern_secondary_cmd_buf_general_layout	Pass	Pass
dEQP-VK.pipeline.monolithic.multisample.std_sample_locations.draw.color.samples_8.separate_renderpass_clear_image_same_pattern_event	Pass	Pass
dEQP-VK.pipeline.monolithic.multisample.std_sample_locations.draw.color.samples_8.separate_renderpass_clear_image_same_pattern_secondary_cmd_buf	Pass	Pass
dEQP-VK.pipeline.monolithic.multisample.std_sample_locations.draw.color.samples_8.separate_renderpass_load_op_clear_same_pattern	Pass	Pass
dEQP-VK.pipeline.monolithic.multisample.std_sample_locations.draw.color.samples_8.separate_renderpass_load_op_clear_same_pattern_general_layout_event	Pass	Pass
dEQP-VK.pipeline.monolithic.multisample.std_sample_locations.draw.color.samples_8.separate_renderpass_load_op_clear_same_pattern_secondary_cmd_buf_general_layout_event	Pass	Pass
dEQP-VK.pipeline.monolithic.multisample.std_sample_locations.draw.color.samples_8.separate_renderpass_no_clear_same_pattern_general_layout	Pass	Pass
dEQP-VK.pipeline.monolithic.multisample.std_sample_locations.draw.color.samples_8.separate_renderpass_no_clear_same_pattern_secondary_cmd_buf_general_layout	Pass	Pass
dEQP-VK.pipeline.monolithic.multisample.std_sample_locations.draw.color.samples_8.separate_subpass_clear_attachments_same_pattern_general_layout	Pass	Pass
dEQP-VK.pipeline.monolithic.multisample.std_sample_locations.draw.color.samples_8.separate_subpass_no_clear_same_pattern	Pass	Pass
dEQP-VK.pipeline.monolithic.multisample.std_sample_locations.draw.color.samples_8.separate_subpass_no_clear_same_pattern_secondary_cmd_buf_general_layout	Pass	Pass
dEQP-VK.pipeline.monolithic.multisample.std_sample_locations.draw.depth.samples_1.same_subpass_clear_attachments_same_pattern	Pass	Pass
dEQP-VK.pipeline.monolithic.multisample.std_sample_locations.draw.depth.samples_1.separate_renderpass_clear_attachments_same_pattern	Pass	Pass
dEQP-VK.pipeline.monolithic.multisample.std_sample_locations.draw.depth.samples_1.separate_renderpass_clear_attachments_same_pattern_secondary_cmd_buf	Pass	Pass
dEQP-VK.pipeline.monolithic.multisample.std_sample_locations.draw.depth.samples_1.separate_renderpass_clear_image_same_pattern_event	Pass	Pass
dEQP-VK.pipeline.monolithic.multisample.std_sample_locations.draw.depth.samples_1.separate_renderpass_clear_image_same_pattern_secondary_cmd_buf_general_layout	Pass	Pass
dEQP-VK.pipeline.monolithic.multisample.std_sample_locations.draw.depth.samples_1.separate_renderpass_load_op_clear_same_pattern_general_layout	Pass	Pass
dEQP-VK.pipeline.monolithic.multisample.std_sample_locations.draw.depth.samples_1.separate_renderpass_load_op_clear_same_pattern_secondary_cmd_buf_general_layout_event	Pass	Pass
dEQP-VK.pipeline.monolithic.multisample.std_sample_locations.draw.depth.samples_1.separate_renderpass_no_clear_same_pattern_general_layout_event	Pass	Pass
dEQP-VK.pipeline.monolithic.multisample.std_sample_locations.draw.depth.samples_1.separate_subpass_clear_attachments_same_pattern	Pass	Pass
dEQP-VK.pipeline.monolithic.multisample.std_sample_locations.draw.depth.samples_1.separate_subpass_no_clear_same_pattern	Pass	Pass
dEQP-VK.pipeline.monolithic.multisample.std_sample_locations.draw.depth.samples_16.same_subpass_clear_attachments_same_pattern	NotSupported	framebufferColorSampleCounts: sample count not supported at vktPipelineMultisampleSampleLocationsExtTests.cpp:2074
dEQP-VK.pipeline.monolithic.multisample.std_sample_locations.draw.depth.samples_16.separate_renderpass_clear_attachments_same_pattern	NotSupported	framebufferColorSampleCounts: sample count not supported at vktPipelineMultisampleSampleLocationsExtTests.cpp:2074
dEQP-VK.pipeline.monolithic.multisample.std_sample_locations.draw.depth.samples_16.separate_renderpass_clear_attachments_same_pattern_secondary_cmd_buf	NotSupported	framebufferColorSampleCounts: sample count not supported at vktPipelineMultisampleSampleLocationsExtTests.cpp:2074
dEQP-VK.pipeline.monolithic.multisample.std_sample_locations.draw.depth.samples_16.separate_renderpass_clear_image_same_pattern_event	NotSupported	framebufferColorSampleCounts: sample count not supported at vktPipelineMultisampleSampleLocationsExtTests.cpp:2074
dEQP-VK.pipeline.monolithic.multisample.std_sample_locations.draw.depth.samples_16.separate_renderpass_clear_image_same_pattern_secondary_cmd_buf_general_layout	NotSupported	framebufferColorSampleCounts: sample count not supported at vktPipelineMultisampleSampleLocationsExtTests.cpp:2074
dEQP-VK.pipeline.monolithic.multisample.std_sample_locations.draw.depth.samples_16.separate_renderpass_load_op_clear_same_pattern_general_layout	NotSupported	framebufferColorSampleCounts: sample count not supported at vktPipelineMultisampleSampleLocationsExtTests.cpp:2074
dEQP-VK.pipeline.monolithic.multisample.std_sample_locations.draw.depth.samples_16.separate_renderpass_load_op_clear_same_pattern_secondary_cmd_buf_general_layout_event	NotSupported	framebufferColorSampleCounts: sample count not supported at vktPipelineMultisampleSampleLocationsExtTests.cpp:2074
dEQP-VK.pipeline.monolithic.multisample.std_sample_locations.draw.depth.samples_16.separate_renderpass_no_clear_same_pattern_general_layout_event	NotSupported	framebufferColorSampleCounts: sample count not supported at vktPipelineMultisampleSampleLocationsExtTests.cpp:2074
dEQP-VK.pipeline.monolithic.multisample.std_sample_locations.draw.depth.samples_16.separate_subpass_clear_attachments_same_pattern	NotSupported	framebufferColorSampleCounts: sample count not supported at vktPipelineMultisampleSampleLocationsExtTests.cpp:2074
dEQP-VK.pipeline.monolithic.multisample.std_sample_locations.draw.depth.samples_16.separate_subpass_no_clear_same_pattern	NotSupported	framebufferColorSampleCounts: sample count not supported at vktPipelineMultisampleSampleLocationsExtTests.cpp:2074
dEQP-VK.pipeline.monolithic.multisample.std_sample_locations.draw.depth.samples_2.same_subpass_clear_attachments_same_pattern	NotSupported	framebufferColorSampleCounts: sample count not supported at vktPipelineMultisampleSampleLocationsExtTests.cpp:2074
dEQP-VK.pipeline.monolithic.multisample.std_sample_locations.draw.depth.samples_2.separate_renderpass_clear_attachments_same_pattern	NotSupported	framebufferColorSampleCounts: sample count not supported at vktPipelineMultisampleSampleLocationsExtTests.cpp:2074
dEQP-VK.pipeline.monolithic.multisample.std_sample_locations.draw.depth.samples_2.separate_renderpass_clear_attachments_same_pattern_secondary_cmd_buf	NotSupported	framebufferColorSampleCounts: sample count not supported at vktPipelineMultisampleSampleLocationsExtTests.cpp:2074
dEQP-VK.pipeline.monolithic.multisample.std_sample_locations.draw.depth.samples_2.separate_renderpass_clear_image_same_pattern_event	NotSupported	framebufferColorSampleCounts: sample count not supported at vktPipelineMultisampleSampleLocationsExtTests.cpp:2074
dEQP-VK.pipeline.monolithic.multisample.std_sample_locations.draw.depth.samples_2.separate_renderpass_clear_image_same_pattern_secondary_cmd_buf_general_layout	NotSupported	framebufferColorSampleCounts: sample count not supported at vktPipelineMultisampleSampleLocationsExtTests.cpp:2074
dEQP-VK.pipeline.monolithic.multisample.std_sample_locations.draw.depth.samples_2.separate_renderpass_load_op_clear_same_pattern_general_layout	NotSupported	framebufferColorSampleCounts: sample count not supported at vktPipelineMultisampleSampleLocationsExtTests.cpp:2074
dEQP-VK.pipeline.monolithic.multisample.std_sample_locations.draw.depth.samples_2.separate_renderpass_load_op_clear_same_pattern_secondary_cmd_buf_general_layout_event	NotSupported	framebufferColorSampleCounts: sample count not supported at vktPipelineMultisampleSampleLocationsExtTests.cpp:2074
dEQP-VK.pipeline.monolithic.multisample.std_sample_locations.draw.depth.samples_2.separate_renderpass_no_clear_same_pattern_general_layout_event	NotSupported	framebufferColorSampleCounts: sample count not supported at vktPipelineMultisampleSampleLocationsExtTests.cpp:2074
dEQP-VK.pipeline.monolithic.multisample.std_sample_locations.draw.depth.samples_2.separate_subpass_clear_attachments_same_pattern	NotSupported	framebufferColorSampleCounts: sample count not supported at vktPipelineMultisampleSampleLocationsExtTests.cpp:2074
dEQP-VK.pipeline.monolithic.multisample.std_sample_locations.draw.depth.samples_2.separate_subpass_no_clear_same_pattern	NotSupported	framebufferColorSampleCounts: sample count not supported at vktPipelineMultisampleSampleLocationsExtTests.cpp:2074
dEQP-VK.pipeline.monolithic.multisample.std_sample_locations.draw.depth.samples_4.same_subpass_clear_attachments_same_pattern	Pass	Pass
dEQP-VK.pipeline.monolithic.multisample.std_sample_locations.draw.depth.samples_4.separate_renderpass_clear_attachments_same_pattern	Pass	Pass
dEQP-VK.pipeline.monolithic.multisample.std_sample_locations.draw.depth.samples_4.separate_renderpass_clear_attachments_same_pattern_secondary_cmd_buf	Pass	Pass
dEQP-VK.pipeline.monolithic.multisample.std_sample_locations.draw.depth.samples_4.separate_renderpass_clear_image_same_pattern_event	Pass	Pass
dEQP-VK.pipeline.monolithic.multisample.std_sample_locations.draw.depth.samples_4.separate_renderpass_clear_image_same_pattern_secondary_cmd_buf_general_layout	Pass	Pass
dEQP-VK.pipeline.monolithic.multisample.std_sample_locations.draw.depth.samples_4.separate_renderpass_load_op_clear_same_pattern_general_layout	Pass	Pass
dEQP-VK.pipeline.monolithic.multisample.std_sample_locations.draw.depth.samples_4.separate_renderpass_load_op_clear_same_pattern_secondary_cmd_buf_general_layout_event	Pass	Pass
dEQP-VK.pipeline.monolithic.multisample.std_sample_locations.draw.depth.samples_4.separate_renderpass_no_clear_same_pattern_general_layout_event	Pass	Pass
dEQP-VK.pipeline.monolithic.multisample.std_sample_locations.draw.depth.samples_4.separate_subpass_clear_attachments_same_pattern	Pass	Pass
dEQP-VK.pipeline.monolithic.multisample.std_sample_locations.draw.depth.samples_4.separate_subpass_no_clear_same_pattern	Pass	Pass
dEQP-VK.pipeline.monolithic.multisample.std_sample_locations.draw.depth.samples_8.same_subpass_no_clear_same_pattern	Pass	Pass
dEQP-VK.pipeline.monolithic.multisample.std_sample_locations.draw.depth.samples_8.separate_renderpass_clear_attachments_same_pattern_event	Pass	Pass
dEQP-VK.pipeline.monolithic.multisample.std_sample_locations.draw.depth.samples_8.separate_renderpass_clear_attachments_same_pattern_secondary_cmd_buf	Pass	Pass
dEQP-VK.pipeline.monolithic.multisample.std_sample_locations.draw.depth.samples_8.separate_renderpass_clear_image_same_pattern	Pass	Pass
dEQP-VK.pipeline.monolithic.multisample.std_sample_locations.draw.depth.samples_8.separate_renderpass_clear_image_same_pattern_general_layout_event	Pass	Pass
dEQP-VK.pipeline.monolithic.multisample.std_sample_locations.draw.depth.samples_8.separate_renderpass_clear_image_same_pattern_secondary_cmd_buf_general_layout_event	Pass	Pass
dEQP-VK.pipeline.monolithic.multisample.std_sample_locations.draw.depth.samples_8.separate_renderpass_load_op_clear_same_pattern_general_layout	Pass	Pass
dEQP-VK.pipeline.monolithic.multisample.std_sample_locations.draw.depth.samples_8.separate_renderpass_load_op_clear_same_pattern_secondary_cmd_buf_general_layout	Pass	Pass
dEQP-VK.pipeline.monolithic.multisample.std_sample_locations.draw.depth.samples_8.separate_renderpass_no_clear_same_pattern_event	Pass	Pass
dEQP-VK.pipeline.monolithic.multisample.std_sample_locations.draw.depth.samples_8.separate_renderpass_no_clear_same_pattern_secondary_cmd_buf	Pass	Pass
dEQP-VK.pipeline.monolithic.multisample.std_sample_locations.draw.depth.samples_8.separate_subpass_clear_attachments_same_pattern	Pass	Pass
dEQP-VK.pipeline.monolithic.multisample.std_sample_locations.draw.depth.samples_8.separate_subpass_clear_attachments_same_pattern_secondary_cmd_buf_general_layout	Pass	Pass
dEQP-VK.pipeline.monolithic.multisample.std_sample_locations.draw.depth.samples_8.separate_subpass_no_clear_same_pattern_secondary_cmd_buf	Pass	Pass
dEQP-VK.pipeline.monolithic.multisample.std_sample_locations.draw.stencil.samples_1.same_subpass_clear_attachments_same_pattern	Pass	Pass
dEQP-VK.pipeline.monolithic.multisample.std_sample_locations.draw.stencil.samples_1.separate_renderpass_clear_attachments_same_pattern	Pass	Pass
dEQP-VK.pipeline.monolithic.multisample.std_sample_locations.draw.stencil.samples_1.separate_renderpass_clear_attachments_same_pattern_secondary_cmd_buf	Pass	Pass
dEQP-VK.pipeline.monolithic.multisample.std_sample_locations.draw.stencil.samples_1.separate_renderpass_clear_image_same_pattern_event	Pass	Pass
dEQP-VK.pipeline.monolithic.multisample.std_sample_locations.draw.stencil.samples_1.separate_renderpass_clear_image_same_pattern_secondary_cmd_buf_general_layout	Pass	Pass
dEQP-VK.pipeline.monolithic.multisample.std_sample_locations.draw.stencil.samples_1.separate_renderpass_load_op_clear_same_pattern_general_layout	Pass	Pass
dEQP-VK.pipeline.monolithic.multisample.std_sample_locations.draw.stencil.samples_1.separate_renderpass_load_op_clear_same_pattern_secondary_cmd_buf_general_layout_event	Pass	Pass
dEQP-VK.pipeline.monolithic.multisample.std_sample_locations.draw.stencil.samples_1.separate_renderpass_no_clear_same_pattern_general_layout_event	Pass	Pass
dEQP-VK.pipeline.monolithic.multisample.std_sample_locations.draw.stencil.samples_1.separate_subpass_clear_attachments_same_pattern	Pass	Pass
dEQP-VK.pipeline.monolithic.multisample.std_sample_locations.draw.stencil.samples_1.separate_subpass_no_clear_same_pattern	Pass	Pass
dEQP-VK.pipeline.monolithic.multisample.std_sample_locations.draw.stencil.samples_16.same_subpass_clear_attachments_same_pattern	NotSupported	framebufferColorSampleCounts: sample count not supported at vktPipelineMultisampleSampleLocationsExtTests.cpp:2074
dEQP-VK.pipeline.monolithic.multisample.std_sample_locations.draw.stencil.samples_16.separate_renderpass_clear_attachments_same_pattern	NotSupported	framebufferColorSampleCounts: sample count not supported at vktPipelineMultisampleSampleLocationsExtTests.cpp:2074
dEQP-VK.pipeline.monolithic.multisample.std_sample_locations.draw.stencil.samples_16.separate_renderpass_clear_attachments_same_pattern_secondary_cmd_buf	NotSupported	framebufferColorSampleCounts: sample count not supported at vktPipelineMultisampleSampleLocationsExtTests.cpp:2074
dEQP-VK.pipeline.monolithic.multisample.std_sample_locations.draw.stencil.samples_16.separate_renderpass_clear_image_same_pattern_event	NotSupported	framebufferColorSampleCounts: sample count not supported at vktPipelineMultisampleSampleLocationsExtTests.cpp:2074
dEQP-VK.pipeline.monolithic.multisample.std_sample_locations.draw.stencil.samples_16.separate_renderpass_clear_image_same_pattern_secondary_cmd_buf_general_layout	NotSupported	framebufferColorSampleCounts: sample count not supported at vktPipelineMultisampleSampleLocationsExtTests.cpp:2074
dEQP-VK.pipeline.monolithic.multisample.std_sample_locations.draw.stencil.samples_16.separate_renderpass_load_op_clear_same_pattern_general_layout	NotSupported	framebufferColorSampleCounts: sample count not supported at vktPipelineMultisampleSampleLocationsExtTests.cpp:2074
dEQP-VK.pipeline.monolithic.multisample.std_sample_locations.draw.stencil.samples_16.separate_renderpass_load_op_clear_same_pattern_secondary_cmd_buf_general_layout_event	NotSupported	framebufferColorSampleCounts: sample count not supported at vktPipelineMultisampleSampleLocationsExtTests.cpp:2074
dEQP-VK.pipeline.monolithic.multisample.std_sample_locations.draw.stencil.samples_16.separate_renderpass_no_clear_same_pattern_general_layout_event	NotSupported	framebufferColorSampleCounts: sample count not supported at vktPipelineMultisampleSampleLocationsExtTests.cpp:2074
dEQP-VK.pipeline.monolithic.multisample.std_sample_locations.draw.stencil.samples_16.separate_subpass_clear_attachments_same_pattern	NotSupported	framebufferColorSampleCounts: sample count not supported at vktPipelineMultisampleSampleLocationsExtTests.cpp:2074
dEQP-VK.pipeline.monolithic.multisample.std_sample_locations.draw.stencil.samples_16.separate_subpass_no_clear_same_pattern	NotSupported	framebufferColorSampleCounts: sample count not supported at vktPipelineMultisampleSampleLocationsExtTests.cpp:2074
dEQP-VK.pipeline.monolithic.multisample.std_sample_locations.draw.stencil.samples_2.same_subpass_clear_attachments_same_pattern	NotSupported	framebufferColorSampleCounts: sample count not supported at vktPipelineMultisampleSampleLocationsExtTests.cpp:2074
dEQP-VK.pipeline.monolithic.multisample.std_sample_locations.draw.stencil.samples_2.separate_renderpass_clear_attachments_same_pattern	NotSupported	framebufferColorSampleCounts: sample count not supported at vktPipelineMultisampleSampleLocationsExtTests.cpp:2074
dEQP-VK.pipeline.monolithic.multisample.std_sample_locations.draw.stencil.samples_2.separate_renderpass_clear_attachments_same_pattern_secondary_cmd_buf	NotSupported	framebufferColorSampleCounts: sample count not supported at vktPipelineMultisampleSampleLocationsExtTests.cpp:2074
dEQP-VK.pipeline.monolithic.multisample.std_sample_locations.draw.stencil.samples_2.separate_renderpass_clear_image_same_pattern_event	NotSupported	framebufferColorSampleCounts: sample count not supported at vktPipelineMultisampleSampleLocationsExtTests.cpp:2074
dEQP-VK.pipeline.monolithic.multisample.std_sample_locations.draw.stencil.samples_2.separate_renderpass_clear_image_same_pattern_secondary_cmd_buf_general_layout	NotSupported	framebufferColorSampleCounts: sample count not supported at vktPipelineMultisampleSampleLocationsExtTests.cpp:2074
dEQP-VK.pipeline.monolithic.multisample.std_sample_locations.draw.stencil.samples_2.separate_renderpass_load_op_clear_same_pattern_general_layout	NotSupported	framebufferColorSampleCounts: sample count not supported at vktPipelineMultisampleSampleLocationsExtTests.cpp:2074
dEQP-VK.pipeline.monolithic.multisample.std_sample_locations.draw.stencil.samples_2.separate_renderpass_load_op_clear_same_pattern_secondary_cmd_buf_general_layout_event	NotSupported	framebufferColorSampleCounts: sample count not supported at vktPipelineMultisampleSampleLocationsExtTests.cpp:2074
dEQP-VK.pipeline.monolithic.multisample.std_sample_locations.draw.stencil.samples_2.separate_renderpass_no_clear_same_pattern_general_layout_event	NotSupported	framebufferColorSampleCounts: sample count not supported at vktPipelineMultisampleSampleLocationsExtTests.cpp:2074
dEQP-VK.pipeline.monolithic.multisample.std_sample_locations.draw.stencil.samples_2.separate_subpass_clear_attachments_same_pattern	NotSupported	framebufferColorSampleCounts: sample count not supported at vktPipelineMultisampleSampleLocationsExtTests.cpp:2074
dEQP-VK.pipeline.monolithic.multisample.std_sample_locations.draw.stencil.samples_2.separate_subpass_no_clear_same_pattern	NotSupported	framebufferColorSampleCounts: sample count not supported at vktPipelineMultisampleSampleLocationsExtTests.cpp:2074
dEQP-VK.pipeline.monolithic.multisample.std_sample_locations.draw.stencil.samples_4.same_subpass_clear_attachments_same_pattern	Pass	Pass
dEQP-VK.pipeline.monolithic.multisample.std_sample_locations.draw.stencil.samples_4.separate_renderpass_clear_attachments_same_pattern	Pass	Pass
dEQP-VK.pipeline.monolithic.multisample.std_sample_locations.draw.stencil.samples_4.separate_renderpass_clear_attachments_same_pattern_secondary_cmd_buf	Pass	Pass
dEQP-VK.pipeline.monolithic.multisample.std_sample_locations.draw.stencil.samples_4.separate_renderpass_clear_image_same_pattern_event	Pass	Pass
dEQP-VK.pipeline.monolithic.multisample.std_sample_locations.draw.stencil.samples_4.separate_renderpass_clear_image_same_pattern_secondary_cmd_buf_general_layout	Pass	Pass
dEQP-VK.pipeline.monolithic.multisample.std_sample_locations.draw.stencil.samples_4.separate_renderpass_load_op_clear_same_pattern_general_layout	Pass	Pass
dEQP-VK.pipeline.monolithic.multisample.std_sample_locations.draw.stencil.samples_4.separate_renderpass_load_op_clear_same_pattern_secondary_cmd_buf_general_layout_event	Pass	Pass
dEQP-VK.pipeline.monolithic.multisample.std_sample_locations.draw.stencil.samples_4.separate_renderpass_no_clear_same_pattern_general_layout_event	Pass	Pass
dEQP-VK.pipeline.monolithic.multisample.std_sample_locations.draw.stencil.samples_4.separate_subpass_clear_attachments_same_pattern	Pass	Pass
dEQP-VK.pipeline.monolithic.multisample.std_sample_locations.draw.stencil.samples_4.separate_subpass_no_clear_same_pattern	Pass	Pass
dEQP-VK.pipeline.monolithic.multisample.std_sample_locations.draw.stencil.samples_8.same_subpass_clear_attachments_same_pattern_secondary_cmd_buf	Pass	Pass
dEQP-VK.pipeline.monolithic.multisample.std_sample_locations.draw.stencil.samples_8.separate_renderpass_clear_attachments_same_pattern	Pass	Pass
dEQP-VK.pipeline.monolithic.multisample.std_sample_locations.draw.stencil.samples_8.separate_renderpass_clear_attachments_same_pattern_general_layout_event	Pass	Pass
dEQP-VK.pipeline.monolithic.multisample.std_sample_locations.draw.stencil.samples_8.separate_renderpass_clear_attachments_same_pattern_secondary_cmd_buf_general_layout_event	Pass	Pass
dEQP-VK.pipeline.monolithic.multisample.std_sample_locations.draw.stencil.samples_8.separate_renderpass_clear_image_same_pattern_general_layout	Pass	Pass
dEQP-VK.pipeline.monolithic.multisample.std_sample_locations.draw.stencil.samples_8.separate_renderpass_clear_image_same_pattern_secondary_cmd_buf_general_layout	Pass	Pass
dEQP-VK.pipeline.monolithic.multisample.std_sample_locations.draw.stencil.samples_8.separate_renderpass_load_op_clear_same_pattern_event	Pass	Pass
dEQP-VK.pipeline.monolithic.multisample.std_sample_locations.draw.stencil.samples_8.separate_renderpass_load_op_clear_same_pattern_secondary_cmd_buf	Pass	Pass
dEQP-VK.pipeline.monolithic.multisample.std_sample_locations.draw.stencil.samples_8.separate_renderpass_no_clear_same_pattern	Pass	Pass
dEQP-VK.pipeline.monolithic.multisample.std_sample_locations.draw.stencil.samples_8.separate_renderpass_no_clear_same_pattern_general_layout_event	Pass	Pass
dEQP-VK.pipeline.monolithic.multisample.std_sample_locations.draw.stencil.samples_8.separate_renderpass_no_clear_same_pattern_secondary_cmd_buf_general_layout_event	Pass	Pass
dEQP-VK.pipeline.monolithic.multisample.std_sample_locations.draw.stencil.samples_8.separate_subpass_clear_attachments_same_pattern_secondary_cmd_buf	Pass	Pass
dEQP-VK.pipeline.monolithic.multisample.std_sample_locations.draw.stencil.samples_8.separate_subpass_no_clear_same_pattern_general_layout	Pass	Pass
dEQP-VK.pipeline.monolithic.multisample.std_sample_locations.verify_interpolation.samples_16_invariable	NotSupported	framebufferColorSampleCounts: sample count not supported at vktPipelineMultisampleSampleLocationsExtTests.cpp:1373
dEQP-VK.pipeline.monolithic.multisample.std_sample_locations.verify_interpolation.samples_8_invariable	Pass	Pass
dEQP-VK.pipeline.monolithic.multisample.std_sample_locations.verify_location.samples_16_invariable	NotSupported	Requested core feature is not supported: geometryShader at vktTestCase.cpp:1498
